{
"type": "FeatureCollection",
"name": "parks",
"features": [
{ "type": "Feature", "properties": { "park_id": 1.0, "park_name": "佳里公園", "district": "佳里區", "village": "六安里", "heat_risk": 33.022202559870998, "heat_rank": 456.0, "comb_pct": 66.977797440128995, "tree_pct": 66.820920265325, "bldg_pct": 0.157031488391013, "med_inc_k": 528.0, "pop_0_12": 461.0, "risk_class": 1 }, "geometry": { "type": "Polygon", "coordinates": [ [ [ 120.177977, 23.16832 ], [ 120.178569, 23.168212 ], [ 120.178873, 23.169593 ], [ 120.177284, 23.169804 ], [ 120.177064, 23.168505 ], [ 120.177977, 23.16832 ] ] ] } },
{ "type": "Feature", "properties": { "park_id": 2.0, "park_name": "巴克禮紀念公園", "district": "東區", "village": "崇明里", "heat_risk": 54.700238905110702, "heat_rank": 341.0, "comb_pct": 45.299761094889298, "tree_pct": 45.136799264679297, "bldg_pct": 0.163361751991908, "med_inc_k": 664.0, "pop_0_12": 469.0, "risk_class": 2 }, "geometry": { "type": "Polygon", "coordinates": [ [ [ 120.222935, 22.97354 ], [ 120.222638, 22.973467 ], [ 120.222578, 22.973483 ], [ 120.222464, 22.973816 ], [ 120.222358, 22.973823 ], [ 120.221978, 22.97359 ], [ 120.221694, 22.973679 ], [ 120.221593, 22.973553 ], [ 120.221893, 22.972484 ], [ 120.22191, 22.970635 ], [ 120.221878, 22.969459 ], [ 120.221882, 22.969294 ], [ 120.221938, 22.968679 ], [ 120.22201, 22.968645 ], [ 120.224304, 22.968613 ], [ 120.224446, 22.968673 ], [ 120.22445, 22.968989 ], [ 120.223933, 22.968968 ], [ 120.223015, 22.968979 ], [ 120.22299, 22.96974 ], [ 120.222984, 22.970318 ], [ 120.223023, 22.970686 ], [ 120.223027, 22.971657 ], [ 120.223236, 22.971706 ], [ 120.223252, 22.972097 ], [ 120.223329, 22.97217 ], [ 120.22346, 22.972046 ], [ 120.223415, 22.971752 ], [ 120.224324, 22.971724 ], [ 120.224339, 22.97177 ], [ 120.224803, 22.971764 ], [ 120.222935, 22.97354 ] ] ] } },
{ "type": "Feature", "properties": { "park_id": 3.0, "park_name": "巴克禮紀念公園", "district": "東區", "village": "崇明里", "heat_risk": 54.700238905110702, "heat_rank": 341.0, "comb_pct": 45.299761094889298, "tree_pct": 45.136799264679297, "bldg_pct": 0.163361751991908, "med_inc_k": 664.0, "pop_0_12": 469.0, "risk_class": 2 }, "geometry": { "type": "Polygon", "coordinates": [ [ [ 120.222935, 22.97354 ], [ 120.222638, 22.973467 ], [ 120.222578, 22.973483 ], [ 120.222464, 22.973816 ], [ 120.222358, 22.973823 ], [ 120.221978, 22.97359 ], [ 120.221694, 22.973679 ], [ 120.221593, 22.973553 ], [ 120.221893, 22.972484 ], [ 120.22191, 22.970635 ], [ 120.221878, 22.969459 ], [ 120.221882, 22.969294 ], [ 120.221938, 22.968679 ], [ 120.22201, 22.968645 ], [ 120.224304, 22.968613 ], [ 120.224446, 22.968673 ], [ 120.22445, 22.968989 ], [ 120.223933, 22.968968 ], [ 120.223015, 22.968979 ], [ 120.22299, 22.96974 ], [ 120.222984, 22.970318 ], [ 120.223023, 22.970686 ], [ 120.223027, 22.971657 ], [ 120.223236, 22.971706 ], [ 120.223252, 22.972097 ], [ 120.223329, 22.97217 ], [ 120.22346, 22.972046 ], [ 120.223415, 22.971752 ], [ 120.224324, 22.971724 ], [ 120.224339, 22.97177 ], [ 120.224803, 22.971764 ], [ 120.222935, 22.97354 ] ] ] } },
{ "type": "Feature", "properties": { "park_id": 4.0, "park_name": "日新一號公園", "district": "南區", "village": "鹽埕里", "heat_risk": 45.493954919105001, "heat_rank": 401.0, "comb_pct": 54.506045080894999, "tree_pct": 54.506045080894999, "bldg_pct": 0.0, "med_inc_k": 419.0, "pop_0_12": 244.0, "risk_class": 1 }, "geometry": { "type": "Polygon", "coordinates": [ [ [ 120.188638, 22.974256 ], [ 120.187941, 22.974137 ], [ 120.188209, 22.973717 ], [ 120.188651, 22.974043 ], [ 120.188638, 22.974256 ] ] ] } },
{ "type": "Feature", "properties": { "park_id": 5.0, "park_name": "如意公園", "district": "安南區", "village": "佃西里", "heat_risk": 98.114963585098394, "heat_rank": 73.0, "comb_pct": 1.8850364149016501, "tree_pct": 1.8850364149016501, "bldg_pct": 0.0, "med_inc_k": 484.0, "pop_0_12": 285.0, "risk_class": 5 }, "geometry": { "type": "Polygon", "coordinates": [ [ [ 120.167207, 23.066966 ], [ 120.167048, 23.066447 ], [ 120.168268, 23.066595 ], [ 120.168025, 23.067044 ], [ 120.167976, 23.067089 ], [ 120.167207, 23.066966 ] ] ] } },
{ "type": "Feature", "properties": { "park_id": 6.0, "park_name": "原臺南州立農事試驗場宿舍群", "district": "東區", "village": "龍山里", "heat_risk": 62.105844070373898, "heat_rank": 296.0, "comb_pct": 37.894155929626102, "tree_pct": 37.7647290501668, "bldg_pct": 0.17041518708685599, "med_inc_k": 789.0, "pop_0_12": 536.0, "risk_class": 2 }, "geometry": { "type": "Polygon", "coordinates": [ [ [ 120.220359, 22.985192 ], [ 120.219998, 22.985362 ], [ 120.219659, 22.984833 ], [ 120.219723, 22.984796 ], [ 120.219749, 22.984835 ], [ 120.220064, 22.984664 ], [ 120.219946, 22.984482 ], [ 120.220275, 22.984274 ], [ 120.220587, 22.984675 ], [ 120.220154, 22.98489 ], [ 120.220359, 22.985192 ] ] ] } },
{ "type": "Feature", "properties": { "park_id": 7.0, "park_name": "溝南曆紀念公園", "district": "安南區", "village": "佃東里", "heat_risk": 74.849330292768897, "heat_rank": 228.0, "comb_pct": 25.150669707231099, "tree_pct": 25.150669707231099, "bldg_pct": 0.0, "med_inc_k": 453.0, "pop_0_12": 344.0, "risk_class": 3 }, "geometry": { "type": "Polygon", "coordinates": [ [ [ 120.177699, 23.063237 ], [ 120.177703, 23.062862 ], [ 120.178132, 23.062711 ], [ 120.17831, 23.063096 ], [ 120.177699, 23.063237 ] ] ] } },
{ "type": "Feature", "properties": { "park_id": 8.0, "park_name": "懷恩公園", "district": "安南區", "village": "淵東里", "heat_risk": 53.306355368961498, "heat_rank": 356.0, "comb_pct": 46.693644631038502, "tree_pct": 46.693644631038502, "bldg_pct": 0.0, "med_inc_k": 491.0, "pop_0_12": 745.0, "risk_class": 2 }, "geometry": { "type": "Polygon", "coordinates": [ [ [ 120.177541, 23.052544 ], [ 120.177706, 23.052158 ], [ 120.178346, 23.052372 ], [ 120.178369, 23.052419 ], [ 120.178097, 23.052747 ], [ 120.17804, 23.052768 ], [ 120.177541, 23.052544 ] ] ] } },
{ "type": "Feature", "properties": { "park_id": 9.0, "park_name": "十字公園", "district": "安南區", "village": "溪心里", "heat_risk": 57.1161339296413, "heat_rank": 326.0, "comb_pct": 42.8838660703587, "tree_pct": 42.8838660703587, "bldg_pct": 0.0, "med_inc_k": 493.0, "pop_0_12": 1206.0, "risk_class": 2 }, "geometry": { "type": "Polygon", "coordinates": [ [ [ 120.181935, 23.046926 ], [ 120.181898, 23.046902 ], [ 120.181711, 23.046233 ], [ 120.182207, 23.046048 ], [ 120.182398, 23.046808 ], [ 120.182375, 23.046834 ], [ 120.181935, 23.046926 ] ] ] } },
{ "type": "Feature", "properties": { "park_id": 10.0, "park_name": "溪心公園", "district": "安南區", "village": "溪心里", "heat_risk": 55.725143472558798, "heat_rank": 333.0, "comb_pct": 44.274856527441202, "tree_pct": 44.274856527441202, "bldg_pct": 0.0, "med_inc_k": 493.0, "pop_0_12": 1206.0, "risk_class": 2 }, "geometry": { "type": "Polygon", "coordinates": [ [ [ 120.182557, 23.051272 ], [ 120.182231, 23.051041 ], [ 120.182231, 23.050999 ], [ 120.182859, 23.050257 ], [ 120.182907, 23.050248 ], [ 120.183221, 23.05049 ], [ 120.183236, 23.050537 ], [ 120.182598, 23.051272 ], [ 120.182557, 23.051272 ] ] ] } },
{ "type": "Feature", "properties": { "park_id": 11.0, "park_name": "感恩公園", "district": "安南區", "village": "溪心里", "heat_risk": 21.5992339874614, "heat_rank": 479.0, "comb_pct": 78.400766012538597, "tree_pct": 78.400766012538597, "bldg_pct": 0.0, "med_inc_k": 493.0, "pop_0_12": 1206.0, "risk_class": 1 }, "geometry": { "type": "Polygon", "coordinates": [ [ [ 120.180058, 23.0505 ], [ 120.179718, 23.050224 ], [ 120.179755, 23.05003 ], [ 120.179846, 23.049968 ], [ 120.179949, 23.049861 ], [ 120.180373, 23.050163 ], [ 120.180058, 23.0505 ] ] ] } },
{ "type": "Feature", "properties": { "park_id": 12.0, "park_name": "本淵寮公園", "district": "安南區", "village": "溪心里", "heat_risk": 48.547136409555698, "heat_rank": 382.0, "comb_pct": 51.452863590444302, "tree_pct": 51.452863590444302, "bldg_pct": 0.0, "med_inc_k": 493.0, "pop_0_12": 1206.0, "risk_class": 2 }, "geometry": { "type": "Polygon", "coordinates": [ [ [ 120.182203, 23.049046 ], [ 120.181927, 23.049371 ], [ 120.18185, 23.049383 ], [ 120.181465, 23.049105 ], [ 120.181465, 23.049046 ], [ 120.18176, 23.048703 ], [ 120.182203, 23.049046 ] ] ] } },
{ "type": "Feature", "properties": { "park_id": 13.0, "park_name": "原佃安吉公園", "district": "安南區", "village": "原佃里", "heat_risk": 86.879810753105403, "heat_rank": 149.0, "comb_pct": 13.120189246894601, "tree_pct": 13.120189246894601, "bldg_pct": 0.0, "med_inc_k": 478.0, "pop_0_12": 216.0, "risk_class": 4 }, "geometry": { "type": "Polygon", "coordinates": [ [ [ 120.189514, 23.04745 ], [ 120.189475, 23.04741 ], [ 120.189315, 23.046669 ], [ 120.189347, 23.04661 ], [ 120.189739, 23.046551 ], [ 120.189796, 23.046575 ], [ 120.189944, 23.047337 ], [ 120.189912, 23.047391 ], [ 120.189514, 23.04745 ] ] ] } },
{ "type": "Feature", "properties": { "park_id": 14.0, "park_name": "育安公園", "district": "安南區", "village": "安順里", "heat_risk": 49.212201568087501, "heat_rank": 377.0, "comb_pct": 50.787798431912499, "tree_pct": 50.537540104179698, "bldg_pct": 0.250258327732783, "med_inc_k": 553.0, "pop_0_12": 711.0, "risk_class": 2 }, "geometry": { "type": "Polygon", "coordinates": [ [ [ 120.215159, 23.050995 ], [ 120.214567, 23.051036 ], [ 120.214526, 23.050995 ], [ 120.214508, 23.050624 ], [ 120.214539, 23.050591 ], [ 120.2151, 23.05056 ], [ 120.215159, 23.050995 ] ] ] } },
{ "type": "Feature", "properties": { "park_id": 15.0, "park_name": "育安公園(公兒4)", "district": "安南區", "village": "安順里", "heat_risk": 89.7311421702762, "heat_rank": 131.0, "comb_pct": 10.2688578297238, "tree_pct": 10.2688578297238, "bldg_pct": 0.0, "med_inc_k": 553.0, "pop_0_12": 711.0, "risk_class": 4 }, "geometry": { "type": "Polygon", "coordinates": [ [ [ 120.214593, 23.051618 ], [ 120.214557, 23.051592 ], [ 120.214531, 23.051142 ], [ 120.214554, 23.051107 ], [ 120.214943, 23.051083 ], [ 120.215018, 23.051509 ], [ 120.21492, 23.051542 ], [ 120.214593, 23.051618 ] ] ] } },
{ "type": "Feature", "properties": { "park_id": 16.0, "park_name": "保和公園", "district": "安南區", "village": "新順里", "heat_risk": 55.508572406646003, "heat_rank": 336.0, "comb_pct": 44.491427593353997, "tree_pct": 44.491427593353997, "bldg_pct": 0.0, "med_inc_k": 544.0, "pop_0_12": 849.0, "risk_class": 2 }, "geometry": { "type": "Polygon", "coordinates": [ [ [ 120.214285, 23.044948 ], [ 120.21419, 23.044507 ], [ 120.21446, 23.044454 ], [ 120.21453, 23.044481 ], [ 120.214664, 23.044819 ], [ 120.214647, 23.044873 ], [ 120.214285, 23.044948 ] ] ] } },
{ "type": "Feature", "properties": { "park_id": 17.0, "park_name": "梅花里社區公園", "district": "安南區", "village": "梅花里", "heat_risk": 68.348816778261707, "heat_rank": 265.0, "comb_pct": 31.6511832217383, "tree_pct": 31.6511832217383, "bldg_pct": 0.0, "med_inc_k": 491.0, "pop_0_12": 452.0, "risk_class": 3 }, "geometry": { "type": "Polygon", "coordinates": [ [ [ 120.193241, 23.041482 ], [ 120.193109, 23.041282 ], [ 120.192965, 23.041356 ], [ 120.19276, 23.041041 ], [ 120.192795, 23.041014 ], [ 120.192735, 23.040937 ], [ 120.192869, 23.040807 ], [ 120.193035, 23.04087 ], [ 120.193431, 23.041271 ], [ 120.1934, 23.041389 ], [ 120.193241, 23.041482 ] ] ] } },
{ "type": "Feature", "properties": { "park_id": 18.0, "park_name": "梅花安中公園", "district": "安南區", "village": "梅花里", "heat_risk": 100.0, "heat_rank": 1.0, "comb_pct": 0.0, "tree_pct": 0.0, "bldg_pct": 0.0, "med_inc_k": 491.0, "pop_0_12": 452.0, "risk_class": 5 }, "geometry": { "type": "Polygon", "coordinates": [ [ [ 120.199478, 23.039837 ], [ 120.199424, 23.039832 ], [ 120.199282, 23.039625 ], [ 120.199749, 23.039356 ], [ 120.199918, 23.039576 ], [ 120.199478, 23.039837 ] ] ] } },
{ "type": "Feature", "properties": { "park_id": 19.0, "park_name": "梅花友愛公園", "district": "安南區", "village": "梅花里", "heat_risk": 93.120309101316195, "heat_rank": 104.0, "comb_pct": 6.8796908986838297, "tree_pct": 6.8796908986838297, "bldg_pct": 0.0, "med_inc_k": 491.0, "pop_0_12": 452.0, "risk_class": 4 }, "geometry": { "type": "Polygon", "coordinates": [ [ [ 120.198829, 23.040215 ], [ 120.198756, 23.04005 ], [ 120.19885, 23.040013 ], [ 120.19918, 23.039815 ], [ 120.199255, 23.039921 ], [ 120.19925, 23.039968 ], [ 120.198829, 23.040215 ] ] ] } },
{ "type": "Feature", "properties": { "park_id": 20.0, "park_name": "公C1中西區入口意象公園", "district": "中西區", "village": "淺草里", "heat_risk": 100.0, "heat_rank": 1.0, "comb_pct": 0.0, "tree_pct": 0.0, "bldg_pct": 0.0, "med_inc_k": 503.0, "pop_0_12": 142.0, "risk_class": 5 }, "geometry": { "type": "Polygon", "coordinates": [ [ [ 120.186775, 22.997713 ], [ 120.186754, 22.99768 ], [ 120.186748, 22.997623 ], [ 120.187034, 22.997534 ], [ 120.187019, 22.997486 ], [ 120.187192, 22.997453 ], [ 120.187219, 22.99766 ], [ 120.186775, 22.997713 ] ] ] } },
{ "type": "Feature", "properties": { "park_id": 21.0, "park_name": "運河南岸綠地(公26)", "district": "安平區", "village": "建平里", "heat_risk": 77.714081703491701, "heat_rank": 214.0, "comb_pct": 22.285918296508299, "tree_pct": 22.285918296508299, "bldg_pct": 0.0, "med_inc_k": 601.0, "pop_0_12": 752.0, "risk_class": 3 }, "geometry": { "type": "Polygon", "coordinates": [ [ [ 120.186397, 22.997168 ], [ 120.186109, 22.997256 ], [ 120.185699, 22.997348 ], [ 120.184008, 22.997537 ], [ 120.182227, 22.997666 ], [ 120.180345, 22.997767 ], [ 120.179991, 22.997768 ], [ 120.17973, 22.997752 ], [ 120.178519, 22.997659 ], [ 120.176751, 22.997532 ], [ 120.176386, 22.99751 ], [ 120.176394, 22.997473 ], [ 120.176405, 22.997364 ], [ 120.180264, 22.99761 ], [ 120.18113, 22.997548 ], [ 120.183068, 22.997425 ], [ 120.184718, 22.997299 ], [ 120.185368, 22.997227 ], [ 120.185426, 22.997176 ], [ 120.185432, 22.997131 ], [ 120.185475, 22.997087 ], [ 120.186323, 22.997 ], [ 120.18637, 22.997055 ], [ 120.186397, 22.997168 ] ] ] } },
{ "type": "Feature", "properties": { "park_id": 22.0, "park_name": "運河北岸綠地(公4)", "district": "安平區", "village": "華平里", "heat_risk": 92.656848129983899, "heat_rank": 110.0, "comb_pct": 7.3431518700160803, "tree_pct": 7.3431518700160803, "bldg_pct": 0.0, "med_inc_k": 493.0, "pop_0_12": 436.0, "risk_class": 4 }, "geometry": { "type": "Polygon", "coordinates": [ [ [ 120.169826, 22.997886 ], [ 120.169802, 22.997764 ], [ 120.170576, 22.99763 ], [ 120.172195, 22.997326 ], [ 120.17464, 22.997038 ], [ 120.174669, 22.997187 ], [ 120.17474, 22.997269 ], [ 120.175783, 22.997334 ], [ 120.175812, 22.997352 ], [ 120.175814, 22.997469 ], [ 120.174849, 22.997425 ], [ 120.174317, 22.997388 ], [ 120.173851, 22.997368 ], [ 120.173254, 22.997369 ], [ 120.172617, 22.997433 ], [ 120.171963, 22.997541 ], [ 120.171928, 22.997594 ], [ 120.171893, 22.997623 ], [ 120.171852, 22.997645 ], [ 120.171803, 22.997649 ], [ 120.171732, 22.997641 ], [ 120.17168, 22.997609 ], [ 120.171644, 22.997599 ], [ 120.170431, 22.99778 ], [ 120.169826, 22.997886 ] ] ] } },
{ "type": "Feature", "properties": { "park_id": 23.0, "park_name": "舊聚落歷史公園(公兒9)", "district": "安平區", "village": "王城里", "heat_risk": 79.050288671641596, "heat_rank": 204.0, "comb_pct": 20.949711328358401, "tree_pct": 19.6868402931694, "bldg_pct": 1.262871035189, "med_inc_k": 392.0, "pop_0_12": 260.0, "risk_class": 3 }, "geometry": { "type": "Polygon", "coordinates": [ [ [ 120.160363, 23.002241 ], [ 120.160418, 23.002097 ], [ 120.160659, 23.0022 ], [ 120.160646, 23.002333 ], [ 120.160363, 23.002241 ] ] ] } },
{ "type": "Feature", "properties": { "park_id": 24.0, "park_name": "四季公園南段(公1)", "district": "安平區", "village": "王城里", "heat_risk": 97.278357048813305, "heat_rank": 80.0, "comb_pct": 2.72164295118671, "tree_pct": 2.7079048039134501, "bldg_pct": 0.0137381472732597, "med_inc_k": 392.0, "pop_0_12": 260.0, "risk_class": 5 }, "geometry": { "type": "Polygon", "coordinates": [ [ [ 120.159575, 23.001957 ], [ 120.15967, 23.001773 ], [ 120.160052, 23.001934 ], [ 120.159991, 23.002108 ], [ 120.159575, 23.001957 ] ] ] } },
{ "type": "Feature", "properties": { "park_id": 25.0, "park_name": "運河景觀公園", "district": "安平區", "village": "平通里", "heat_risk": 80.324614820408101, "heat_rank": 195.0, "comb_pct": 19.675385179591899, "tree_pct": 19.675385179591899, "bldg_pct": 0.0, "med_inc_k": 519.0, "pop_0_12": 809.0, "risk_class": 3 }, "geometry": { "type": "Polygon", "coordinates": [ [ [ 120.163699, 22.997794 ], [ 120.163696, 22.997529 ], [ 120.163743, 22.997483 ], [ 120.164716, 22.997709 ], [ 120.16532, 22.99776 ], [ 120.167348, 22.997894 ], [ 120.168039, 22.997896 ], [ 120.168759, 22.997872 ], [ 120.169281, 22.997819 ], [ 120.169304, 22.997851 ], [ 120.169342, 22.997856 ], [ 120.169348, 22.997894 ], [ 120.169505, 22.997913 ], [ 120.16952, 22.997947 ], [ 120.168791, 22.998001 ], [ 120.167634, 22.997993 ], [ 120.167616, 22.998049 ], [ 120.167567, 22.998103 ], [ 120.167488, 22.998122 ], [ 120.167404, 22.9981 ], [ 120.167354, 22.998052 ], [ 120.16734, 22.99798 ], [ 120.163699, 22.997794 ] ] ] } },
{ "type": "Feature", "properties": { "park_id": 26.0, "park_name": "運河北岸綠地", "district": "安平區", "village": "天妃里", "heat_risk": 97.290502739161596, "heat_rank": 79.0, "comb_pct": 2.70949726083842, "tree_pct": 2.6721512125382598, "bldg_pct": 0.037346048300163297, "med_inc_k": 401.0, "pop_0_12": 173.0, "risk_class": 5 }, "geometry": { "type": "Polygon", "coordinates": [ [ [ 120.165752, 22.998494 ], [ 120.165757, 22.998341 ], [ 120.167394, 22.998529 ], [ 120.168753, 22.998615 ], [ 120.169012, 22.998613 ], [ 120.169147, 22.998596 ], [ 120.169612, 22.998507 ], [ 120.169658, 22.998512 ], [ 120.169651, 22.998547 ], [ 120.168969, 22.998671 ], [ 120.168837, 22.998688 ], [ 120.165752, 22.998494 ] ] ] } },
{ "type": "Feature", "properties": { "park_id": 27.0, "park_name": "安平區公園", "district": "安平區", "village": "平安里", "heat_risk": 69.601113848587104, "heat_rank": 260.0, "comb_pct": 30.398886151412899, "tree_pct": 30.398886151412899, "bldg_pct": 0.0, "med_inc_k": 449.0, "pop_0_12": 197.0, "risk_class": 3 }, "geometry": { "type": "Polygon", "coordinates": [ [ [ 120.171449, 23.000384 ], [ 120.171381, 23.000352 ], [ 120.171327, 23.000223 ], [ 120.171843, 23.000064 ], [ 120.171911, 23.000219 ], [ 120.171449, 23.000384 ] ] ] } },
{ "type": "Feature", "properties": { "park_id": 28.0, "park_name": "石門公園", "district": "安平區", "village": "天妃里", "heat_risk": 39.086410939033001, "heat_rank": 433.0, "comb_pct": 60.913589060966999, "tree_pct": 60.913589060966999, "bldg_pct": 0.0, "med_inc_k": 401.0, "pop_0_12": 173.0, "risk_class": 1 }, "geometry": { "type": "Polygon", "coordinates": [ [ [ 120.165401, 23.001173 ], [ 120.165345, 23.000988 ], [ 120.165985, 23.000773 ], [ 120.166015, 23.000786 ], [ 120.165553, 23.001102 ], [ 120.165401, 23.001173 ] ] ] } },
{ "type": "Feature", "properties": { "park_id": 29.0, "park_name": "月津港親水公園", "district": "鹽水區", "village": "橋南里", "heat_risk": 77.902110957804496, "heat_rank": 211.0, "comb_pct": 22.097889042195501, "tree_pct": 22.051295073699102, "bldg_pct": 0.0465939684964519, "med_inc_k": 439.0, "pop_0_12": 320.0, "risk_class": 3 }, "geometry": { "type": "Polygon", "coordinates": [ [ [ 120.268397, 23.318238 ], [ 120.268084, 23.317751 ], [ 120.267864, 23.31755 ], [ 120.267313, 23.317114 ], [ 120.267547, 23.316968 ], [ 120.267713, 23.317084 ], [ 120.267845, 23.317098 ], [ 120.267856, 23.31714 ], [ 120.26788, 23.317158 ], [ 120.267937, 23.317145 ], [ 120.267946, 23.317118 ], [ 120.268064, 23.317108 ], [ 120.268117, 23.317069 ], [ 120.268224, 23.3171 ], [ 120.26825, 23.317096 ], [ 120.268268, 23.317077 ], [ 120.268304, 23.316968 ], [ 120.268623, 23.316983 ], [ 120.269018, 23.316901 ], [ 120.269236, 23.316791 ], [ 120.269335, 23.316689 ], [ 120.269455, 23.316517 ], [ 120.269605, 23.31611 ], [ 120.269644, 23.316077 ], [ 120.269712, 23.316118 ], [ 120.269937, 23.316421 ], [ 120.270023, 23.3163 ], [ 120.270158, 23.316238 ], [ 120.270338, 23.31623 ], [ 120.270458, 23.31628 ], [ 120.270869, 23.317687 ], [ 120.271262, 23.317555 ], [ 120.271336, 23.317581 ], [ 120.271613, 23.317801 ], [ 120.271847, 23.317958 ], [ 120.271868, 23.318001 ], [ 120.271508, 23.31835 ], [ 120.271464, 23.318345 ], [ 120.271392, 23.318285 ], [ 120.271144, 23.318116 ], [ 120.270729, 23.317863 ], [ 120.270577, 23.31755 ], [ 120.270443, 23.31716 ], [ 120.270315, 23.316536 ], [ 120.270259, 23.316423 ], [ 120.270138, 23.316425 ], [ 120.269685, 23.317166 ], [ 120.26953, 23.31729 ], [ 120.269418, 23.317593 ], [ 120.269175, 23.317799 ], [ 120.26867, 23.31813 ], [ 120.268534, 23.318196 ], [ 120.268397, 23.318238 ] ] ] } },
{ "type": "Feature", "properties": { "park_id": 30.0, "park_name": "西門公園", "district": "鹽水區", "village": "水秀里", "heat_risk": 100.0, "heat_rank": 1.0, "comb_pct": 0.0, "tree_pct": 0.0, "bldg_pct": 0.0, "med_inc_k": 457.0, "pop_0_12": 147.0, "risk_class": 5 }, "geometry": { "type": "Polygon", "coordinates": [ [ [ 120.272301, 23.323701 ], [ 120.272308, 23.323568 ], [ 120.272579, 23.323685 ], [ 120.272576, 23.323727 ], [ 120.272301, 23.323701 ] ] ] } },
{ "type": "Feature", "properties": { "park_id": 31.0, "park_name": "神榕公園", "district": "安南區", "village": "佃東里", "heat_risk": 84.821486309951794, "heat_rank": 162.0, "comb_pct": 15.178513690048201, "tree_pct": 15.178513690048201, "bldg_pct": 0.0, "med_inc_k": 453.0, "pop_0_12": 344.0, "risk_class": 4 }, "geometry": { "type": "Polygon", "coordinates": [ [ [ 120.17804, 23.07036 ], [ 120.177967, 23.070312 ], [ 120.177925, 23.070234 ], [ 120.177886, 23.070129 ], [ 120.177874, 23.070041 ], [ 120.177929, 23.069892 ], [ 120.178001, 23.069887 ], [ 120.177995, 23.069255 ], [ 120.178012, 23.069226 ], [ 120.178258, 23.069217 ], [ 120.178297, 23.06923 ], [ 120.178333, 23.069255 ], [ 120.178408, 23.069397 ], [ 120.178489, 23.069503 ], [ 120.178675, 23.069658 ], [ 120.178724, 23.069728 ], [ 120.17876, 23.069918 ], [ 120.178732, 23.070089 ], [ 120.178694, 23.070187 ], [ 120.178631, 23.070252 ], [ 120.178526, 23.070332 ], [ 120.178453, 23.070358 ], [ 120.17818, 23.070371 ], [ 120.17804, 23.07036 ] ] ] } },
{ "type": "Feature", "properties": { "park_id": 32.0, "park_name": "安康里鄰里公園", "district": "永康區", "village": "安康里", "heat_risk": 98.917148791353199, "heat_rank": 55.0, "comb_pct": 1.0828512086467601, "tree_pct": 1.0624401076833301, "bldg_pct": 0.0204111009634293, "med_inc_k": 516.0, "pop_0_12": 543.0, "risk_class": 5 }, "geometry": { "type": "Polygon", "coordinates": [ [ [ 120.226324, 23.017581 ], [ 120.225945, 23.017071 ], [ 120.225974, 23.017039 ], [ 120.226761, 23.017307 ], [ 120.226324, 23.017581 ] ] ] } },
{ "type": "Feature", "properties": { "park_id": 33.0, "park_name": "新市生態休閒公園", "district": "新市區", "village": "港墘里", "heat_risk": 98.422081838366793, "heat_rank": 67.0, "comb_pct": 1.5779181616332301, "tree_pct": 1.5779181616332301, "bldg_pct": 0.0, "med_inc_k": 482.0, "pop_0_12": 424.0, "risk_class": 5 }, "geometry": { "type": "MultiPolygon", "coordinates": [ [ [ [ 120.303896, 23.078633 ], [ 120.30392, 23.078205 ], [ 120.304061, 23.0782 ], [ 120.304426, 23.078292 ], [ 120.304715, 23.078314 ], [ 120.30475, 23.078725 ], [ 120.305821, 23.078769 ], [ 120.305761, 23.078813 ], [ 120.302996, 23.07899 ], [ 120.303007, 23.078655 ], [ 120.303896, 23.078633 ] ] ], [ [ [ 120.302963, 23.079107 ], [ 120.306836, 23.078791 ], [ 120.306406, 23.079178 ], [ 120.306365, 23.079399 ], [ 120.306329, 23.079528 ], [ 120.306266, 23.079528 ], [ 120.306248, 23.079658 ], [ 120.306166, 23.079587 ], [ 120.306171, 23.079474 ], [ 120.305609, 23.079491 ], [ 120.305432, 23.079528 ], [ 120.305215, 23.079603 ], [ 120.304689, 23.079558 ], [ 120.304662, 23.079324 ], [ 120.304159, 23.079462 ], [ 120.30382, 23.079474 ], [ 120.303806, 23.079645 ], [ 120.303607, 23.079641 ], [ 120.303258, 23.079804 ], [ 120.302963, 23.079107 ] ] ] ] } },
{ "type": "Feature", "properties": { "park_id": 34.0, "park_name": "安康公園", "district": "永康區", "village": "安康里", "heat_risk": 29.2594212252082, "heat_rank": 462.0, "comb_pct": 70.7405787747918, "tree_pct": 70.7405787747918, "bldg_pct": 0.0, "med_inc_k": 516.0, "pop_0_12": 543.0, "risk_class": 1 }, "geometry": { "type": "Polygon", "coordinates": [ [ [ 120.227817, 23.015524 ], [ 120.227557, 23.01538 ], [ 120.227553, 23.015335 ], [ 120.227688, 23.015128 ], [ 120.227972, 23.015285 ], [ 120.227817, 23.015524 ] ] ] } },
{ "type": "Feature", "properties": { "park_id": 35.0, "park_name": "元寶桂花公園", "district": "北區", "village": "元寶里", "heat_risk": 56.705438661988403, "heat_rank": 328.0, "comb_pct": 43.294561338011597, "tree_pct": 42.988277809068101, "bldg_pct": 0.30628352894346, "med_inc_k": 606.0, "pop_0_12": 415.0, "risk_class": 2 }, "geometry": { "type": "Polygon", "coordinates": [ [ [ 120.224611, 23.013155 ], [ 120.223829, 23.013126 ], [ 120.223871, 23.011989 ], [ 120.224829, 23.011988 ], [ 120.224825, 23.012118 ], [ 120.224631, 23.012121 ], [ 120.224611, 23.013155 ] ] ] } },
{ "type": "Feature", "properties": { "park_id": 36.0, "park_name": "北園公園", "district": "北區", "village": "元寶里", "heat_risk": 55.013980092936798, "heat_rank": 338.0, "comb_pct": 44.986019907063202, "tree_pct": 44.943813398106499, "bldg_pct": 0.086395800994141805, "med_inc_k": 606.0, "pop_0_12": 415.0, "risk_class": 2 }, "geometry": { "type": "Polygon", "coordinates": [ [ [ 120.223416, 23.013608 ], [ 120.22312, 23.013481 ], [ 120.223736, 23.013491 ], [ 120.223795, 23.013462 ], [ 120.223822, 23.013389 ], [ 120.22384, 23.013202 ], [ 120.224563, 23.013224 ], [ 120.224614, 23.013253 ], [ 120.224583, 23.013665 ], [ 120.223416, 23.013608 ] ] ] } },
{ "type": "Feature", "properties": { "park_id": 37.0, "park_name": "西和綠園", "district": "中西區", "village": "西和里", "heat_risk": 79.789231291417593, "heat_rank": 198.0, "comb_pct": 20.2107687085824, "tree_pct": 20.2107687085824, "bldg_pct": 0.0, "med_inc_k": 557.0, "pop_0_12": 318.0, "risk_class": 3 }, "geometry": { "type": "Polygon", "coordinates": [ [ [ 120.188023, 23.000712 ], [ 120.187972, 23.000634 ], [ 120.187961, 23.000447 ], [ 120.187999, 23.000431 ], [ 120.188158, 23.000534 ], [ 120.188023, 23.000712 ] ] ] } },
{ "type": "Feature", "properties": { "park_id": 38.0, "park_name": "臺南交通公園", "district": "中西區", "village": "光賢里", "heat_risk": 44.704013819354202, "heat_rank": 408.0, "comb_pct": 55.295986180645798, "tree_pct": 55.295986180645798, "bldg_pct": 0.0, "med_inc_k": 574.0, "pop_0_12": 229.0, "risk_class": 1 }, "geometry": { "type": "Polygon", "coordinates": [ [ [ 120.187815, 23.0016 ], [ 120.187775, 23.001572 ], [ 120.187782, 23.001034 ], [ 120.187815, 23.000997 ], [ 120.18807, 23.000984 ], [ 120.188104, 23.000997 ], [ 120.188576, 23.001588 ], [ 120.188549, 23.001606 ], [ 120.187815, 23.0016 ] ] ] } },
{ "type": "Feature", "properties": { "park_id": 39.0, "park_name": "文成公園", "district": "北區", "village": "元美里", "heat_risk": 23.1418131654648, "heat_rank": 476.0, "comb_pct": 76.858186834535204, "tree_pct": 76.858186834535204, "bldg_pct": 0.0, "med_inc_k": 654.0, "pop_0_12": 332.0, "risk_class": 1 }, "geometry": { "type": "Polygon", "coordinates": [ [ [ 120.195811, 23.012739 ], [ 120.195825, 23.012374 ], [ 120.196214, 23.012411 ], [ 120.196249, 23.012444 ], [ 120.196244, 23.012752 ], [ 120.195811, 23.012739 ] ] ] } },
{ "type": "Feature", "properties": { "park_id": 40.0, "park_name": "成功公園", "district": "北區", "village": "成功里", "heat_risk": 24.8530129773686, "heat_rank": 471.0, "comb_pct": 75.146987022631393, "tree_pct": 75.146987022631393, "bldg_pct": 0.0, "med_inc_k": 585.0, "pop_0_12": 719.0, "risk_class": 1 }, "geometry": { "type": "Polygon", "coordinates": [ [ [ 120.20984, 23.021229 ], [ 120.209787, 23.021223 ], [ 120.209552, 23.020786 ], [ 120.209571, 23.020749 ], [ 120.209868, 23.020596 ], [ 120.209927, 23.020605 ], [ 120.210174, 23.02103 ], [ 120.210161, 23.021073 ], [ 120.20984, 23.021229 ] ] ] } },
{ "type": "Feature", "properties": { "park_id": 41.0, "park_name": "中壇公園", "district": "北區", "village": "成功里", "heat_risk": 77.887485550648606, "heat_rank": 212.0, "comb_pct": 22.112514449351401, "tree_pct": 22.112514449351401, "bldg_pct": 0.0, "med_inc_k": 585.0, "pop_0_12": 719.0, "risk_class": 3 }, "geometry": { "type": "Polygon", "coordinates": [ [ [ 120.206241, 23.020775 ], [ 120.206216, 23.020728 ], [ 120.206325, 23.020435 ], [ 120.206372, 23.020418 ], [ 120.206566, 23.02047 ], [ 120.206481, 23.020815 ], [ 120.206241, 23.020775 ] ] ] } },
{ "type": "Feature", "properties": { "park_id": 42.0, "park_name": "華德公園", "district": "北區", "village": "華德里", "heat_risk": 53.745814272842203, "heat_rank": 353.0, "comb_pct": 46.254185727157797, "tree_pct": 46.159241178080102, "bldg_pct": 0.094944549077697102, "med_inc_k": 829.0, "pop_0_12": 805.0, "risk_class": 2 }, "geometry": { "type": "Polygon", "coordinates": [ [ [ 120.203509, 23.021314 ], [ 120.202889, 23.0212 ], [ 120.202869, 23.021154 ], [ 120.202973, 23.020821 ], [ 120.203023, 23.020812 ], [ 120.203602, 23.020963 ], [ 120.203509, 23.021314 ] ] ] } },
{ "type": "Feature", "properties": { "park_id": 43.0, "park_name": "新宅公園", "district": "安南區", "village": "新順里", "heat_risk": 99.946149258793596, "heat_rank": 40.0, "comb_pct": 0.053850741206421603, "tree_pct": 0.053850741206421603, "bldg_pct": 0.0, "med_inc_k": 544.0, "pop_0_12": 849.0, "risk_class": 5 }, "geometry": { "type": "MultiPolygon", "coordinates": [ [ [ [ 120.211485, 23.054358 ], [ 120.211112, 23.054451 ], [ 120.211109, 23.05398 ], [ 120.211463, 23.053924 ], [ 120.21152, 23.053955 ], [ 120.211528, 23.054307 ], [ 120.211485, 23.054358 ] ] ], [ [ [ 120.209004, 23.056653 ], [ 120.208609, 23.056754 ], [ 120.208854, 23.056031 ], [ 120.20903, 23.056607 ], [ 120.209004, 23.056653 ] ] ] ] } },
{ "type": "Feature", "properties": { "park_id": 44.0, "park_name": "福德公園", "district": "北區", "village": "福德里", "heat_risk": 74.197944127371002, "heat_rank": 230.0, "comb_pct": 25.802055872629001, "tree_pct": 24.620000342378699, "bldg_pct": 1.18205553025024, "med_inc_k": 939.0, "pop_0_12": 1155.0, "risk_class": 3 }, "geometry": { "type": "Polygon", "coordinates": [ [ [ 120.201827, 23.013345 ], [ 120.201796, 23.013295 ], [ 120.20183, 23.012842 ], [ 120.201885, 23.012815 ], [ 120.202922, 23.013078 ], [ 120.20294, 23.013107 ], [ 120.202926, 23.013363 ], [ 120.202899, 23.013387 ], [ 120.201827, 23.013345 ] ] ] } },
{ "type": "Feature", "properties": { "park_id": 45.0, "park_name": "大世界公園", "district": "安平區", "village": "億載里", "heat_risk": 73.046668122315893, "heat_rank": 237.0, "comb_pct": 26.9533318776841, "tree_pct": 26.9533318776841, "bldg_pct": 0.0, "med_inc_k": 626.0, "pop_0_12": 446.0, "risk_class": 3 }, "geometry": { "type": "Polygon", "coordinates": [ [ [ 120.16206, 22.986348 ], [ 120.162126, 22.985701 ], [ 120.162166, 22.985671 ], [ 120.162538, 22.985684 ], [ 120.162537, 22.985812 ], [ 120.162678, 22.985812 ], [ 120.162671, 22.985965 ], [ 120.16277, 22.985971 ], [ 120.162768, 22.986065 ], [ 120.162877, 22.986069 ], [ 120.162879, 22.986037 ], [ 120.16291, 22.986037 ], [ 120.162912, 22.98598 ], [ 120.162986, 22.98598 ], [ 120.16299, 22.985869 ], [ 120.163121, 22.985869 ], [ 120.163052, 22.986473 ], [ 120.163, 22.986501 ], [ 120.162088, 22.98639 ], [ 120.16206, 22.986348 ] ] ] } },
{ "type": "Feature", "properties": { "park_id": 46.0, "park_name": "府安公園", "district": "安南區", "village": "海南里", "heat_risk": 100.0, "heat_rank": 1.0, "comb_pct": 0.0, "tree_pct": 0.0, "bldg_pct": 0.0, "med_inc_k": 626.0, "pop_0_12": 690.0, "risk_class": 5 }, "geometry": { "type": "Polygon", "coordinates": [ [ [ 120.187114, 23.017277 ], [ 120.187003, 23.017575 ], [ 120.186353, 23.017429 ], [ 120.18662, 23.016971 ], [ 120.187114, 23.017277 ] ] ] } },
{ "type": "Feature", "properties": { "park_id": 47.0, "park_name": "梅花公園", "district": "安南區", "village": "梅花里", "heat_risk": 64.402610688116297, "heat_rank": 284.0, "comb_pct": 35.597389311883703, "tree_pct": 35.597389311883703, "bldg_pct": 0.0, "med_inc_k": 491.0, "pop_0_12": 452.0, "risk_class": 3 }, "geometry": { "type": "Polygon", "coordinates": [ [ [ 120.195362, 23.04156 ], [ 120.195226, 23.041426 ], [ 120.195127, 23.041278 ], [ 120.194953, 23.041132 ], [ 120.195113, 23.040935 ], [ 120.195225, 23.040817 ], [ 120.195312, 23.040841 ], [ 120.195763, 23.04114 ], [ 120.195362, 23.04156 ] ] ] } },
{ "type": "Feature", "properties": { "park_id": 48.0, "park_name": "海南公園", "district": "安南區", "village": "海南里", "heat_risk": 99.954099617834999, "heat_rank": 37.0, "comb_pct": 0.045900382164960403, "tree_pct": 0.0, "bldg_pct": 0.045900382164960403, "med_inc_k": 626.0, "pop_0_12": 690.0, "risk_class": 5 }, "geometry": { "type": "Polygon", "coordinates": [ [ [ 120.186399, 23.020482 ], [ 120.186953, 23.02057 ], [ 120.186809, 23.021341 ], [ 120.186255, 23.021253 ], [ 120.186399, 23.020482 ] ] ] } },
{ "type": "Feature", "properties": { "park_id": 49.0, "park_name": "鳳凰公園", "district": "安南區", "village": "鳳凰里", "heat_risk": 76.444585596665902, "heat_rank": 218.0, "comb_pct": 23.555414403334101, "tree_pct": 23.3844812624315, "bldg_pct": 0.170933140902607, "med_inc_k": 405.0, "pop_0_12": 421.0, "risk_class": 3 }, "geometry": { "type": "Polygon", "coordinates": [ [ [ 120.198633, 23.042659 ], [ 120.198484, 23.042569 ], [ 120.198146, 23.042583 ], [ 120.198118, 23.042087 ], [ 120.198038, 23.04209 ], [ 120.198033, 23.041956 ], [ 120.197744, 23.041951 ], [ 120.197738, 23.041899 ], [ 120.197789, 23.041847 ], [ 120.197811, 23.041851 ], [ 120.197838, 23.041892 ], [ 120.197871, 23.041873 ], [ 120.19802, 23.041904 ], [ 120.198018, 23.04187 ], [ 120.198126, 23.0419 ], [ 120.198677, 23.042004 ], [ 120.19877, 23.042013 ], [ 120.198784, 23.042173 ], [ 120.19867, 23.042182 ], [ 120.198706, 23.04266 ], [ 120.198633, 23.042659 ] ] ] } },
{ "type": "Feature", "properties": { "park_id": 50.0, "park_name": "九份子重劃區公60", "district": "安南區", "village": "國安里", "heat_risk": 99.9738263523125, "heat_rank": 35.0, "comb_pct": 0.026173647687497002, "tree_pct": 0.026173647687497002, "bldg_pct": 0.0, "med_inc_k": 778.0, "pop_0_12": 1654.0, "risk_class": 5 }, "geometry": { "type": "Polygon", "coordinates": [ [ [ 120.174262, 23.023141 ], [ 120.174578, 23.023352 ], [ 120.174932, 23.023519 ], [ 120.176364, 23.024247 ], [ 120.176963, 23.024573 ], [ 120.177775, 23.024955 ], [ 120.178294, 23.02517 ], [ 120.179479, 23.025619 ], [ 120.180363, 23.025891 ], [ 120.180363, 23.025951 ], [ 120.17756, 23.025163 ], [ 120.177302, 23.025096 ], [ 120.176853, 23.024924 ], [ 120.17648, 23.024734 ], [ 120.174329, 23.023272 ], [ 120.174262, 23.023141 ] ] ] } },
{ "type": "Feature", "properties": { "park_id": 51.0, "park_name": "公AN14-1", "district": "安南區", "village": "國安里", "heat_risk": 99.9738263523125, "heat_rank": 35.0, "comb_pct": 0.026173647687497002, "tree_pct": 0.026173647687497002, "bldg_pct": 0.0, "med_inc_k": 778.0, "pop_0_12": 1654.0, "risk_class": 5 }, "geometry": { "type": "Polygon", "coordinates": [ [ [ 120.174262, 23.023141 ], [ 120.174578, 23.023352 ], [ 120.174932, 23.023519 ], [ 120.176364, 23.024247 ], [ 120.176963, 23.024573 ], [ 120.177775, 23.024955 ], [ 120.178294, 23.02517 ], [ 120.179479, 23.025619 ], [ 120.180363, 23.025891 ], [ 120.180363, 23.025951 ], [ 120.17756, 23.025163 ], [ 120.177302, 23.025096 ], [ 120.176853, 23.024924 ], [ 120.17648, 23.024734 ], [ 120.174329, 23.023272 ], [ 120.174262, 23.023141 ] ] ] } },
{ "type": "Feature", "properties": { "park_id": 52.0, "park_name": "鳳凰休閒公園", "district": "安南區", "village": "鳳凰里", "heat_risk": 93.913077481475, "heat_rank": 101.0, "comb_pct": 6.0869225185250402, "tree_pct": 5.8536595077245002, "bldg_pct": 0.23326301080053599, "med_inc_k": 405.0, "pop_0_12": 421.0, "risk_class": 4 }, "geometry": { "type": "Polygon", "coordinates": [ [ [ 120.200286, 23.042361 ], [ 120.200338, 23.042135 ], [ 120.200385, 23.04214 ], [ 120.201136, 23.041704 ], [ 120.201183, 23.041731 ], [ 120.201248, 23.042035 ], [ 120.201, 23.042092 ], [ 120.201027, 23.042236 ], [ 120.200353, 23.042375 ], [ 120.200286, 23.042361 ] ] ] } },
{ "type": "Feature", "properties": { "park_id": 53.0, "park_name": "台南市公七公園", "district": "歸仁區", "village": "武東里", "heat_risk": 62.888207444565602, "heat_rank": 292.0, "comb_pct": 37.111792555434398, "tree_pct": 37.111792555434398, "bldg_pct": 0.0, "med_inc_k": 590.0, "pop_0_12": 487.0, "risk_class": 2 }, "geometry": { "type": "Polygon", "coordinates": [ [ [ 120.280368, 22.922468 ], [ 120.279907, 22.921336 ], [ 120.281093, 22.920877 ], [ 120.281596, 22.922088 ], [ 120.281604, 22.922488 ], [ 120.28156, 22.922519 ], [ 120.281514, 22.922531 ], [ 120.281272, 22.92249 ], [ 120.280974, 22.922467 ], [ 120.280692, 22.922463 ], [ 120.28046, 22.922473 ], [ 120.280398, 22.92248 ], [ 120.280368, 22.922468 ] ] ] } },
{ "type": "Feature", "properties": { "park_id": 54.0, "park_name": "公AN14-3", "district": "安南區", "village": "海南里", "heat_risk": 98.587567659641195, "heat_rank": 63.0, "comb_pct": 1.4124323403588399, "tree_pct": 1.4124323403588399, "bldg_pct": 0.0, "med_inc_k": 626.0, "pop_0_12": 690.0, "risk_class": 5 }, "geometry": { "type": "Polygon", "coordinates": [ [ [ 120.18118, 23.021145 ], [ 120.181173, 23.021211 ], [ 120.181173, 23.021454 ], [ 120.181192, 23.021579 ], [ 120.181219, 23.021685 ], [ 120.181364, 23.02209 ], [ 120.181608, 23.02235 ], [ 120.182018, 23.022547 ], [ 120.182343, 23.022675 ], [ 120.182253, 23.022999 ], [ 120.182215, 23.023012 ], [ 120.180733, 23.02255 ], [ 120.180515, 23.022996 ], [ 120.180345, 23.023259 ], [ 120.180093, 23.023546 ], [ 120.179819, 23.023817 ], [ 120.179608, 23.023981 ], [ 120.179151, 23.024301 ], [ 120.178828, 23.024561 ], [ 120.178607, 23.024771 ], [ 120.178294, 23.02517 ], [ 120.177775, 23.024955 ], [ 120.177868, 23.024777 ], [ 120.178, 23.024594 ], [ 120.178204, 23.024368 ], [ 120.178525, 23.024058 ], [ 120.178989, 23.023708 ], [ 120.179325, 23.023489 ], [ 120.179491, 23.023338 ], [ 120.179824, 23.022981 ], [ 120.180032, 23.022633 ], [ 120.180162, 23.022325 ], [ 120.180305, 23.021779 ], [ 120.180384, 23.021317 ], [ 120.180459, 23.021017 ], [ 120.180591, 23.020674 ], [ 120.180785, 23.020377 ], [ 120.180979, 23.02012 ], [ 120.181229, 23.019899 ], [ 120.181512, 23.019689 ], [ 120.181784, 23.019519 ], [ 120.182294, 23.019215 ], [ 120.182468, 23.019064 ], [ 120.182634, 23.018884 ], [ 120.182856, 23.018591 ], [ 120.183088, 23.018092 ], [ 120.183233, 23.017574 ], [ 120.18327, 23.017362 ], [ 120.183337, 23.01673 ], [ 120.183306, 23.01651 ], [ 120.183228, 23.016351 ], [ 120.183063, 23.016197 ], [ 120.181895, 23.015363 ], [ 120.181898, 23.015277 ], [ 120.182434, 23.014721 ], [ 120.18271, 23.014766 ], [ 120.182804, 23.014889 ], [ 120.182823, 23.015057 ], [ 120.182893, 23.01523 ], [ 120.183301, 23.015514 ], [ 120.183699, 23.015779 ], [ 120.184084, 23.015291 ], [ 120.184376, 23.015483 ], [ 120.184135, 23.01577 ], [ 120.184039, 23.015931 ], [ 120.183995, 23.01606 ], [ 120.183964, 23.016374 ], [ 120.183881, 23.017051 ], [ 120.183802, 23.017513 ], [ 120.183713, 23.01815 ], [ 120.183664, 23.018617 ], [ 120.183577, 23.018957 ], [ 120.183266, 23.019835 ], [ 120.182938, 23.019813 ], [ 120.182698, 23.019809 ], [ 120.182403, 23.019839 ], [ 120.182165, 23.019906 ], [ 120.181915, 23.02002 ], [ 120.181707, 23.020157 ], [ 120.1816, 23.020274 ], [ 120.181385, 23.020652 ], [ 120.18118, 23.021145 ] ] ] } },
{ "type": "Feature", "properties": { "park_id": 55.0, "park_name": "公AN14-2", "district": "安南區", "village": "海南里", "heat_risk": 98.587567659641195, "heat_rank": 63.0, "comb_pct": 1.4124323403588399, "tree_pct": 1.4124323403588399, "bldg_pct": 0.0, "med_inc_k": 626.0, "pop_0_12": 690.0, "risk_class": 5 }, "geometry": { "type": "Polygon", "coordinates": [ [ [ 120.18118, 23.021145 ], [ 120.181173, 23.021211 ], [ 120.181173, 23.021454 ], [ 120.181192, 23.021579 ], [ 120.181219, 23.021685 ], [ 120.181364, 23.02209 ], [ 120.181608, 23.02235 ], [ 120.182018, 23.022547 ], [ 120.182343, 23.022675 ], [ 120.182253, 23.022999 ], [ 120.182215, 23.023012 ], [ 120.180733, 23.02255 ], [ 120.180515, 23.022996 ], [ 120.180345, 23.023259 ], [ 120.180093, 23.023546 ], [ 120.179819, 23.023817 ], [ 120.179608, 23.023981 ], [ 120.179151, 23.024301 ], [ 120.178828, 23.024561 ], [ 120.178607, 23.024771 ], [ 120.178294, 23.02517 ], [ 120.177775, 23.024955 ], [ 120.177868, 23.024777 ], [ 120.178, 23.024594 ], [ 120.178204, 23.024368 ], [ 120.178525, 23.024058 ], [ 120.178989, 23.023708 ], [ 120.179325, 23.023489 ], [ 120.179491, 23.023338 ], [ 120.179824, 23.022981 ], [ 120.180032, 23.022633 ], [ 120.180162, 23.022325 ], [ 120.180305, 23.021779 ], [ 120.180384, 23.021317 ], [ 120.180459, 23.021017 ], [ 120.180591, 23.020674 ], [ 120.180785, 23.020377 ], [ 120.180979, 23.02012 ], [ 120.181229, 23.019899 ], [ 120.181512, 23.019689 ], [ 120.181784, 23.019519 ], [ 120.182294, 23.019215 ], [ 120.182468, 23.019064 ], [ 120.182634, 23.018884 ], [ 120.182856, 23.018591 ], [ 120.183088, 23.018092 ], [ 120.183233, 23.017574 ], [ 120.18327, 23.017362 ], [ 120.183337, 23.01673 ], [ 120.183306, 23.01651 ], [ 120.183228, 23.016351 ], [ 120.183063, 23.016197 ], [ 120.181895, 23.015363 ], [ 120.181898, 23.015277 ], [ 120.182434, 23.014721 ], [ 120.18271, 23.014766 ], [ 120.182804, 23.014889 ], [ 120.182823, 23.015057 ], [ 120.182893, 23.01523 ], [ 120.183301, 23.015514 ], [ 120.183699, 23.015779 ], [ 120.184084, 23.015291 ], [ 120.184376, 23.015483 ], [ 120.184135, 23.01577 ], [ 120.184039, 23.015931 ], [ 120.183995, 23.01606 ], [ 120.183964, 23.016374 ], [ 120.183881, 23.017051 ], [ 120.183802, 23.017513 ], [ 120.183713, 23.01815 ], [ 120.183664, 23.018617 ], [ 120.183577, 23.018957 ], [ 120.183266, 23.019835 ], [ 120.182938, 23.019813 ], [ 120.182698, 23.019809 ], [ 120.182403, 23.019839 ], [ 120.182165, 23.019906 ], [ 120.181915, 23.02002 ], [ 120.181707, 23.020157 ], [ 120.1816, 23.020274 ], [ 120.181385, 23.020652 ], [ 120.18118, 23.021145 ] ] ] } },
{ "type": "Feature", "properties": { "park_id": 56.0, "park_name": "公AN14-5", "district": "安南區", "village": "海南里", "heat_risk": 98.587567659641195, "heat_rank": 63.0, "comb_pct": 1.4124323403588399, "tree_pct": 1.4124323403588399, "bldg_pct": 0.0, "med_inc_k": 626.0, "pop_0_12": 690.0, "risk_class": 5 }, "geometry": { "type": "Polygon", "coordinates": [ [ [ 120.18118, 23.021145 ], [ 120.181173, 23.021211 ], [ 120.181173, 23.021454 ], [ 120.181192, 23.021579 ], [ 120.181219, 23.021685 ], [ 120.181364, 23.02209 ], [ 120.181608, 23.02235 ], [ 120.182018, 23.022547 ], [ 120.182343, 23.022675 ], [ 120.182253, 23.022999 ], [ 120.182215, 23.023012 ], [ 120.180733, 23.02255 ], [ 120.180515, 23.022996 ], [ 120.180345, 23.023259 ], [ 120.180093, 23.023546 ], [ 120.179819, 23.023817 ], [ 120.179608, 23.023981 ], [ 120.179151, 23.024301 ], [ 120.178828, 23.024561 ], [ 120.178607, 23.024771 ], [ 120.178294, 23.02517 ], [ 120.177775, 23.024955 ], [ 120.177868, 23.024777 ], [ 120.178, 23.024594 ], [ 120.178204, 23.024368 ], [ 120.178525, 23.024058 ], [ 120.178989, 23.023708 ], [ 120.179325, 23.023489 ], [ 120.179491, 23.023338 ], [ 120.179824, 23.022981 ], [ 120.180032, 23.022633 ], [ 120.180162, 23.022325 ], [ 120.180305, 23.021779 ], [ 120.180384, 23.021317 ], [ 120.180459, 23.021017 ], [ 120.180591, 23.020674 ], [ 120.180785, 23.020377 ], [ 120.180979, 23.02012 ], [ 120.181229, 23.019899 ], [ 120.181512, 23.019689 ], [ 120.181784, 23.019519 ], [ 120.182294, 23.019215 ], [ 120.182468, 23.019064 ], [ 120.182634, 23.018884 ], [ 120.182856, 23.018591 ], [ 120.183088, 23.018092 ], [ 120.183233, 23.017574 ], [ 120.18327, 23.017362 ], [ 120.183337, 23.01673 ], [ 120.183306, 23.01651 ], [ 120.183228, 23.016351 ], [ 120.183063, 23.016197 ], [ 120.181895, 23.015363 ], [ 120.181898, 23.015277 ], [ 120.182434, 23.014721 ], [ 120.18271, 23.014766 ], [ 120.182804, 23.014889 ], [ 120.182823, 23.015057 ], [ 120.182893, 23.01523 ], [ 120.183301, 23.015514 ], [ 120.183699, 23.015779 ], [ 120.184084, 23.015291 ], [ 120.184376, 23.015483 ], [ 120.184135, 23.01577 ], [ 120.184039, 23.015931 ], [ 120.183995, 23.01606 ], [ 120.183964, 23.016374 ], [ 120.183881, 23.017051 ], [ 120.183802, 23.017513 ], [ 120.183713, 23.01815 ], [ 120.183664, 23.018617 ], [ 120.183577, 23.018957 ], [ 120.183266, 23.019835 ], [ 120.182938, 23.019813 ], [ 120.182698, 23.019809 ], [ 120.182403, 23.019839 ], [ 120.182165, 23.019906 ], [ 120.181915, 23.02002 ], [ 120.181707, 23.020157 ], [ 120.1816, 23.020274 ], [ 120.181385, 23.020652 ], [ 120.18118, 23.021145 ] ] ] } },
{ "type": "Feature", "properties": { "park_id": 57.0, "park_name": "公AN14-4", "district": "安南區", "village": "海南里", "heat_risk": 98.587567659641195, "heat_rank": 63.0, "comb_pct": 1.4124323403588399, "tree_pct": 1.4124323403588399, "bldg_pct": 0.0, "med_inc_k": 626.0, "pop_0_12": 690.0, "risk_class": 5 }, "geometry": { "type": "Polygon", "coordinates": [ [ [ 120.18118, 23.021145 ], [ 120.181173, 23.021211 ], [ 120.181173, 23.021454 ], [ 120.181192, 23.021579 ], [ 120.181219, 23.021685 ], [ 120.181364, 23.02209 ], [ 120.181608, 23.02235 ], [ 120.182018, 23.022547 ], [ 120.182343, 23.022675 ], [ 120.182253, 23.022999 ], [ 120.182215, 23.023012 ], [ 120.180733, 23.02255 ], [ 120.180515, 23.022996 ], [ 120.180345, 23.023259 ], [ 120.180093, 23.023546 ], [ 120.179819, 23.023817 ], [ 120.179608, 23.023981 ], [ 120.179151, 23.024301 ], [ 120.178828, 23.024561 ], [ 120.178607, 23.024771 ], [ 120.178294, 23.02517 ], [ 120.177775, 23.024955 ], [ 120.177868, 23.024777 ], [ 120.178, 23.024594 ], [ 120.178204, 23.024368 ], [ 120.178525, 23.024058 ], [ 120.178989, 23.023708 ], [ 120.179325, 23.023489 ], [ 120.179491, 23.023338 ], [ 120.179824, 23.022981 ], [ 120.180032, 23.022633 ], [ 120.180162, 23.022325 ], [ 120.180305, 23.021779 ], [ 120.180384, 23.021317 ], [ 120.180459, 23.021017 ], [ 120.180591, 23.020674 ], [ 120.180785, 23.020377 ], [ 120.180979, 23.02012 ], [ 120.181229, 23.019899 ], [ 120.181512, 23.019689 ], [ 120.181784, 23.019519 ], [ 120.182294, 23.019215 ], [ 120.182468, 23.019064 ], [ 120.182634, 23.018884 ], [ 120.182856, 23.018591 ], [ 120.183088, 23.018092 ], [ 120.183233, 23.017574 ], [ 120.18327, 23.017362 ], [ 120.183337, 23.01673 ], [ 120.183306, 23.01651 ], [ 120.183228, 23.016351 ], [ 120.183063, 23.016197 ], [ 120.181895, 23.015363 ], [ 120.181898, 23.015277 ], [ 120.182434, 23.014721 ], [ 120.18271, 23.014766 ], [ 120.182804, 23.014889 ], [ 120.182823, 23.015057 ], [ 120.182893, 23.01523 ], [ 120.183301, 23.015514 ], [ 120.183699, 23.015779 ], [ 120.184084, 23.015291 ], [ 120.184376, 23.015483 ], [ 120.184135, 23.01577 ], [ 120.184039, 23.015931 ], [ 120.183995, 23.01606 ], [ 120.183964, 23.016374 ], [ 120.183881, 23.017051 ], [ 120.183802, 23.017513 ], [ 120.183713, 23.01815 ], [ 120.183664, 23.018617 ], [ 120.183577, 23.018957 ], [ 120.183266, 23.019835 ], [ 120.182938, 23.019813 ], [ 120.182698, 23.019809 ], [ 120.182403, 23.019839 ], [ 120.182165, 23.019906 ], [ 120.181915, 23.02002 ], [ 120.181707, 23.020157 ], [ 120.1816, 23.020274 ], [ 120.181385, 23.020652 ], [ 120.18118, 23.021145 ] ] ] } },
{ "type": "Feature", "properties": { "park_id": 58.0, "park_name": "南路寮公園", "district": "安南區", "village": "安慶里", "heat_risk": 67.968512200460594, "heat_rank": 267.0, "comb_pct": 32.031487799539399, "tree_pct": 32.031487799539399, "bldg_pct": 0.0, "med_inc_k": 489.0, "pop_0_12": 699.0, "risk_class": 3 }, "geometry": { "type": "Polygon", "coordinates": [ [ [ 120.213116, 23.038676 ], [ 120.213086, 23.038644 ], [ 120.213284, 23.038142 ], [ 120.213327, 23.038118 ], [ 120.213687, 23.038158 ], [ 120.21373, 23.038186 ], [ 120.213928, 23.038652 ], [ 120.213911, 23.038692 ], [ 120.213589, 23.038802 ], [ 120.213481, 23.038806 ], [ 120.213116, 23.038676 ] ] ] } },
{ "type": "Feature", "properties": { "park_id": 59.0, "park_name": "台南市公六公園", "district": "歸仁區", "village": "武東里", "heat_risk": 67.319486738320094, "heat_rank": 271.0, "comb_pct": 32.680513261679899, "tree_pct": 32.680513261679899, "bldg_pct": 0.0, "med_inc_k": 590.0, "pop_0_12": 487.0, "risk_class": 3 }, "geometry": { "type": "Polygon", "coordinates": [ [ [ 120.286079, 22.922212 ], [ 120.286896, 22.920422 ], [ 120.28781, 22.920775 ], [ 120.287012, 22.922494 ], [ 120.286823, 22.922546 ], [ 120.286079, 22.922212 ] ] ] } },
{ "type": "Feature", "properties": { "park_id": 60.0, "park_name": "安東公園(公兒16)", "district": "安南區", "village": "安東里", "heat_risk": 87.416422229165093, "heat_rank": 148.0, "comb_pct": 12.5835777708349, "tree_pct": 12.5835777708349, "bldg_pct": 0.0, "med_inc_k": 469.0, "pop_0_12": 249.0, "risk_class": 4 }, "geometry": { "type": "Polygon", "coordinates": [ [ [ 120.213219, 23.033979 ], [ 120.213231, 23.033684 ], [ 120.21387, 23.03371 ], [ 120.213917, 23.033735 ], [ 120.213741, 23.03399 ], [ 120.213219, 23.033979 ] ] ] } },
{ "type": "Feature", "properties": { "park_id": 61.0, "park_name": "實踐公園", "district": "北區", "village": "永祥里", "heat_risk": 68.113255833177305, "heat_rank": 266.0, "comb_pct": 31.886744166822702, "tree_pct": 31.886744166822702, "bldg_pct": 0.0, "med_inc_k": 408.0, "pop_0_12": 197.0, "risk_class": 3 }, "geometry": { "type": "Polygon", "coordinates": [ [ [ 120.21975, 23.01347 ], [ 120.219639, 23.013398 ], [ 120.219632, 23.013353 ], [ 120.219465, 23.013297 ], [ 120.219475, 23.013185 ], [ 120.219784, 23.013137 ], [ 120.21992, 23.013329 ], [ 120.21975, 23.01347 ] ] ] } },
{ "type": "Feature", "properties": { "park_id": 62.0, "park_name": "大愛公園", "district": "安南區", "village": "安慶里", "heat_risk": 70.242781578635302, "heat_rank": 257.0, "comb_pct": 29.757218421364701, "tree_pct": 29.757218421364701, "bldg_pct": 0.0, "med_inc_k": 489.0, "pop_0_12": 699.0, "risk_class": 3 }, "geometry": { "type": "Polygon", "coordinates": [ [ [ 120.206731, 23.037469 ], [ 120.206682, 23.03724 ], [ 120.206647, 23.037 ], [ 120.206836, 23.036518 ], [ 120.206934, 23.036454 ], [ 120.207098, 23.036518 ], [ 120.207464, 23.036566 ], [ 120.207719, 23.036588 ], [ 120.20818, 23.036537 ], [ 120.208208, 23.036582 ], [ 120.208235, 23.036582 ], [ 120.208406, 23.037006 ], [ 120.208389, 23.037035 ], [ 120.208075, 23.037064 ], [ 120.207544, 23.037234 ], [ 120.207174, 23.037314 ], [ 120.206776, 23.037481 ], [ 120.206731, 23.037469 ] ] ] } },
{ "type": "Feature", "properties": { "park_id": 63.0, "park_name": "慈雲公園", "district": "安南區", "village": "安慶里", "heat_risk": 57.702545278612199, "heat_rank": 323.0, "comb_pct": 42.297454721387801, "tree_pct": 42.297454721387801, "bldg_pct": 0.0, "med_inc_k": 489.0, "pop_0_12": 699.0, "risk_class": 2 }, "geometry": { "type": "Polygon", "coordinates": [ [ [ 120.206194, 23.036685 ], [ 120.206092, 23.035756 ], [ 120.206138, 23.03576 ], [ 120.206173, 23.035985 ], [ 120.206455, 23.036023 ], [ 120.206577, 23.035891 ], [ 120.206571, 23.035821 ], [ 120.206598, 23.035808 ], [ 120.206745, 23.035827 ], [ 120.206773, 23.035856 ], [ 120.206801, 23.036074 ], [ 120.206302, 23.036071 ], [ 120.206302, 23.03618 ], [ 120.206553, 23.036482 ], [ 120.206194, 23.036685 ] ] ] } },
{ "type": "Feature", "properties": { "park_id": 64.0, "park_name": "頂好公園", "district": "安南區", "village": "頂安里", "heat_risk": 62.4143087683088, "heat_rank": 294.0, "comb_pct": 37.5856912316912, "tree_pct": 37.5856912316912, "bldg_pct": 0.0, "med_inc_k": 586.0, "pop_0_12": 605.0, "risk_class": 2 }, "geometry": { "type": "Polygon", "coordinates": [ [ [ 120.203834, 23.038079 ], [ 120.203803, 23.03806 ], [ 120.203722, 23.037777 ], [ 120.203806, 23.037546 ], [ 120.204012, 23.037555 ], [ 120.204204, 23.037067 ], [ 120.204061, 23.036964 ], [ 120.204075, 23.036922 ], [ 120.204522, 23.03708 ], [ 120.204839, 23.037491 ], [ 120.203834, 23.038079 ] ] ] } },
{ "type": "Feature", "properties": { "park_id": 65.0, "park_name": "高興公園", "district": "安南區", "village": "安西里", "heat_risk": 61.984407700341997, "heat_rank": 297.0, "comb_pct": 38.015592299658003, "tree_pct": 38.015592299658003, "bldg_pct": 0.0, "med_inc_k": 559.0, "pop_0_12": 446.0, "risk_class": 2 }, "geometry": { "type": "Polygon", "coordinates": [ [ [ 120.204663, 23.030836 ], [ 120.204725, 23.030374 ], [ 120.205327, 23.030382 ], [ 120.205323, 23.030859 ], [ 120.204663, 23.030836 ] ] ] } },
{ "type": "Feature", "properties": { "park_id": 66.0, "park_name": "頂美公園", "district": "安南區", "village": "頂安里", "heat_risk": 80.649679045558301, "heat_rank": 192.0, "comb_pct": 19.350320954441699, "tree_pct": 19.350320954441699, "bldg_pct": 0.0, "med_inc_k": 586.0, "pop_0_12": 605.0, "risk_class": 4 }, "geometry": { "type": "Polygon", "coordinates": [ [ [ 120.205495, 23.034092 ], [ 120.20559, 23.033306 ], [ 120.205322, 23.03326 ], [ 120.205418, 23.032511 ], [ 120.205459, 23.032486 ], [ 120.205845, 23.032545 ], [ 120.205813, 23.033143 ], [ 120.205817, 23.033197 ], [ 120.206008, 23.033243 ], [ 120.205958, 23.034104 ], [ 120.205922, 23.034142 ], [ 120.205495, 23.034092 ] ] ] } },
{ "type": "Feature", "properties": { "park_id": 67.0, "park_name": "箔子寮公園", "district": "安南區", "village": "安西里", "heat_risk": 38.367730041597397, "heat_rank": 437.0, "comb_pct": 61.632269958402603, "tree_pct": 61.632269958402603, "bldg_pct": 0.0, "med_inc_k": 559.0, "pop_0_12": 446.0, "risk_class": 1 }, "geometry": { "type": "Polygon", "coordinates": [ [ [ 120.208825, 23.033778 ], [ 120.209193, 23.031815 ], [ 120.209417, 23.031865 ], [ 120.20904, 23.033794 ], [ 120.208825, 23.033778 ] ] ] } },
{ "type": "Feature", "properties": { "park_id": 68.0, "park_name": "安西公園", "district": "安南區", "village": "安西里", "heat_risk": 84.681199000018907, "heat_rank": 163.0, "comb_pct": 15.3188009999811, "tree_pct": 15.3188009999811, "bldg_pct": 0.0, "med_inc_k": 559.0, "pop_0_12": 446.0, "risk_class": 4 }, "geometry": { "type": "Polygon", "coordinates": [ [ [ 120.208449, 23.032026 ], [ 120.20784, 23.031881 ], [ 120.207804, 23.031836 ], [ 120.207871, 23.031193 ], [ 120.207925, 23.03116 ], [ 120.209116, 23.031374 ], [ 120.209139, 23.03142 ], [ 120.209058, 23.03182 ], [ 120.208543, 23.03172 ], [ 120.208449, 23.032026 ] ] ] } },
{ "type": "Feature", "properties": { "park_id": 69.0, "park_name": "六甲公園", "district": "北區", "village": "小北里", "heat_risk": 38.240387059613298, "heat_rank": 438.0, "comb_pct": 61.759612940386702, "tree_pct": 61.759612940386702, "bldg_pct": 0.0, "med_inc_k": 444.0, "pop_0_12": 271.0, "risk_class": 1 }, "geometry": { "type": "Polygon", "coordinates": [ [ [ 120.209024, 23.01072 ], [ 120.208941, 23.010361 ], [ 120.208973, 23.010305 ], [ 120.209684, 23.010165 ], [ 120.209731, 23.010364 ], [ 120.20903, 23.010502 ], [ 120.209078, 23.010709 ], [ 120.209024, 23.01072 ] ] ] } },
{ "type": "Feature", "properties": { "park_id": 70.0, "park_name": "公兒30公園", "district": "北區", "village": "北門里", "heat_risk": 87.471666803053793, "heat_rank": 146.0, "comb_pct": 12.528333196946299, "tree_pct": 12.528333196946299, "bldg_pct": 0.0, "med_inc_k": 423.0, "pop_0_12": 351.0, "risk_class": 4 }, "geometry": { "type": "Polygon", "coordinates": [ [ [ 120.215694, 23.013477 ], [ 120.215303, 23.013542 ], [ 120.215243, 23.013322 ], [ 120.215537, 23.013296 ], [ 120.215556, 23.013347 ], [ 120.21567, 23.013329 ], [ 120.215694, 23.013477 ] ] ] } },
{ "type": "Feature", "properties": { "park_id": 71.0, "park_name": "光武運動公園", "district": "北區", "village": "大光里", "heat_risk": 66.608951223625596, "heat_rank": 274.0, "comb_pct": 33.391048776374397, "tree_pct": 33.391048776374397, "bldg_pct": 0.0, "med_inc_k": 463.0, "pop_0_12": 346.0, "risk_class": 3 }, "geometry": { "type": "Polygon", "coordinates": [ [ [ 120.214677, 23.012177 ], [ 120.214618, 23.011782 ], [ 120.214272, 23.0118 ], [ 120.214205, 23.011327 ], [ 120.214577, 23.011212 ], [ 120.214623, 23.011239 ], [ 120.214748, 23.01177 ], [ 120.214677, 23.011781 ], [ 120.214744, 23.012158 ], [ 120.214677, 23.012177 ] ] ] } },
{ "type": "Feature", "properties": { "park_id": 72.0, "park_name": "公兒18-1", "district": "永康區", "village": "復華里", "heat_risk": 75.018578701549998, "heat_rank": 227.0, "comb_pct": 24.981421298450002, "tree_pct": 23.7105691072775, "bldg_pct": 2.0862446574041198, "med_inc_k": 454.0, "pop_0_12": 878.0, "risk_class": 3 }, "geometry": { "type": "Polygon", "coordinates": [ [ [ 120.247114, 23.013898 ], [ 120.247574, 23.01434 ], [ 120.247265, 23.014562 ], [ 120.246882, 23.014235 ], [ 120.247009, 23.014065 ], [ 120.247114, 23.013898 ] ] ] } },
{ "type": "Feature", "properties": { "park_id": 73.0, "park_name": "長榮大草原", "district": "東區", "village": "中西里", "heat_risk": 65.533432767121894, "heat_rank": 280.0, "comb_pct": 34.466567232878099, "tree_pct": 34.466567232878099, "bldg_pct": 0.0, "med_inc_k": 588.0, "pop_0_12": 455.0, "risk_class": 3 }, "geometry": { "type": "Polygon", "coordinates": [ [ [ 120.22204, 22.989514 ], [ 120.222321, 22.988967 ], [ 120.22299, 22.989259 ], [ 120.222708, 22.989806 ], [ 120.22204, 22.989514 ] ] ] } },
{ "type": "Feature", "properties": { "park_id": 74.0, "park_name": "九份子樂活公園", "district": "安南區", "village": "國安里", "heat_risk": 100.0, "heat_rank": 1.0, "comb_pct": 0.0, "tree_pct": 0.0, "bldg_pct": 0.0, "med_inc_k": 778.0, "pop_0_12": 1654.0, "risk_class": 5 }, "geometry": { "type": "Polygon", "coordinates": [ [ [ 120.184843, 23.024804 ], [ 120.18475, 23.025192 ], [ 120.184545, 23.025156 ], [ 120.184553, 23.025049 ], [ 120.184307, 23.025003 ], [ 120.184365, 23.024707 ], [ 120.184843, 23.024804 ] ] ] } },
{ "type": "Feature", "properties": { "park_id": 75.0, "park_name": "崇善公園", "district": "東區", "village": "崇善里", "heat_risk": 60.318302387330299, "heat_rank": 305.0, "comb_pct": 39.681697612669701, "tree_pct": 39.658268021257399, "bldg_pct": 0.096786499130244896, "med_inc_k": 593.0, "pop_0_12": 466.0, "risk_class": 2 }, "geometry": { "type": "Polygon", "coordinates": [ [ [ 120.230299, 22.974975 ], [ 120.229569, 22.974683 ], [ 120.229744, 22.974271 ], [ 120.230496, 22.974547 ], [ 120.230299, 22.974975 ] ] ] } },
{ "type": "Feature", "properties": { "park_id": 76.0, "park_name": "平安情社區公園", "district": "南區", "village": "喜北里", "heat_risk": 73.474499349495403, "heat_rank": 233.0, "comb_pct": 26.5255006505046, "tree_pct": 26.5255006505046, "bldg_pct": 0.0, "med_inc_k": 366.0, "pop_0_12": 174.0, "risk_class": 3 }, "geometry": { "type": "Polygon", "coordinates": [ [ [ 120.178428, 22.942619 ], [ 120.178392, 22.942579 ], [ 120.178428, 22.942369 ], [ 120.178558, 22.942203 ], [ 120.178699, 22.942083 ], [ 120.179147, 22.942513 ], [ 120.179017, 22.942712 ], [ 120.178428, 22.942619 ] ] ] } },
{ "type": "Feature", "properties": { "park_id": 77.0, "park_name": "公兒3城光重劃區公園（仁德地區）", "district": "仁德區", "village": "仁德里", "heat_risk": 51.078450665997003, "heat_rank": 366.0, "comb_pct": 48.921549334002997, "tree_pct": 48.921549334002997, "bldg_pct": 0.0, "med_inc_k": 611.0, "pop_0_12": 1230.0, "risk_class": 2 }, "geometry": { "type": "Polygon", "coordinates": [ [ [ 120.243424, 22.97721 ], [ 120.243135, 22.976966 ], [ 120.243037, 22.976212 ], [ 120.24332, 22.97617 ], [ 120.243394, 22.976716 ], [ 120.243424, 22.97721 ] ] ] } },
{ "type": "Feature", "properties": { "park_id": 78.0, "park_name": "公兒21", "district": "新營區", "village": "新南里", "heat_risk": 73.2444955142753, "heat_rank": 236.0, "comb_pct": 26.7555044857247, "tree_pct": 26.7555044857247, "bldg_pct": 0.0, "med_inc_k": 641.0, "pop_0_12": 750.0, "risk_class": 3 }, "geometry": { "type": "Polygon", "coordinates": [ [ [ 120.295463, 23.307634 ], [ 120.2954, 23.307225 ], [ 120.295788, 23.307208 ], [ 120.295844, 23.307611 ], [ 120.295463, 23.307634 ] ] ] } },
{ "type": "Feature", "properties": { "park_id": 79.0, "park_name": "吉安公園", "district": "安南區", "village": "大安里", "heat_risk": 99.775221143056399, "heat_rank": 43.0, "comb_pct": 0.22477885694362101, "tree_pct": 0.22477885694362101, "bldg_pct": 0.0, "med_inc_k": 432.0, "pop_0_12": 402.0, "risk_class": 5 }, "geometry": { "type": "Polygon", "coordinates": [ [ [ 120.196238, 23.031028 ], [ 120.195352, 23.031556 ], [ 120.195275, 23.03155 ], [ 120.195093, 23.031312 ], [ 120.195096, 23.03126 ], [ 120.195761, 23.030877 ], [ 120.195784, 23.030825 ], [ 120.195535, 23.030259 ], [ 120.195558, 23.03022 ], [ 120.195858, 23.030191 ], [ 120.196238, 23.031028 ] ] ] } },
{ "type": "Feature", "properties": { "park_id": 80.0, "park_name": "理想巴洛克公園", "district": "安南區", "village": "理想里", "heat_risk": 91.772667644906306, "heat_rank": 115.0, "comb_pct": 8.2273323550936706, "tree_pct": 7.4802671554864402, "bldg_pct": 0.74706519960723305, "med_inc_k": 465.0, "pop_0_12": 475.0, "risk_class": 4 }, "geometry": { "type": "Polygon", "coordinates": [ [ [ 120.193039, 23.035029 ], [ 120.193405, 23.034794 ], [ 120.193564, 23.035004 ], [ 120.193198, 23.035239 ], [ 120.193039, 23.035029 ] ] ] } },
{ "type": "Feature", "properties": { "park_id": 81.0, "park_name": "理想社區公園", "district": "安南區", "village": "理想里", "heat_risk": 99.951747494360006, "heat_rank": 38.0, "comb_pct": 0.048252505639948803, "tree_pct": 0.0, "bldg_pct": 0.048252505639948803, "med_inc_k": 465.0, "pop_0_12": 475.0, "risk_class": 5 }, "geometry": { "type": "GeometryCollection", "geometries": [ { "type": "Polygon", "coordinates": [ [ [ 120.193026, 23.032965 ], [ 120.192457, 23.033286 ], [ 120.192244, 23.032966 ], [ 120.192644, 23.03274 ], [ 120.192828, 23.033017 ], [ 120.192997, 23.032921 ], [ 120.193026, 23.032965 ] ] ] }, { "type": "LineString", "coordinates": [ [ 120.192236, 23.032971 ], [ 120.192244, 23.032966 ] ] } ] } },
{ "type": "Feature", "properties": { "park_id": 82.0, "park_name": "公一", "district": "歸仁區", "village": "沙崙里", "heat_risk": 81.3164727219485, "heat_rank": 188.0, "comb_pct": 18.6835272780515, "tree_pct": 18.6835272780515, "bldg_pct": 0.0, "med_inc_k": 565.0, "pop_0_12": 433.0, "risk_class": 4 }, "geometry": { "type": "Polygon", "coordinates": [ [ [ 120.2911, 22.926154 ], [ 120.290515, 22.927313 ], [ 120.290478, 22.927331 ], [ 120.289693, 22.927007 ], [ 120.289673, 22.926959 ], [ 120.29024, 22.925817 ], [ 120.290304, 22.925798 ], [ 120.291089, 22.92612 ], [ 120.2911, 22.926154 ] ] ] } },
{ "type": "Feature", "properties": { "park_id": 83.0, "park_name": "公二", "district": "歸仁區", "village": "武東里", "heat_risk": 69.580427687916995, "heat_rank": 261.0, "comb_pct": 30.419572312083002, "tree_pct": 30.419572312083002, "bldg_pct": 0.0, "med_inc_k": 590.0, "pop_0_12": 487.0, "risk_class": 3 }, "geometry": { "type": "Polygon", "coordinates": [ [ [ 120.286866, 22.927576 ], [ 120.286488, 22.928303 ], [ 120.285442, 22.927849 ], [ 120.285887, 22.927133 ], [ 120.286866, 22.927576 ] ] ] } },
{ "type": "Feature", "properties": { "park_id": 84.0, "park_name": "公四", "district": "歸仁區", "village": "武東里", "heat_risk": 70.751527055802597, "heat_rank": 254.0, "comb_pct": 29.248472944197399, "tree_pct": 29.248472944197399, "bldg_pct": 0.0, "med_inc_k": 590.0, "pop_0_12": 487.0, "risk_class": 3 }, "geometry": { "type": "Polygon", "coordinates": [ [ [ 120.284741, 22.926682 ], [ 120.28479, 22.926824 ], [ 120.28479, 22.926937 ], [ 120.284495, 22.927466 ], [ 120.283363, 22.926967 ], [ 120.283744, 22.926231 ], [ 120.284741, 22.926682 ] ] ] } },
{ "type": "Feature", "properties": { "park_id": 85.0, "park_name": "公兒三", "district": "歸仁區", "village": "武東里", "heat_risk": 72.128702117767702, "heat_rank": 245.0, "comb_pct": 27.871297882232302, "tree_pct": 27.871297882232302, "bldg_pct": 0.0, "med_inc_k": 590.0, "pop_0_12": 487.0, "risk_class": 3 }, "geometry": { "type": "Polygon", "coordinates": [ [ [ 120.285799, 22.931219 ], [ 120.285434, 22.931826 ], [ 120.284672, 22.931478 ], [ 120.285021, 22.930853 ], [ 120.285799, 22.931219 ] ] ] } },
{ "type": "Feature", "properties": { "park_id": 86.0, "park_name": "公兒二", "district": "歸仁區", "village": "沙崙里", "heat_risk": 76.157807805721504, "heat_rank": 220.0, "comb_pct": 23.8421921942785, "tree_pct": 23.8421921942785, "bldg_pct": 0.0, "med_inc_k": 565.0, "pop_0_12": 433.0, "risk_class": 3 }, "geometry": { "type": "Polygon", "coordinates": [ [ [ 120.289194, 22.930705 ], [ 120.29004, 22.931094 ], [ 120.289527, 22.932041 ], [ 120.288681, 22.931652 ], [ 120.289194, 22.930705 ] ] ] } },
{ "type": "Feature", "properties": { "park_id": 87.0, "park_name": "喜樹生活公園", "district": "南區", "village": "喜南里", "heat_risk": 95.111860039243396, "heat_rank": 93.0, "comb_pct": 4.8881399607566403, "tree_pct": 4.8881399607566403, "bldg_pct": 0.0, "med_inc_k": 335.0, "pop_0_12": 57.0, "risk_class": 5 }, "geometry": { "type": "Polygon", "coordinates": [ [ [ 120.178606, 22.940766 ], [ 120.178802, 22.9402 ], [ 120.17874, 22.940179 ], [ 120.178789, 22.940048 ], [ 120.178258, 22.939885 ], [ 120.178336, 22.939614 ], [ 120.179406, 22.939896 ], [ 120.179661, 22.939839 ], [ 120.178833, 22.940775 ], [ 120.178887, 22.940825 ], [ 120.178853, 22.940862 ], [ 120.178606, 22.940766 ] ] ] } },
{ "type": "Feature", "properties": { "park_id": 88.0, "park_name": "舉喜段公兒S2 公園", "district": "南區", "village": "省躬里", "heat_risk": 83.364471052230897, "heat_rank": 172.0, "comb_pct": 16.6355289477691, "tree_pct": 16.6355289477691, "bldg_pct": 0.0, "med_inc_k": 505.0, "pop_0_12": 524.0, "risk_class": 4 }, "geometry": { "type": "Polygon", "coordinates": [ [ [ 120.187202, 22.935219 ], [ 120.187131, 22.93525 ], [ 120.186205, 22.934788 ], [ 120.18617, 22.934763 ], [ 120.186838, 22.934613 ], [ 120.186994, 22.934664 ], [ 120.187202, 22.935219 ] ] ] } },
{ "type": "Feature", "properties": { "park_id": 89.0, "park_name": "光復里公兒17-2鄰里公園", "district": "永康區", "village": "光復里", "heat_risk": 85.616748482033202, "heat_rank": 158.0, "comb_pct": 14.3832515179668, "tree_pct": 14.3832515179668, "bldg_pct": 0.0, "med_inc_k": 691.0, "pop_0_12": 145.0, "risk_class": 4 }, "geometry": { "type": "Polygon", "coordinates": [ [ [ 120.245419, 22.998734 ], [ 120.245418, 22.999046 ], [ 120.244941, 22.999035 ], [ 120.244948, 22.998744 ], [ 120.245419, 22.998734 ] ] ] } },
{ "type": "Feature", "properties": { "park_id": 90.0, "park_name": "文心公園", "district": "仁德區", "village": "仁德里", "heat_risk": 68.757645254572296, "heat_rank": 263.0, "comb_pct": 31.242354745427701, "tree_pct": 31.242354745427701, "bldg_pct": 0.0, "med_inc_k": 611.0, "pop_0_12": 1230.0, "risk_class": 3 }, "geometry": { "type": "Polygon", "coordinates": [ [ [ 120.241606, 22.974337 ], [ 120.241474, 22.973924 ], [ 120.241519, 22.973853 ], [ 120.242751, 22.973464 ], [ 120.242914, 22.97399 ], [ 120.241769, 22.974363 ], [ 120.241606, 22.974337 ] ] ] } },
{ "type": "Feature", "properties": { "park_id": 91.0, "park_name": "公園道", "district": "佳里區", "village": "安西里", "heat_risk": 65.2777940037587, "heat_rank": 281.0, "comb_pct": 34.7222059962413, "tree_pct": 34.7222059962413, "bldg_pct": 0.0, "med_inc_k": 486.0, "pop_0_12": 777.0, "risk_class": 3 }, "geometry": { "type": "MultiPolygon", "coordinates": [ [ [ [ 120.172755, 23.157954 ], [ 120.172735, 23.157996 ], [ 120.172708, 23.158011 ], [ 120.172563, 23.157993 ], [ 120.172543, 23.157962 ], [ 120.172719, 23.156608 ], [ 120.172911, 23.156631 ], [ 120.172755, 23.157954 ] ] ], [ [ [ 120.172657, 23.158695 ], [ 120.172452, 23.158667 ], [ 120.172529, 23.158067 ], [ 120.172548, 23.158055 ], [ 120.172714, 23.158074 ], [ 120.172739, 23.158118 ], [ 120.172657, 23.158695 ] ] ], [ [ [ 120.172587, 23.159453 ], [ 120.172531, 23.159482 ], [ 120.172363, 23.159433 ], [ 120.172441, 23.158743 ], [ 120.172648, 23.15876 ], [ 120.172587, 23.159453 ] ] ], [ [ [ 120.172563, 23.159691 ], [ 120.172573, 23.161287 ], [ 120.172547, 23.161308 ], [ 120.172405, 23.161304 ], [ 120.17236, 23.161277 ], [ 120.172348, 23.159661 ], [ 120.172391, 23.159616 ], [ 120.172524, 23.159632 ], [ 120.172563, 23.159691 ] ] ], [ [ [ 120.172601, 23.162133 ], [ 120.172555, 23.162157 ], [ 120.17242, 23.162151 ], [ 120.172378, 23.16212 ], [ 120.172363, 23.16141 ], [ 120.172403, 23.161372 ], [ 120.17255, 23.161366 ], [ 120.172575, 23.161409 ], [ 120.172601, 23.162133 ] ] ], [ [ [ 120.172604, 23.162955 ], [ 120.172558, 23.162991 ], [ 120.172425, 23.162989 ], [ 120.172389, 23.162948 ], [ 120.172377, 23.162235 ], [ 120.172417, 23.16221 ], [ 120.172563, 23.162209 ], [ 120.172595, 23.16225 ], [ 120.172604, 23.162955 ] ] ], [ [ [ 120.172819, 23.163177 ], [ 120.172851, 23.16322 ], [ 120.173034, 23.163872 ], [ 120.173013, 23.163917 ], [ 120.17273, 23.163913 ], [ 120.172704, 23.163881 ], [ 120.172699, 23.163596 ], [ 120.172535, 23.163227 ], [ 120.172565, 23.163171 ], [ 120.172819, 23.163177 ] ] ], [ [ [ 120.173804, 23.153511 ], [ 120.174174, 23.153275 ], [ 120.174476, 23.153164 ], [ 120.174551, 23.153361 ], [ 120.174238, 23.153499 ], [ 120.174028, 23.15362 ], [ 120.173729, 23.153847 ], [ 120.17367, 23.153878 ], [ 120.173627, 23.153865 ], [ 120.173562, 23.153812 ], [ 120.173536, 23.153773 ], [ 120.173543, 23.153726 ], [ 120.173804, 23.153511 ] ] ], [ [ [ 120.173372, 23.154314 ], [ 120.173186, 23.154671 ], [ 120.17314, 23.154882 ], [ 120.172943, 23.154848 ], [ 120.172969, 23.154668 ], [ 120.173041, 23.154448 ], [ 120.173167, 23.154177 ], [ 120.173328, 23.153956 ], [ 120.173386, 23.153927 ], [ 120.173532, 23.154032 ], [ 120.173372, 23.154314 ] ] ], [ [ [ 120.172729, 23.156534 ], [ 120.172912, 23.155133 ], [ 120.173093, 23.15515 ], [ 120.172919, 23.156551 ], [ 120.172729, 23.156534 ] ] ], [ [ [ 120.172984, 23.16435 ], [ 120.173009, 23.164381 ], [ 120.173023, 23.165016 ], [ 120.172996, 23.165053 ], [ 120.172784, 23.165057 ], [ 120.172752, 23.165015 ], [ 120.17273, 23.164392 ], [ 120.172785, 23.164353 ], [ 120.172984, 23.16435 ] ] ], [ [ [ 120.173266, 23.165611 ], [ 120.173522, 23.165828 ], [ 120.173529, 23.165882 ], [ 120.173388, 23.166035 ], [ 120.173341, 23.166025 ], [ 120.173, 23.165694 ], [ 120.172858, 23.165512 ], [ 120.172798, 23.165388 ], [ 120.172778, 23.165287 ], [ 120.172775, 23.165179 ], [ 120.17282, 23.165128 ], [ 120.173008, 23.165115 ], [ 120.17303, 23.16514 ], [ 120.173031, 23.165265 ], [ 120.173092, 23.165421 ], [ 120.173266, 23.165611 ] ] ], [ [ [ 120.173629, 23.165932 ], [ 120.174146, 23.166421 ], [ 120.174147, 23.166475 ], [ 120.174038, 23.166624 ], [ 120.173986, 23.166634 ], [ 120.17343, 23.166112 ], [ 120.173432, 23.166061 ], [ 120.173575, 23.16593 ], [ 120.173629, 23.165932 ] ] ], [ [ [ 120.17433, 23.167275 ], [ 120.17434, 23.167174 ], [ 120.174339, 23.167077 ], [ 120.17432, 23.166961 ], [ 120.174216, 23.166804 ], [ 120.174296, 23.166674 ], [ 120.174309, 23.166665 ], [ 120.174327, 23.166663 ], [ 120.174692, 23.166835 ], [ 120.174715, 23.166855 ], [ 120.174724, 23.166883 ], [ 120.174708, 23.166927 ], [ 120.174025, 23.168322 ], [ 120.174005, 23.168346 ], [ 120.173985, 23.168349 ], [ 120.17385, 23.168292 ], [ 120.173838, 23.168278 ], [ 120.173838, 23.168265 ], [ 120.17428, 23.167366 ], [ 120.17433, 23.167275 ] ] ] ] } },
{ "type": "Feature", "properties": { "park_id": 92.0, "park_name": "四季公園", "district": "安平區", "village": "王城里", "heat_risk": 72.695116763375196, "heat_rank": 241.0, "comb_pct": 27.304883236624899, "tree_pct": 27.304883236624899, "bldg_pct": 0.0, "med_inc_k": 392.0, "pop_0_12": 260.0, "risk_class": 3 }, "geometry": { "type": "MultiPolygon", "coordinates": [ [ [ [ 120.158437, 23.002121 ], [ 120.158393, 23.002122 ], [ 120.158311, 23.00209 ], [ 120.15831, 23.002039 ], [ 120.15851, 23.001773 ], [ 120.158544, 23.001754 ], [ 120.158654, 23.001804 ], [ 120.158652, 23.001823 ], [ 120.158437, 23.002121 ] ] ], [ [ [ 120.158324, 23.002264 ], [ 120.158331, 23.002301 ], [ 120.157608, 23.003421 ], [ 120.157557, 23.00343 ], [ 120.157477, 23.003387 ], [ 120.157477, 23.003342 ], [ 120.158093, 23.002249 ], [ 120.158155, 23.002226 ], [ 120.158324, 23.002264 ] ] ] ] } },
{ "type": "Feature", "properties": { "park_id": 93.0, "park_name": "南門路三角公園", "district": "鹽水區", "village": "橋南里", "heat_risk": 100.0, "heat_rank": 1.0, "comb_pct": 0.0, "tree_pct": 0.0, "bldg_pct": 0.0, "med_inc_k": 439.0, "pop_0_12": 320.0, "risk_class": 5 }, "geometry": { "type": "Polygon", "coordinates": [ [ [ 120.270677, 23.311632 ], [ 120.270637, 23.31161 ], [ 120.270655, 23.311351 ], [ 120.270693, 23.311319 ], [ 120.271009, 23.311319 ], [ 120.271019, 23.311359 ], [ 120.270677, 23.311632 ] ] ] } },
{ "type": "Feature", "properties": { "park_id": 94.0, "park_name": "安平區政綠園", "district": "安平區", "village": "平通里", "heat_risk": 81.781804659612007, "heat_rank": 185.0, "comb_pct": 18.218195340388, "tree_pct": 18.0671829097444, "bldg_pct": 0.15101387699414001, "med_inc_k": 519.0, "pop_0_12": 809.0, "risk_class": 4 }, "geometry": { "type": "Polygon", "coordinates": [ [ [ 120.169308, 22.995401 ], [ 120.167685, 22.995573 ], [ 120.167651, 22.995545 ], [ 120.167665, 22.994682 ], [ 120.168147, 22.994642 ], [ 120.168159, 22.994747 ], [ 120.167929, 22.994763 ], [ 120.167938, 22.994901 ], [ 120.168143, 22.994888 ], [ 120.168153, 22.99496 ], [ 120.168557, 22.994932 ], [ 120.168561, 22.994973 ], [ 120.169175, 22.994916 ], [ 120.169192, 22.994998 ], [ 120.169219, 22.995023 ], [ 120.169281, 22.99501 ], [ 120.169308, 22.995401 ] ] ] } },
{ "type": "Feature", "properties": { "park_id": 95.0, "park_name": "獅子步道", "district": "新營區", "village": "新南里", "heat_risk": 79.788274257836505, "heat_rank": 199.0, "comb_pct": 20.211725742163502, "tree_pct": 20.211725742163502, "bldg_pct": 0.0, "med_inc_k": 641.0, "pop_0_12": 750.0, "risk_class": 3 }, "geometry": { "type": "Polygon", "coordinates": [ [ [ 120.299339, 23.309555 ], [ 120.299336, 23.309486 ], [ 120.299815, 23.309454 ], [ 120.299837, 23.309523 ], [ 120.299339, 23.309555 ] ] ] } },
{ "type": "Feature", "properties": { "park_id": 96.0, "park_name": "獅子步道", "district": "新營區", "village": "新南里", "heat_risk": 96.394373828437594, "heat_rank": 84.0, "comb_pct": 3.6056261715623901, "tree_pct": 3.6056261715623901, "bldg_pct": 0.0, "med_inc_k": 641.0, "pop_0_12": 750.0, "risk_class": 5 }, "geometry": { "type": "Polygon", "coordinates": [ [ [ 120.298693, 23.309594 ], [ 120.298604, 23.309526 ], [ 120.299336, 23.309486 ], [ 120.299339, 23.309555 ], [ 120.298693, 23.309594 ] ] ] } },
{ "type": "Feature", "properties": { "park_id": 97.0, "park_name": "新南社區公園", "district": "新營區", "village": "新南里", "heat_risk": 95.613539866802995, "heat_rank": 88.0, "comb_pct": 4.3864601331969801, "tree_pct": 4.3864601331969801, "bldg_pct": 0.0, "med_inc_k": 641.0, "pop_0_12": 750.0, "risk_class": 5 }, "geometry": { "type": "Polygon", "coordinates": [ [ [ 120.300155, 23.310024 ], [ 120.300012, 23.30991 ], [ 120.299872, 23.309842 ], [ 120.299815, 23.309736 ], [ 120.300047, 23.309738 ], [ 120.30027, 23.309915 ], [ 120.300155, 23.310024 ] ] ] } },
{ "type": "Feature", "properties": { "park_id": 98.0, "park_name": "新南社區發展協會", "district": "新營區", "village": "新南里", "heat_risk": 49.759346961209403, "heat_rank": 373.0, "comb_pct": 50.240653038790597, "tree_pct": 50.240653038790597, "bldg_pct": 0.0, "med_inc_k": 641.0, "pop_0_12": 750.0, "risk_class": 2 }, "geometry": { "type": "Polygon", "coordinates": [ [ [ 120.299854, 23.309734 ], [ 120.299837, 23.309523 ], [ 120.299815, 23.309454 ], [ 120.299805, 23.309193 ], [ 120.300038, 23.309183 ], [ 120.300047, 23.309738 ], [ 120.299854, 23.309734 ] ] ] } },
{ "type": "Feature", "properties": { "park_id": 99.0, "park_name": "興農公園", "district": "南區", "village": "興農里", "heat_risk": 75.9337256590604, "heat_rank": 221.0, "comb_pct": 24.0662743409396, "tree_pct": 24.0662743409396, "bldg_pct": 0.0, "med_inc_k": 479.0, "pop_0_12": 423.0, "risk_class": 3 }, "geometry": { "type": "Polygon", "coordinates": [ [ [ 120.184545, 22.928473 ], [ 120.185132, 22.928526 ], [ 120.185822, 22.928685 ], [ 120.185914, 22.928718 ], [ 120.185649, 22.928936 ], [ 120.185079, 22.929314 ], [ 120.184711, 22.929151 ], [ 120.184435, 22.92892 ], [ 120.184375, 22.928783 ], [ 120.184545, 22.928473 ] ] ] } },
{ "type": "Feature", "properties": { "park_id": 100.0, "park_name": "水交社文化園區", "district": "南區", "village": "明德里", "heat_risk": 60.035581337191303, "heat_rank": 308.0, "comb_pct": 39.964418662808697, "tree_pct": 39.738092082524297, "bldg_pct": 0.26400037525828901, "med_inc_k": 721.0, "pop_0_12": 206.0, "risk_class": 2 }, "geometry": { "type": "Polygon", "coordinates": [ [ [ 120.202003, 22.976916 ], [ 120.202771, 22.976903 ], [ 120.20282, 22.976852 ], [ 120.203502, 22.976849 ], [ 120.203503, 22.97811 ], [ 120.20192, 22.978107 ], [ 120.200707, 22.978136 ], [ 120.200661, 22.976432 ], [ 120.201985, 22.976397 ], [ 120.202003, 22.976916 ] ] ] } },
{ "type": "Feature", "properties": { "park_id": 101.0, "park_name": "公20公園", "district": "鹽水區", "village": "橋南里", "heat_risk": 93.085547335570894, "heat_rank": 105.0, "comb_pct": 6.91445266442914, "tree_pct": 6.91445266442914, "bldg_pct": 0.0, "med_inc_k": 439.0, "pop_0_12": 320.0, "risk_class": 4 }, "geometry": { "type": "Polygon", "coordinates": [ [ [ 120.264384, 23.312006 ], [ 120.264646, 23.312346 ], [ 120.263842, 23.313868 ], [ 120.263563, 23.313912 ], [ 120.263397, 23.313996 ], [ 120.262104, 23.31405 ], [ 120.261873, 23.313902 ], [ 120.261487, 23.313888 ], [ 120.261401, 23.312577 ], [ 120.261691, 23.312395 ], [ 120.263118, 23.312331 ], [ 120.263139, 23.312242 ], [ 120.26404, 23.312223 ], [ 120.264384, 23.312006 ] ] ] } },
{ "type": "Feature", "properties": { "park_id": 102.0, "park_name": "顯宮公園", "district": "安南區", "village": "媽祖宮里", "heat_risk": 51.371697235378498, "heat_rank": 364.0, "comb_pct": 48.628302764621502, "tree_pct": 48.628302764621502, "bldg_pct": 0.0, "med_inc_k": 392.0, "pop_0_12": 137.0, "risk_class": 2 }, "geometry": { "type": "Polygon", "coordinates": [ [ [ 120.124554, 23.038491 ], [ 120.124326, 23.038026 ], [ 120.124445, 23.037936 ], [ 120.124598, 23.038053 ], [ 120.124803, 23.038232 ], [ 120.124574, 23.038497 ], [ 120.124554, 23.038491 ] ] ] } },
{ "type": "Feature", "properties": { "park_id": 103.0, "park_name": "台鹼公園", "district": "安南區", "village": "鹿耳里", "heat_risk": 89.737671415977005, "heat_rank": 130.0, "comb_pct": 10.262328584023001, "tree_pct": 10.262328584023001, "bldg_pct": 0.0, "med_inc_k": 323.0, "pop_0_12": 72.0, "risk_class": 4 }, "geometry": { "type": "Polygon", "coordinates": [ [ [ 120.125168, 23.035173 ], [ 120.125171, 23.03514 ], [ 120.12515, 23.035121 ], [ 120.12518, 23.035045 ], [ 120.125283, 23.03489 ], [ 120.125384, 23.034787 ], [ 120.12549, 23.034708 ], [ 120.125511, 23.034719 ], [ 120.125579, 23.03468 ], [ 120.125874, 23.035184 ], [ 120.12583, 23.035219 ], [ 120.125168, 23.035173 ] ] ] } },
{ "type": "Feature", "properties": { "park_id": 104.0, "park_name": "文中公園", "district": "北區", "village": "文元里", "heat_risk": 48.267539702913403, "heat_rank": 383.0, "comb_pct": 51.732460297086597, "tree_pct": 51.732460297086597, "bldg_pct": 0.0, "med_inc_k": 615.0, "pop_0_12": 421.0, "risk_class": 2 }, "geometry": { "type": "Polygon", "coordinates": [ [ [ 120.194226, 23.017675 ], [ 120.194285, 23.01735 ], [ 120.194666, 23.017393 ], [ 120.194629, 23.01784 ], [ 120.194572, 23.017861 ], [ 120.194226, 23.017675 ] ] ] } },
{ "type": "Feature", "properties": { "park_id": 105.0, "park_name": "水舞曼波小橋公園", "district": "永康區", "village": "東橋里", "heat_risk": 63.918151044694902, "heat_rank": 288.0, "comb_pct": 36.081848955305098, "tree_pct": 36.065588734056497, "bldg_pct": 0.0813677163518403, "med_inc_k": 925.0, "pop_0_12": 1874.0, "risk_class": 3 }, "geometry": { "type": "Polygon", "coordinates": [ [ [ 120.234543, 23.023169 ], [ 120.233391, 23.022544 ], [ 120.23356, 23.021946 ], [ 120.233806, 23.021411 ], [ 120.233938, 23.021166 ], [ 120.2353, 23.021882 ], [ 120.234543, 23.023169 ] ] ] } },
{ "type": "Feature", "properties": { "park_id": 106.0, "park_name": "副都心南工區_公60", "district": "東區", "village": "東智里", "heat_risk": 97.923751869646196, "heat_rank": 75.0, "comb_pct": 2.0762481303538101, "tree_pct": 2.0762481303538101, "bldg_pct": 0.0, "med_inc_k": 547.0, "pop_0_12": 616.0, "risk_class": 5 }, "geometry": { "type": "Polygon", "coordinates": [ [ [ 120.21718, 22.962336 ], [ 120.216924, 22.962323 ], [ 120.216915, 22.96209 ], [ 120.216933, 22.961809 ], [ 120.217119, 22.960543 ], [ 120.217167, 22.960505 ], [ 120.217351, 22.960505 ], [ 120.217375, 22.960545 ], [ 120.21718, 22.9622 ], [ 120.21718, 22.962336 ] ] ] } },
{ "type": "Feature", "properties": { "park_id": 107.0, "park_name": "新順公園", "district": "安南區", "village": "新順里", "heat_risk": 83.269115949668304, "heat_rank": 173.0, "comb_pct": 16.730884050331699, "tree_pct": 16.730884050331699, "bldg_pct": 0.0, "med_inc_k": 544.0, "pop_0_12": 849.0, "risk_class": 4 }, "geometry": { "type": "MultiPolygon", "coordinates": [ [ [ [ 120.216354, 23.046775 ], [ 120.215864, 23.046936 ], [ 120.215812, 23.046899 ], [ 120.215929, 23.046378 ], [ 120.215969, 23.046346 ], [ 120.216168, 23.046271 ], [ 120.216354, 23.046775 ] ] ], [ [ [ 120.215649, 23.047108 ], [ 120.215608, 23.04714 ], [ 120.215241, 23.047145 ], [ 120.214926, 23.046958 ], [ 120.214844, 23.046663 ], [ 120.214873, 23.046614 ], [ 120.215759, 23.046394 ], [ 120.2158, 23.046437 ], [ 120.215649, 23.047108 ] ] ] ] } },
{ "type": "Feature", "properties": { "park_id": 108.0, "park_name": "新順公園", "district": "安南區", "village": "新順里", "heat_risk": 83.269115949668304, "heat_rank": 173.0, "comb_pct": 16.730884050331699, "tree_pct": 16.730884050331699, "bldg_pct": 0.0, "med_inc_k": 544.0, "pop_0_12": 849.0, "risk_class": 4 }, "geometry": { "type": "MultiPolygon", "coordinates": [ [ [ [ 120.216354, 23.046775 ], [ 120.215864, 23.046936 ], [ 120.215812, 23.046899 ], [ 120.215929, 23.046378 ], [ 120.215969, 23.046346 ], [ 120.216168, 23.046271 ], [ 120.216354, 23.046775 ] ] ], [ [ [ 120.215649, 23.047108 ], [ 120.215608, 23.04714 ], [ 120.215241, 23.047145 ], [ 120.214926, 23.046958 ], [ 120.214844, 23.046663 ], [ 120.214873, 23.046614 ], [ 120.215759, 23.046394 ], [ 120.2158, 23.046437 ], [ 120.215649, 23.047108 ] ] ] ] } },
{ "type": "Feature", "properties": { "park_id": 109.0, "park_name": "淵西同德公園", "district": "安南區", "village": "淵西里", "heat_risk": 99.871627802675306, "heat_rank": 42.0, "comb_pct": 0.12837219732466501, "tree_pct": 0.12837219732466501, "bldg_pct": 0.0, "med_inc_k": 470.0, "pop_0_12": 704.0, "risk_class": 5 }, "geometry": { "type": "Polygon", "coordinates": [ [ [ 120.168043, 23.055219 ], [ 120.167641, 23.055145 ], [ 120.167494, 23.054381 ], [ 120.167929, 23.054336 ], [ 120.168043, 23.055219 ] ] ] } },
{ "type": "Feature", "properties": { "park_id": 110.0, "park_name": "公1", "district": "西港區", "village": "西港里", "heat_risk": 70.786699996225806, "heat_rank": 253.0, "comb_pct": 29.213300003774201, "tree_pct": 29.213300003774201, "bldg_pct": 0.0, "med_inc_k": 478.0, "pop_0_12": 278.0, "risk_class": 3 }, "geometry": { "type": "Polygon", "coordinates": [ [ [ 120.204154, 23.125734 ], [ 120.203835, 23.126854 ], [ 120.202495, 23.126484 ], [ 120.202783, 23.125652 ], [ 120.203198, 23.125783 ], [ 120.203259, 23.125525 ], [ 120.204154, 23.125734 ] ] ] } },
{ "type": "Feature", "properties": { "park_id": 111.0, "park_name": "南門公園", "district": "中西區", "village": "南門里", "heat_risk": 56.401316489868798, "heat_rank": 329.0, "comb_pct": 43.598683510131202, "tree_pct": 43.0217833776113, "bldg_pct": 0.57935712776114501, "med_inc_k": 627.0, "pop_0_12": 690.0, "risk_class": 2 }, "geometry": { "type": "Polygon", "coordinates": [ [ [ 120.204209, 22.98591 ], [ 120.204347, 22.986935 ], [ 120.203058, 22.987178 ], [ 120.202822, 22.98616 ], [ 120.204045, 22.98596 ], [ 120.204209, 22.98591 ] ] ] } },
{ "type": "Feature", "properties": { "park_id": 112.0, "park_name": "東橋二號公園", "district": "永康區", "village": "東橋里", "heat_risk": 66.676290715990305, "heat_rank": 273.0, "comb_pct": 33.323709284009702, "tree_pct": 33.2613582587651, "bldg_pct": 0.0623510252445829, "med_inc_k": 925.0, "pop_0_12": 1874.0, "risk_class": 3 }, "geometry": { "type": "Polygon", "coordinates": [ [ [ 120.237492, 23.020277 ], [ 120.236589, 23.019801 ], [ 120.236866, 23.019296 ], [ 120.237782, 23.019834 ], [ 120.237492, 23.020277 ] ] ] } },
{ "type": "Feature", "properties": { "park_id": 113.0, "park_name": "萬年公園", "district": "南區", "village": "省躬里", "heat_risk": 91.428079170760199, "heat_rank": 119.0, "comb_pct": 8.5719208292397902, "tree_pct": 8.5479449578448694, "bldg_pct": 0.0239758713949208, "med_inc_k": 505.0, "pop_0_12": 524.0, "risk_class": 4 }, "geometry": { "type": "Polygon", "coordinates": [ [ [ 120.181593, 22.934166 ], [ 120.18023, 22.933751 ], [ 120.180513, 22.932861 ], [ 120.181802, 22.933131 ], [ 120.181988, 22.933175 ], [ 120.181944, 22.933322 ], [ 120.181593, 22.934166 ] ] ] } },
{ "type": "Feature", "properties": { "park_id": 114.0, "park_name": "林默娘公園", "district": "安平區", "village": "億載里", "heat_risk": 84.275506342587406, "heat_rank": 167.0, "comb_pct": 15.7244936574126, "tree_pct": 15.7244936574126, "bldg_pct": 0.0, "med_inc_k": 626.0, "pop_0_12": 446.0, "risk_class": 4 }, "geometry": { "type": "MultiPolygon", "coordinates": [ [ [ [ 120.163233, 22.995915 ], [ 120.161689, 22.995562 ], [ 120.161754, 22.995334 ], [ 120.160274, 22.994976 ], [ 120.160206, 22.99521 ], [ 120.156782, 22.994397 ], [ 120.155889, 22.993204 ], [ 120.156743, 22.992906 ], [ 120.156981, 22.992906 ], [ 120.157202, 22.993162 ], [ 120.157661, 22.993583 ], [ 120.157631, 22.993629 ], [ 120.158707, 22.993883 ], [ 120.163065, 22.994934 ], [ 120.163086, 22.994869 ], [ 120.163194, 22.994895 ], [ 120.163233, 22.995915 ] ] ], [ [ [ 120.163205, 22.994897 ], [ 120.163511, 22.994963 ], [ 120.163585, 22.995037 ], [ 120.163656, 22.995473 ], [ 120.163681, 22.995893 ], [ 120.163632, 22.996316 ], [ 120.163536, 22.996738 ], [ 120.163502, 22.996926 ], [ 120.163465, 22.997243 ], [ 120.16345, 22.997465 ], [ 120.163444, 22.997791 ], [ 120.163345, 22.997792 ], [ 120.16333, 22.997449 ], [ 120.163235, 22.997403 ], [ 120.163211, 22.997366 ], [ 120.163189, 22.997312 ], [ 120.163193, 22.997251 ], [ 120.163216, 22.997213 ], [ 120.163254, 22.99717 ], [ 120.163283, 22.997148 ], [ 120.163303, 22.997143 ], [ 120.163205, 22.994897 ] ] ] ] } },
{ "type": "Feature", "properties": { "park_id": 115.0, "park_name": "林默娘公園", "district": "安平區", "village": "億載里", "heat_risk": 84.275506342587406, "heat_rank": 167.0, "comb_pct": 15.7244936574126, "tree_pct": 15.7244936574126, "bldg_pct": 0.0, "med_inc_k": 626.0, "pop_0_12": 446.0, "risk_class": 4 }, "geometry": { "type": "MultiPolygon", "coordinates": [ [ [ [ 120.163233, 22.995915 ], [ 120.161689, 22.995562 ], [ 120.161754, 22.995334 ], [ 120.160274, 22.994976 ], [ 120.160206, 22.99521 ], [ 120.156782, 22.994397 ], [ 120.155889, 22.993204 ], [ 120.156743, 22.992906 ], [ 120.156981, 22.992906 ], [ 120.157202, 22.993162 ], [ 120.157661, 22.993583 ], [ 120.157631, 22.993629 ], [ 120.158707, 22.993883 ], [ 120.163065, 22.994934 ], [ 120.163086, 22.994869 ], [ 120.163194, 22.994895 ], [ 120.163233, 22.995915 ] ] ], [ [ [ 120.163205, 22.994897 ], [ 120.163511, 22.994963 ], [ 120.163585, 22.995037 ], [ 120.163656, 22.995473 ], [ 120.163681, 22.995893 ], [ 120.163632, 22.996316 ], [ 120.163536, 22.996738 ], [ 120.163502, 22.996926 ], [ 120.163465, 22.997243 ], [ 120.16345, 22.997465 ], [ 120.163444, 22.997791 ], [ 120.163345, 22.997792 ], [ 120.16333, 22.997449 ], [ 120.163235, 22.997403 ], [ 120.163211, 22.997366 ], [ 120.163189, 22.997312 ], [ 120.163193, 22.997251 ], [ 120.163216, 22.997213 ], [ 120.163254, 22.99717 ], [ 120.163283, 22.997148 ], [ 120.163303, 22.997143 ], [ 120.163205, 22.994897 ] ] ] ] } },
{ "type": "Feature", "properties": { "park_id": 116.0, "park_name": "裕敬公園", "district": "東區", "village": "裕聖里", "heat_risk": 42.102571658322503, "heat_rank": 417.0, "comb_pct": 57.897428341677497, "tree_pct": 57.897428341677497, "bldg_pct": 0.0, "med_inc_k": 862.0, "pop_0_12": 1158.0, "risk_class": 1 }, "geometry": { "type": "Polygon", "coordinates": [ [ [ 120.243568, 22.979288 ], [ 120.24351, 22.97923 ], [ 120.243511, 22.978833 ], [ 120.243547, 22.97879 ], [ 120.244446, 22.978792 ], [ 120.244487, 22.97884 ], [ 120.244484, 22.979223 ], [ 120.24444, 22.979284 ], [ 120.243568, 22.979288 ] ] ] } },
{ "type": "Feature", "properties": { "park_id": 117.0, "park_name": "裕華公園", "district": "東區", "village": "裕聖里", "heat_risk": 66.287595100921195, "heat_rank": 276.0, "comb_pct": 33.712404899078798, "tree_pct": 33.712404899078798, "bldg_pct": 0.0, "med_inc_k": 862.0, "pop_0_12": 1158.0, "risk_class": 3 }, "geometry": { "type": "Polygon", "coordinates": [ [ [ 120.246684, 22.978299 ], [ 120.246723, 22.978326 ], [ 120.246719, 22.979204 ], [ 120.246685, 22.979237 ], [ 120.246312, 22.979237 ], [ 120.246273, 22.979202 ], [ 120.246272, 22.978329 ], [ 120.246309, 22.978293 ], [ 120.246684, 22.978299 ] ] ] } },
{ "type": "Feature", "properties": { "park_id": 118.0, "park_name": "文山公園", "district": "仁德區", "village": "仁德里", "heat_risk": 55.203092389281402, "heat_rank": 337.0, "comb_pct": 44.796907610718598, "tree_pct": 44.566286129111901, "bldg_pct": 0.230621481606679, "med_inc_k": 611.0, "pop_0_12": 1230.0, "risk_class": 2 }, "geometry": { "type": "Polygon", "coordinates": [ [ [ 120.24676, 22.975556 ], [ 120.246758, 22.97603 ], [ 120.246476, 22.976026 ], [ 120.24637, 22.975638 ], [ 120.246735, 22.975531 ], [ 120.24676, 22.975556 ] ] ] } },
{ "type": "Feature", "properties": { "park_id": 119.0, "park_name": "仁義三號公園", "district": "仁德區", "village": "仁義里", "heat_risk": 60.207910786405797, "heat_rank": 307.0, "comb_pct": 39.792089213594203, "tree_pct": 39.792089213594203, "bldg_pct": 0.0, "med_inc_k": 512.0, "pop_0_12": 789.0, "risk_class": 2 }, "geometry": { "type": "Polygon", "coordinates": [ [ [ 120.260387, 22.972556 ], [ 120.260351, 22.9723 ], [ 120.261351, 22.972191 ], [ 120.261493, 22.972772 ], [ 120.260485, 22.972575 ], [ 120.260387, 22.972556 ] ] ] } },
{ "type": "Feature", "properties": { "park_id": 120.0, "park_name": "仁義二號公園", "district": "仁德區", "village": "仁義里", "heat_risk": 50.010254270812702, "heat_rank": 371.0, "comb_pct": 49.989745729187298, "tree_pct": 49.989745729187298, "bldg_pct": 0.0, "med_inc_k": 512.0, "pop_0_12": 789.0, "risk_class": 2 }, "geometry": { "type": "Polygon", "coordinates": [ [ [ 120.261267, 22.971664 ], [ 120.261192, 22.971149 ], [ 120.261459, 22.97112 ], [ 120.261575, 22.971629 ], [ 120.261267, 22.971664 ] ] ] } },
{ "type": "Feature", "properties": { "park_id": 121.0, "park_name": "9-1鄰里公園", "district": "永康區", "village": "西灣里", "heat_risk": 27.686906507750699, "heat_rank": 468.0, "comb_pct": 72.313093492249294, "tree_pct": 72.313093492249294, "bldg_pct": 0.0, "med_inc_k": 485.0, "pop_0_12": 867.0, "risk_class": 1 }, "geometry": { "type": "Polygon", "coordinates": [ [ [ 120.261955, 23.011642 ], [ 120.261602, 23.011702 ], [ 120.261556, 23.01137 ], [ 120.261509, 23.0112 ], [ 120.261877, 23.01114 ], [ 120.261936, 23.011402 ], [ 120.261955, 23.011642 ] ] ] } },
{ "type": "Feature", "properties": { "park_id": 122.0, "park_name": "9-3鄰里公園", "district": "永康區", "village": "西灣里", "heat_risk": 42.734971125220397, "heat_rank": 415.0, "comb_pct": 57.265028874779603, "tree_pct": 57.265028874779603, "bldg_pct": 0.0, "med_inc_k": 485.0, "pop_0_12": 867.0, "risk_class": 1 }, "geometry": { "type": "Polygon", "coordinates": [ [ [ 120.260494, 23.007849 ], [ 120.260342, 23.007408 ], [ 120.260827, 23.007254 ], [ 120.260985, 23.007691 ], [ 120.260494, 23.007849 ] ] ] } },
{ "type": "Feature", "properties": { "park_id": 123.0, "park_name": "草湖寮歷史公園", "district": "安南區", "village": "大安里", "heat_risk": 95.953650427764401, "heat_rank": 86.0, "comb_pct": 4.0463495722356404, "tree_pct": 4.0463495722356404, "bldg_pct": 0.0, "med_inc_k": 432.0, "pop_0_12": 402.0, "risk_class": 5 }, "geometry": { "type": "Polygon", "coordinates": [ [ [ 120.196922, 23.031124 ], [ 120.196889, 23.030168 ], [ 120.197699, 23.030144 ], [ 120.197732, 23.031101 ], [ 120.196922, 23.031124 ] ] ] } },
{ "type": "Feature", "properties": { "park_id": 124.0, "park_name": "10-1鄰里公園", "district": "永康區", "village": "崑山里", "heat_risk": 45.432226873072302, "heat_rank": 402.0, "comb_pct": 54.567773126927698, "tree_pct": 54.307198489767401, "bldg_pct": 0.26057463716030899, "med_inc_k": 476.0, "pop_0_12": 589.0, "risk_class": 1 }, "geometry": { "type": "Polygon", "coordinates": [ [ [ 120.258403, 23.004005 ], [ 120.258194, 23.003566 ], [ 120.258832, 23.003349 ], [ 120.259025, 23.003799 ], [ 120.258403, 23.004005 ] ] ] } },
{ "type": "Feature", "properties": { "park_id": 125.0, "park_name": "文良公園", "district": "東區", "village": "和平里", "heat_risk": 60.726896712863699, "heat_rank": 302.0, "comb_pct": 39.273103287136301, "tree_pct": 39.273103287136301, "bldg_pct": 0.0, "med_inc_k": 700.0, "pop_0_12": 458.0, "risk_class": 2 }, "geometry": { "type": "Polygon", "coordinates": [ [ [ 120.232113, 22.974709 ], [ 120.23258, 22.974915 ], [ 120.232304, 22.975653 ], [ 120.232242, 22.975689 ], [ 120.231787, 22.975524 ], [ 120.232113, 22.974709 ] ] ] } },
{ "type": "Feature", "properties": { "park_id": 126.0, "park_name": "王船廣場", "district": "柳營區", "village": "東昇里", "heat_risk": 98.784272910559295, "heat_rank": 57.0, "comb_pct": 1.21572708944069, "tree_pct": 1.21572708944069, "bldg_pct": 0.0, "med_inc_k": 508.0, "pop_0_12": 233.0, "risk_class": 5 }, "geometry": { "type": "Polygon", "coordinates": [ [ [ 120.318125, 23.278903 ], [ 120.318011, 23.27888 ], [ 120.317901, 23.27882 ], [ 120.317783, 23.278713 ], [ 120.317549, 23.278269 ], [ 120.317734, 23.278193 ], [ 120.318117, 23.27819 ], [ 120.318125, 23.278903 ] ] ] } },
{ "type": "Feature", "properties": { "park_id": 127.0, "park_name": "東成公園", "district": "東區", "village": "虎尾里", "heat_risk": 35.472576407409797, "heat_rank": 449.0, "comb_pct": 64.527423592590196, "tree_pct": 64.527423592590196, "bldg_pct": 0.0, "med_inc_k": 588.0, "pop_0_12": 895.0, "risk_class": 1 }, "geometry": { "type": "Polygon", "coordinates": [ [ [ 120.23618, 22.979885 ], [ 120.236534, 22.979921 ], [ 120.236484, 22.980273 ], [ 120.236128, 22.980277 ], [ 120.23618, 22.979885 ] ] ] } },
{ "type": "Feature", "properties": { "park_id": 128.0, "park_name": "舊城公園", "district": "鹽水區", "village": "橋南里", "heat_risk": 80.503745448224805, "heat_rank": 194.0, "comb_pct": 19.496254551775198, "tree_pct": 19.496254551775198, "bldg_pct": 0.0, "med_inc_k": 439.0, "pop_0_12": 320.0, "risk_class": 3 }, "geometry": { "type": "Polygon", "coordinates": [ [ [ 120.264296, 23.314778 ], [ 120.26421, 23.314664 ], [ 120.264365, 23.314155 ], [ 120.26459, 23.314053 ], [ 120.264831, 23.314259 ], [ 120.264296, 23.314778 ] ] ] } },
{ "type": "Feature", "properties": { "park_id": 129.0, "park_name": "麻豆全民公園", "district": "麻豆區", "village": "北勢里", "heat_risk": 60.742147636525303, "heat_rank": 301.0, "comb_pct": 39.257852363474697, "tree_pct": 39.257852363474697, "bldg_pct": 0.0, "med_inc_k": 497.0, "pop_0_12": 67.0, "risk_class": 2 }, "geometry": { "type": "Polygon", "coordinates": [ [ [ 120.249755, 23.189887 ], [ 120.250038, 23.189858 ], [ 120.250103, 23.190098 ], [ 120.250241, 23.190257 ], [ 120.250362, 23.190538 ], [ 120.250345, 23.190976 ], [ 120.250012, 23.19138 ], [ 120.249827, 23.191377 ], [ 120.250144, 23.190648 ], [ 120.250197, 23.190312 ], [ 120.249698, 23.190199 ], [ 120.249755, 23.189887 ] ] ] } },
{ "type": "Feature", "properties": { "park_id": 130.0, "park_name": "元美公園", "district": "北區", "village": "元美里", "heat_risk": 81.268865990387695, "heat_rank": 189.0, "comb_pct": 18.731134009612301, "tree_pct": 18.731134009612301, "bldg_pct": 0.0, "med_inc_k": 654.0, "pop_0_12": 332.0, "risk_class": 4 }, "geometry": { "type": "Polygon", "coordinates": [ [ [ 120.199243, 23.012543 ], [ 120.19946, 23.012571 ], [ 120.199398, 23.013354 ], [ 120.199172, 23.013341 ], [ 120.199243, 23.012543 ] ] ] } },
{ "type": "Feature", "properties": { "park_id": 131.0, "park_name": "自強公園", "district": "東區", "village": "大學里", "heat_risk": 84.583741383081403, "heat_rank": 165.0, "comb_pct": 15.416258616918601, "tree_pct": 11.2424605899085, "bldg_pct": 4.1737980270100801, "med_inc_k": 761.0, "pop_0_12": 150.0, "risk_class": 4 }, "geometry": { "type": "Polygon", "coordinates": [ [ [ 120.223172, 22.996216 ], [ 120.223217, 22.996237 ], [ 120.22339, 22.99817 ], [ 120.223375, 22.998203 ], [ 120.223349, 22.99822 ], [ 120.223044, 22.998243 ], [ 120.222997, 22.998203 ], [ 120.222839, 22.996283 ], [ 120.222846, 22.996253 ], [ 120.222861, 22.996237 ], [ 120.223172, 22.996216 ] ] ] } },
{ "type": "Feature", "properties": { "park_id": 132.0, "park_name": "文宏公園", "district": "仁德區", "village": "仁德里", "heat_risk": 77.172317950447507, "heat_rank": 215.0, "comb_pct": 22.8276820495525, "tree_pct": 21.3191148233268, "bldg_pct": 1.50856722622565, "med_inc_k": 611.0, "pop_0_12": 1230.0, "risk_class": 3 }, "geometry": { "type": "Polygon", "coordinates": [ [ [ 120.243978, 22.974971 ], [ 120.243706, 22.975036 ], [ 120.243628, 22.974731 ], [ 120.243664, 22.974634 ], [ 120.243878, 22.974577 ], [ 120.243978, 22.974971 ] ] ] } },
{ "type": "Feature", "properties": { "park_id": 133.0, "park_name": "德成公園", "district": "仁德區", "village": "成功里", "heat_risk": 95.134879572520404, "heat_rank": 92.0, "comb_pct": 4.8651204274795701, "tree_pct": 4.8651204274795701, "bldg_pct": 0.0, "med_inc_k": 487.0, "pop_0_12": 419.0, "risk_class": 5 }, "geometry": { "type": "Polygon", "coordinates": [ [ [ 120.226737, 22.94097 ], [ 120.226565, 22.940841 ], [ 120.226533, 22.940681 ], [ 120.226659, 22.940182 ], [ 120.227161, 22.940518 ], [ 120.226737, 22.94097 ] ] ] } },
{ "type": "Feature", "properties": { "park_id": 134.0, "park_name": "洲仔尾公園", "district": "永康區", "village": "塩洲里", "heat_risk": 93.883590113898805, "heat_rank": 102.0, "comb_pct": 6.1164098861012297, "tree_pct": 6.0280287474681398, "bldg_pct": 0.088381138633087594, "med_inc_k": 533.0, "pop_0_12": 729.0, "risk_class": 4 }, "geometry": { "type": "Polygon", "coordinates": [ [ [ 120.229348, 23.038412 ], [ 120.228731, 23.037977 ], [ 120.228641, 23.037731 ], [ 120.228615, 23.037583 ], [ 120.228648, 23.037301 ], [ 120.228786, 23.037476 ], [ 120.22893, 23.037542 ], [ 120.229069, 23.037542 ], [ 120.229565, 23.038209 ], [ 120.229348, 23.038412 ] ] ] } },
{ "type": "Feature", "properties": { "park_id": 135.0, "park_name": "西賢公園", "district": "中西區", "village": "西賢里", "heat_risk": 46.998757346175204, "heat_rank": 393.0, "comb_pct": 53.001242653824796, "tree_pct": 53.001242653824796, "bldg_pct": 0.0, "med_inc_k": 605.0, "pop_0_12": 408.0, "risk_class": 1 }, "geometry": { "type": "Polygon", "coordinates": [ [ [ 120.177176, 23.002631 ], [ 120.176758, 23.002076 ], [ 120.17754, 23.002084 ], [ 120.177572, 23.002117 ], [ 120.177558, 23.002585 ], [ 120.177531, 23.002618 ], [ 120.177176, 23.002631 ] ] ] } },
{ "type": "Feature", "properties": { "park_id": 136.0, "park_name": "育平公園", "district": "安平區", "village": "育平里", "heat_risk": 71.114583308287195, "heat_rank": 250.0, "comb_pct": 28.885416691712798, "tree_pct": 28.885416691712798, "bldg_pct": 0.0, "med_inc_k": 536.0, "pop_0_12": 1012.0, "risk_class": 3 }, "geometry": { "type": "Polygon", "coordinates": [ [ [ 120.167345, 22.988188 ], [ 120.167304, 22.988155 ], [ 120.167259, 22.987733 ], [ 120.167286, 22.987695 ], [ 120.168262, 22.987587 ], [ 120.168316, 22.987612 ], [ 120.168389, 22.988034 ], [ 120.168362, 22.988071 ], [ 120.167345, 22.988188 ] ] ] } },
{ "type": "Feature", "properties": { "park_id": 137.0, "park_name": "寵物運動公園", "district": "安平區", "village": "王城里", "heat_risk": 76.308583200935999, "heat_rank": 219.0, "comb_pct": 23.691416799064001, "tree_pct": 23.691416799064001, "bldg_pct": 0.0, "med_inc_k": 392.0, "pop_0_12": 260.0, "risk_class": 3 }, "geometry": { "type": "Polygon", "coordinates": [ [ [ 120.154415, 23.002491 ], [ 120.154083, 23.003179 ], [ 120.152505, 23.002577 ], [ 120.150188, 23.001494 ], [ 120.148647, 23.000909 ], [ 120.146046, 23.000221 ], [ 120.145028, 22.999108 ], [ 120.145037, 22.999 ], [ 120.145158, 22.998851 ], [ 120.150954, 23.000608 ], [ 120.15293, 23.001421 ], [ 120.154415, 23.002491 ] ] ] } },
{ "type": "Feature", "properties": { "park_id": 138.0, "park_name": "新東環保公園", "district": "新營區", "village": "新東里", "heat_risk": 75.114726410834095, "heat_rank": 226.0, "comb_pct": 24.885273589165902, "tree_pct": 24.885273589165902, "bldg_pct": 0.0, "med_inc_k": 671.0, "pop_0_12": 1121.0, "risk_class": 3 }, "geometry": { "type": "Polygon", "coordinates": [ [ [ 120.326933, 23.317994 ], [ 120.326578, 23.317983 ], [ 120.326597, 23.317504 ], [ 120.326952, 23.317516 ], [ 120.326933, 23.317994 ] ] ] } },
{ "type": "Feature", "properties": { "park_id": 139.0, "park_name": "立人公園", "district": "北區", "village": "和順里", "heat_risk": 90.263662333822495, "heat_rank": 124.0, "comb_pct": 9.7363376661774996, "tree_pct": 6.4359906253536501, "bldg_pct": 3.30034704082385, "med_inc_k": 573.0, "pop_0_12": 573.0, "risk_class": 4 }, "geometry": { "type": "Polygon", "coordinates": [ [ [ 120.202439, 23.00467 ], [ 120.202242, 23.004601 ], [ 120.202409, 23.004245 ], [ 120.202565, 23.004287 ], [ 120.202668, 23.004373 ], [ 120.202439, 23.00467 ] ] ] } },
{ "type": "Feature", "properties": { "park_id": 140.0, "park_name": "郡南二號公園", "district": "南區", "village": "郡南里", "heat_risk": 81.088834966104002, "heat_rank": 190.0, "comb_pct": 18.911165033896001, "tree_pct": 18.911165033896001, "bldg_pct": 0.0, "med_inc_k": 445.0, "pop_0_12": 271.0, "risk_class": 4 }, "geometry": { "type": "Polygon", "coordinates": [ [ [ 120.196604, 22.965422 ], [ 120.196604, 22.965362 ], [ 120.196699, 22.965361 ], [ 120.196695, 22.965279 ], [ 120.196942, 22.96528 ], [ 120.197004, 22.966106 ], [ 120.197052, 22.966215 ], [ 120.19704, 22.966899 ], [ 120.196921, 22.967034 ], [ 120.196914, 22.967327 ], [ 120.196713, 22.967324 ], [ 120.196697, 22.966933 ], [ 120.196736, 22.966892 ], [ 120.196843, 22.966877 ], [ 120.196902, 22.966835 ], [ 120.196868, 22.966614 ], [ 120.196891, 22.966382 ], [ 120.196868, 22.966249 ], [ 120.196811, 22.966189 ], [ 120.196686, 22.966178 ], [ 120.196697, 22.965427 ], [ 120.196604, 22.965422 ] ] ] } },
{ "type": "Feature", "properties": { "park_id": 141.0, "park_name": "南區公兒s55公園", "district": "南區", "village": "府南里", "heat_risk": 86.839969965153998, "heat_rank": 150.0, "comb_pct": 13.160030034846001, "tree_pct": 13.160030034846001, "bldg_pct": 0.0, "med_inc_k": 481.0, "pop_0_12": 411.0, "risk_class": 4 }, "geometry": { "type": "Polygon", "coordinates": [ [ [ 120.196984, 22.967477 ], [ 120.197218, 22.967499 ], [ 120.1973, 22.968282 ], [ 120.197088, 22.968263 ], [ 120.196984, 22.967477 ] ] ] } },
{ "type": "Feature", "properties": { "park_id": 142.0, "park_name": "新寮公園", "district": "安南區", "village": "長安里", "heat_risk": 97.716512534769606, "heat_rank": 77.0, "comb_pct": 2.2834874652304098, "tree_pct": 2.2834874652304098, "bldg_pct": 0.0, "med_inc_k": 463.0, "pop_0_12": 565.0, "risk_class": 5 }, "geometry": { "type": "Polygon", "coordinates": [ [ [ 120.191667, 23.068392 ], [ 120.191743, 23.068326 ], [ 120.192418, 23.068341 ], [ 120.192457, 23.068376 ], [ 120.192448, 23.068615 ], [ 120.19245, 23.068852 ], [ 120.192353, 23.068948 ], [ 120.191667, 23.068392 ] ] ] } },
{ "type": "Feature", "properties": { "park_id": 143.0, "park_name": "竹帽公園", "district": "鹽水區", "village": "岸內里", "heat_risk": 91.562126633738004, "heat_rank": 117.0, "comb_pct": 8.4378733662620302, "tree_pct": 8.4378733662620302, "bldg_pct": 0.0, "med_inc_k": 467.0, "pop_0_12": 404.0, "risk_class": 4 }, "geometry": { "type": "Polygon", "coordinates": [ [ [ 120.273406, 23.326088 ], [ 120.273422, 23.325736 ], [ 120.273704, 23.325742 ], [ 120.274025, 23.325857 ], [ 120.274016, 23.325989 ], [ 120.273924, 23.326041 ], [ 120.273691, 23.326123 ], [ 120.273496, 23.32615 ], [ 120.273449, 23.326146 ], [ 120.27342, 23.326117 ], [ 120.273406, 23.326088 ] ] ] } },
{ "type": "Feature", "properties": { "park_id": 144.0, "park_name": "臺南市衛生局(公10)", "district": "東區", "village": "龍山里", "heat_risk": 57.967801780467497, "heat_rank": 320.0, "comb_pct": 42.032198219532503, "tree_pct": 41.824699190612002, "bldg_pct": 0.20853993708215199, "med_inc_k": 789.0, "pop_0_12": 536.0, "risk_class": 2 }, "geometry": { "type": "Polygon", "coordinates": [ [ [ 120.222729, 22.98261 ], [ 120.223347, 22.983368 ], [ 120.224134, 22.982807 ], [ 120.224424, 22.983153 ], [ 120.224424, 22.983179 ], [ 120.223443, 22.983875 ], [ 120.222533, 22.982759 ], [ 120.222729, 22.98261 ] ] ] } },
{ "type": "Feature", "properties": { "park_id": 145.0, "park_name": "健康藝術公園", "district": "東區", "village": "龍山里", "heat_risk": 74.707837557710306, "heat_rank": 229.0, "comb_pct": 25.292162442289701, "tree_pct": 25.292162442289701, "bldg_pct": 0.0, "med_inc_k": 789.0, "pop_0_12": 536.0, "risk_class": 3 }, "geometry": { "type": "Polygon", "coordinates": [ [ [ 120.22246, 22.985416 ], [ 120.222085, 22.985245 ], [ 120.221997, 22.985167 ], [ 120.222559, 22.984992 ], [ 120.22269, 22.985323 ], [ 120.222692, 22.985341 ], [ 120.222677, 22.985356 ], [ 120.22246, 22.985416 ] ] ] } },
{ "type": "Feature", "properties": { "park_id": 146.0, "park_name": "公兒十六公園", "district": "中西區", "village": "西湖里", "heat_risk": 81.728875789523002, "heat_rank": 186.0, "comb_pct": 18.271124210477002, "tree_pct": 18.271124210477002, "bldg_pct": 0.0, "med_inc_k": 694.0, "pop_0_12": 617.0, "risk_class": 4 }, "geometry": { "type": "Polygon", "coordinates": [ [ [ 120.181291, 23.00439 ], [ 120.181251, 23.004368 ], [ 120.181213, 23.003744 ], [ 120.181904, 23.003708 ], [ 120.181943, 23.004335 ], [ 120.181916, 23.004364 ], [ 120.181291, 23.00439 ] ] ] } },
{ "type": "Feature", "properties": { "park_id": 147.0, "park_name": "二王里社區公園", "district": "永康區", "village": "二王里", "heat_risk": 98.261654542751302, "heat_rank": 69.0, "comb_pct": 1.73834545724874, "tree_pct": 0.0, "bldg_pct": 1.73834545724874, "med_inc_k": 490.0, "pop_0_12": 776.0, "risk_class": 5 }, "geometry": { "type": "Polygon", "coordinates": [ [ [ 120.24254, 23.018256 ], [ 120.242207, 23.018234 ], [ 120.242235, 23.017686 ], [ 120.242552, 23.017684 ], [ 120.24254, 23.018256 ] ] ] } },
{ "type": "Feature", "properties": { "park_id": 148.0, "park_name": "黃金海岸公園", "district": "南區", "village": "省躬里", "heat_risk": 99.489645323643998, "heat_rank": 47.0, "comb_pct": 0.51035467635598797, "tree_pct": 0.51035467635598797, "bldg_pct": 0.0, "med_inc_k": 505.0, "pop_0_12": 524.0, "risk_class": 5 }, "geometry": { "type": "Polygon", "coordinates": [ [ [ 120.17588, 22.933645 ], [ 120.175855, 22.930571 ], [ 120.175815, 22.927979 ], [ 120.176126, 22.927979 ], [ 120.176246, 22.928593 ], [ 120.176161, 22.928659 ], [ 120.176292, 22.929956 ], [ 120.176512, 22.929963 ], [ 120.176518, 22.930836 ], [ 120.176502, 22.931842 ], [ 120.176135, 22.931853 ], [ 120.176172, 22.933654 ], [ 120.17588, 22.933645 ] ] ] } },
{ "type": "Feature", "properties": { "park_id": 149.0, "park_name": "龍中公園", "district": "永康區", "village": "龍埔里", "heat_risk": 82.309687855156199, "heat_rank": 183.0, "comb_pct": 17.690312144843801, "tree_pct": 17.457831077865499, "bldg_pct": 0.41211522490973101, "med_inc_k": 692.0, "pop_0_12": 741.0, "risk_class": 4 }, "geometry": { "type": "Polygon", "coordinates": [ [ [ 120.261382, 23.038331 ], [ 120.261347, 23.038676 ], [ 120.261184, 23.039373 ], [ 120.261223, 23.039435 ], [ 120.26101, 23.039526 ], [ 120.260887, 23.03955 ], [ 120.26072, 23.039598 ], [ 120.260526, 23.038425 ], [ 120.261382, 23.038331 ] ] ] } },
{ "type": "Feature", "properties": { "park_id": 150.0, "park_name": "大恩公園", "district": "南區", "village": "大恩里", "heat_risk": 82.476887080968993, "heat_rank": 180.0, "comb_pct": 17.523112919031, "tree_pct": 17.523112919031, "bldg_pct": 0.0, "med_inc_k": 445.0, "pop_0_12": 214.0, "risk_class": 4 }, "geometry": { "type": "Polygon", "coordinates": [ [ [ 120.209661, 22.965748 ], [ 120.209962, 22.965745 ], [ 120.21012, 22.966317 ], [ 120.209872, 22.96637 ], [ 120.20973, 22.966497 ], [ 120.209827, 22.967178 ], [ 120.209701, 22.967291 ], [ 120.209679, 22.967496 ], [ 120.209139, 22.96748 ], [ 120.209031, 22.967534 ], [ 120.208906, 22.967501 ], [ 120.208835, 22.967639 ], [ 120.207623, 22.967465 ], [ 120.207705, 22.967147 ], [ 120.207632, 22.967032 ], [ 120.207579, 22.966969 ], [ 120.207644, 22.96689 ], [ 120.207703, 22.966874 ], [ 120.209607, 22.96701 ], [ 120.209661, 22.965748 ] ] ] } },
{ "type": "Feature", "properties": { "park_id": 151.0, "park_name": "大恩公園", "district": "南區", "village": "大恩里", "heat_risk": 82.476887080968993, "heat_rank": 180.0, "comb_pct": 17.523112919031, "tree_pct": 17.523112919031, "bldg_pct": 0.0, "med_inc_k": 445.0, "pop_0_12": 214.0, "risk_class": 4 }, "geometry": { "type": "Polygon", "coordinates": [ [ [ 120.209661, 22.965748 ], [ 120.209962, 22.965745 ], [ 120.21012, 22.966317 ], [ 120.209872, 22.96637 ], [ 120.20973, 22.966497 ], [ 120.209827, 22.967178 ], [ 120.209701, 22.967291 ], [ 120.209679, 22.967496 ], [ 120.209139, 22.96748 ], [ 120.209031, 22.967534 ], [ 120.208906, 22.967501 ], [ 120.208835, 22.967639 ], [ 120.207623, 22.967465 ], [ 120.207705, 22.967147 ], [ 120.207632, 22.967032 ], [ 120.207579, 22.966969 ], [ 120.207644, 22.96689 ], [ 120.207703, 22.966874 ], [ 120.209607, 22.96701 ], [ 120.209661, 22.965748 ] ] ] } },
{ "type": "Feature", "properties": { "park_id": 152.0, "park_name": "運河星鑽公園", "district": "中西區", "village": "大涼里", "heat_risk": 67.927131216051094, "heat_rank": 268.0, "comb_pct": 32.072868783948898, "tree_pct": 32.072868783948898, "bldg_pct": 0.0, "med_inc_k": 573.0, "pop_0_12": 299.0, "risk_class": 3 }, "geometry": { "type": "Polygon", "coordinates": [ [ [ 120.189883, 22.995911 ], [ 120.189711, 22.995346 ], [ 120.190789, 22.995084 ], [ 120.191349, 22.994493 ], [ 120.191459, 22.994914 ], [ 120.191234, 22.994936 ], [ 120.191297, 22.995316 ], [ 120.191348, 22.995294 ], [ 120.191407, 22.995291 ], [ 120.191437, 22.995324 ], [ 120.191437, 22.995437 ], [ 120.191413, 22.995494 ], [ 120.191184, 22.995577 ], [ 120.191005, 22.995629 ], [ 120.189883, 22.995911 ] ] ] } },
{ "type": "Feature", "properties": { "park_id": 153.0, "park_name": "竹篙厝公園", "district": "東區", "village": "德高里", "heat_risk": 98.677640456012995, "heat_rank": 60.0, "comb_pct": 1.3223595439870499, "tree_pct": 1.32234222344659, "bldg_pct": 1.7320540465410199e-05, "med_inc_k": 544.0, "pop_0_12": 389.0, "risk_class": 5 }, "geometry": { "type": "Polygon", "coordinates": [ [ [ 120.237292, 22.96341 ], [ 120.237389, 22.963444 ], [ 120.23744, 22.963625 ], [ 120.237593, 22.963696 ], [ 120.237649, 22.964 ], [ 120.237856, 22.96442 ], [ 120.237876, 22.964696 ], [ 120.237279, 22.964742 ], [ 120.237185, 22.964704 ], [ 120.237046, 22.964637 ], [ 120.237003, 22.964607 ], [ 120.237009, 22.964555 ], [ 120.237088, 22.964168 ], [ 120.237249, 22.963439 ], [ 120.237292, 22.96341 ] ] ] } },
{ "type": "Feature", "properties": { "park_id": 154.0, "park_name": "竹篙厝公園", "district": "東區", "village": "德高里", "heat_risk": 98.677640456012995, "heat_rank": 60.0, "comb_pct": 1.3223595439870499, "tree_pct": 1.32234222344659, "bldg_pct": 1.7320540465410199e-05, "med_inc_k": 544.0, "pop_0_12": 389.0, "risk_class": 5 }, "geometry": { "type": "Polygon", "coordinates": [ [ [ 120.237292, 22.96341 ], [ 120.237389, 22.963444 ], [ 120.23744, 22.963625 ], [ 120.237593, 22.963696 ], [ 120.237649, 22.964 ], [ 120.237856, 22.96442 ], [ 120.237876, 22.964696 ], [ 120.237279, 22.964742 ], [ 120.237185, 22.964704 ], [ 120.237046, 22.964637 ], [ 120.237003, 22.964607 ], [ 120.237009, 22.964555 ], [ 120.237088, 22.964168 ], [ 120.237249, 22.963439 ], [ 120.237292, 22.96341 ] ] ] } },
{ "type": "Feature", "properties": { "park_id": 155.0, "park_name": "竹篙厝公園", "district": "東區", "village": "德高里", "heat_risk": 98.677640456012995, "heat_rank": 60.0, "comb_pct": 1.3223595439870499, "tree_pct": 1.32234222344659, "bldg_pct": 1.7320540465410199e-05, "med_inc_k": 544.0, "pop_0_12": 389.0, "risk_class": 5 }, "geometry": { "type": "Polygon", "coordinates": [ [ [ 120.237292, 22.96341 ], [ 120.237389, 22.963444 ], [ 120.23744, 22.963625 ], [ 120.237593, 22.963696 ], [ 120.237649, 22.964 ], [ 120.237856, 22.96442 ], [ 120.237876, 22.964696 ], [ 120.237279, 22.964742 ], [ 120.237185, 22.964704 ], [ 120.237046, 22.964637 ], [ 120.237003, 22.964607 ], [ 120.237009, 22.964555 ], [ 120.237088, 22.964168 ], [ 120.237249, 22.963439 ], [ 120.237292, 22.96341 ] ] ] } },
{ "type": "Feature", "properties": { "park_id": 156.0, "park_name": "大潭埤旺萊公園", "district": "關廟區", "village": "松腳里", "heat_risk": 43.595009987152203, "heat_rank": 411.0, "comb_pct": 56.404990012847797, "tree_pct": 56.404990012847797, "bldg_pct": 0.0, "med_inc_k": 442.0, "pop_0_12": 180.0, "risk_class": 1 }, "geometry": { "type": "Polygon", "coordinates": [ [ [ 120.340166, 22.957426 ], [ 120.340549, 22.957201 ], [ 120.34149, 22.956562 ], [ 120.342722, 22.956655 ], [ 120.342985, 22.9566 ], [ 120.343201, 22.956439 ], [ 120.343351, 22.956585 ], [ 120.343384, 22.956842 ], [ 120.343351, 22.957135 ], [ 120.343344, 22.957441 ], [ 120.343359, 22.957725 ], [ 120.343053, 22.957789 ], [ 120.342707, 22.957898 ], [ 120.342444, 22.958 ], [ 120.342271, 22.957917 ], [ 120.34225, 22.957761 ], [ 120.342412, 22.957528 ], [ 120.342318, 22.957375 ], [ 120.342042, 22.957343 ], [ 120.341779, 22.957388 ], [ 120.341502, 22.957394 ], [ 120.34123, 22.957603 ], [ 120.341246, 22.957977 ], [ 120.341369, 22.958206 ], [ 120.341278, 22.958239 ], [ 120.341214, 22.958191 ], [ 120.341153, 22.958248 ], [ 120.341086, 22.958253 ], [ 120.341033, 22.958204 ], [ 120.341025, 22.958146 ], [ 120.341067, 22.958082 ], [ 120.341174, 22.958107 ], [ 120.341171, 22.958056 ], [ 120.341108, 22.957694 ], [ 120.340914, 22.957649 ], [ 120.340692, 22.957426 ], [ 120.340561, 22.957388 ], [ 120.340166, 22.957426 ] ] ] } },
{ "type": "Feature", "properties": { "park_id": 157.0, "park_name": "飛砂崙公園", "district": "將軍區", "village": "忠嘉里", "heat_risk": 72.687531184217903, "heat_rank": 242.0, "comb_pct": 27.312468815782101, "tree_pct": 27.312468815782101, "bldg_pct": 0.0, "med_inc_k": 393.0, "pop_0_12": 169.0, "risk_class": 3 }, "geometry": { "type": "Polygon", "coordinates": [ [ [ 120.160022, 23.201416 ], [ 120.160023, 23.200946 ], [ 120.160386, 23.200946 ], [ 120.160385, 23.201416 ], [ 120.160022, 23.201416 ] ] ] } },
{ "type": "Feature", "properties": { "park_id": 158.0, "park_name": "文忠公園", "district": "仁德區", "village": "仁德里", "heat_risk": 61.233997810444997, "heat_rank": 299.0, "comb_pct": 38.766002189555003, "tree_pct": 38.766002189555003, "bldg_pct": 0.0, "med_inc_k": 611.0, "pop_0_12": 1230.0, "risk_class": 2 }, "geometry": { "type": "Polygon", "coordinates": [ [ [ 120.239081, 22.974356 ], [ 120.239159, 22.974776 ], [ 120.238978, 22.974852 ], [ 120.238618, 22.975034 ], [ 120.238341, 22.975221 ], [ 120.238048, 22.97549 ], [ 120.237949, 22.974481 ], [ 120.239081, 22.974356 ] ] ] } },
{ "type": "Feature", "properties": { "park_id": 159.0, "park_name": "橋頭海灘公園", "district": "安平區", "village": "金城里", "heat_risk": 59.652654403583597, "heat_rank": 315.0, "comb_pct": 40.347345596416403, "tree_pct": 40.347345596416403, "bldg_pct": 0.0, "med_inc_k": 497.0, "pop_0_12": 195.0, "risk_class": 2 }, "geometry": { "type": "Polygon", "coordinates": [ [ [ 120.147451, 22.989231 ], [ 120.147263, 22.99019 ], [ 120.147239, 22.990352 ], [ 120.14255, 22.994754 ], [ 120.141971, 22.994273 ], [ 120.142205, 22.993946 ], [ 120.142363, 22.99368 ], [ 120.143727, 22.99265 ], [ 120.144198, 22.992302 ], [ 120.144614, 22.991882 ], [ 120.144954, 22.991555 ], [ 120.145332, 22.991237 ], [ 120.146037, 22.990669 ], [ 120.147451, 22.989231 ] ] ] } },
{ "type": "Feature", "properties": { "park_id": 160.0, "park_name": "橋頭海灘公園", "district": "安平區", "village": "金城里", "heat_risk": 59.652654403583597, "heat_rank": 315.0, "comb_pct": 40.347345596416403, "tree_pct": 40.347345596416403, "bldg_pct": 0.0, "med_inc_k": 497.0, "pop_0_12": 195.0, "risk_class": 2 }, "geometry": { "type": "Polygon", "coordinates": [ [ [ 120.147451, 22.989231 ], [ 120.147263, 22.99019 ], [ 120.147239, 22.990352 ], [ 120.14255, 22.994754 ], [ 120.141971, 22.994273 ], [ 120.142205, 22.993946 ], [ 120.142363, 22.99368 ], [ 120.143727, 22.99265 ], [ 120.144198, 22.992302 ], [ 120.144614, 22.991882 ], [ 120.144954, 22.991555 ], [ 120.145332, 22.991237 ], [ 120.146037, 22.990669 ], [ 120.147451, 22.989231 ] ] ] } },
{ "type": "Feature", "properties": { "park_id": 161.0, "park_name": "國平自辦市地重劃區公81", "district": "安平區", "village": "國平里", "heat_risk": 84.892888710555994, "heat_rank": 161.0, "comb_pct": 15.107111289443999, "tree_pct": 15.107111289443999, "bldg_pct": 0.0, "med_inc_k": 623.0, "pop_0_12": 1230.0, "risk_class": 4 }, "geometry": { "type": "Polygon", "coordinates": [ [ [ 120.166462, 22.983371 ], [ 120.166434, 22.983141 ], [ 120.169293, 22.982839 ], [ 120.169321, 22.983069 ], [ 120.166462, 22.983371 ] ] ] } },
{ "type": "Feature", "properties": { "park_id": 162.0, "park_name": "國平自辦市地重劃區公81", "district": "安平區", "village": "國平里", "heat_risk": 94.935039466090899, "heat_rank": 95.0, "comb_pct": 5.06496053390907, "tree_pct": 5.06496053390907, "bldg_pct": 0.0, "med_inc_k": 623.0, "pop_0_12": 1230.0, "risk_class": 5 }, "geometry": { "type": "Polygon", "coordinates": [ [ [ 120.170225, 22.98416 ], [ 120.170209, 22.984103 ], [ 120.17025, 22.984063 ], [ 120.171667, 22.983821 ], [ 120.171713, 22.983839 ], [ 120.171725, 22.983902 ], [ 120.170225, 22.98416 ] ] ] } },
{ "type": "Feature", "properties": { "park_id": 163.0, "park_name": "國平自辦市地重劃區公81", "district": "安平區", "village": "國平里", "heat_risk": 80.784311907207794, "heat_rank": 191.0, "comb_pct": 19.215688092792199, "tree_pct": 19.215688092792199, "bldg_pct": 0.0, "med_inc_k": 623.0, "pop_0_12": 1230.0, "risk_class": 4 }, "geometry": { "type": "Polygon", "coordinates": [ [ [ 120.167874, 22.984567 ], [ 120.167874, 22.984495 ], [ 120.167923, 22.98446 ], [ 120.16988, 22.984129 ], [ 120.16992, 22.984159 ], [ 120.169928, 22.984216 ], [ 120.167874, 22.984567 ] ] ] } },
{ "type": "Feature", "properties": { "park_id": 164.0, "park_name": "國平自辦市地重劃區綠24", "district": "安平區", "village": "國平里", "heat_risk": 99.260271348555605, "heat_rank": 51.0, "comb_pct": 0.73972865144440303, "tree_pct": 0.73972865144440303, "bldg_pct": 0.0, "med_inc_k": 623.0, "pop_0_12": 1230.0, "risk_class": 5 }, "geometry": { "type": "Polygon", "coordinates": [ [ [ 120.166257, 22.984848 ], [ 120.166217, 22.984812 ], [ 120.166248, 22.984754 ], [ 120.167714, 22.984504 ], [ 120.167741, 22.984515 ], [ 120.167755, 22.984543 ], [ 120.16776, 22.984567 ], [ 120.167751, 22.984593 ], [ 120.166257, 22.984848 ] ] ] } },
{ "type": "Feature", "properties": { "park_id": 165.0, "park_name": "健康小公園", "district": "新營區", "village": "忠政里", "heat_risk": 100.0, "heat_rank": 1.0, "comb_pct": 0.0, "tree_pct": 0.0, "bldg_pct": 0.0, "med_inc_k": 550.0, "pop_0_12": 400.0, "risk_class": 5 }, "geometry": { "type": "Polygon", "coordinates": [ [ [ 120.313498, 23.319492 ], [ 120.313381, 23.319331 ], [ 120.31353, 23.319317 ], [ 120.313498, 23.319492 ] ] ] } },
{ "type": "Feature", "properties": { "park_id": 166.0, "park_name": "陽光公園", "district": "北區", "village": "成德里", "heat_risk": 75.779616129696194, "heat_rank": 222.0, "comb_pct": 24.220383870303799, "tree_pct": 24.220383870303799, "bldg_pct": 0.0, "med_inc_k": 709.0, "pop_0_12": 600.0, "risk_class": 3 }, "geometry": { "type": "Polygon", "coordinates": [ [ [ 120.202293, 23.008519 ], [ 120.202304, 23.007788 ], [ 120.202852, 23.008551 ], [ 120.202293, 23.008519 ] ] ] } },
{ "type": "Feature", "properties": { "park_id": 167.0, "park_name": "溪仔墘植物公園", "district": "安南區", "village": "溪墘里", "heat_risk": 90.972895826599697, "heat_rank": 121.0, "comb_pct": 9.0271041734002893, "tree_pct": 9.0271041734002893, "bldg_pct": 0.0, "med_inc_k": 444.0, "pop_0_12": 376.0, "risk_class": 4 }, "geometry": { "type": "Polygon", "coordinates": [ [ [ 120.192292, 23.028017 ], [ 120.19237, 23.027682 ], [ 120.192866, 23.02778 ], [ 120.192788, 23.028115 ], [ 120.192292, 23.028017 ] ] ] } },
{ "type": "Feature", "properties": { "park_id": 168.0, "park_name": "溪東水岸公園", "district": "安南區", "village": "溪東里", "heat_risk": 71.314462757238303, "heat_rank": 249.0, "comb_pct": 28.685537242761701, "tree_pct": 28.685537242761701, "bldg_pct": 0.0, "med_inc_k": 582.0, "pop_0_12": 926.0, "risk_class": 3 }, "geometry": { "type": "Polygon", "coordinates": [ [ [ 120.20012, 23.024827 ], [ 120.200285, 23.024101 ], [ 120.200563, 23.024154 ], [ 120.200398, 23.024881 ], [ 120.20012, 23.024827 ] ] ] } },
{ "type": "Feature", "properties": { "park_id": 169.0, "park_name": "海佃休閒公園", "district": "安南區", "village": "海佃里", "heat_risk": 82.443970460896693, "heat_rank": 182.0, "comb_pct": 17.556029539103299, "tree_pct": 17.556029539103299, "bldg_pct": 0.0, "med_inc_k": 441.0, "pop_0_12": 609.0, "risk_class": 4 }, "geometry": { "type": "Polygon", "coordinates": [ [ [ 120.187578, 23.027624 ], [ 120.187708, 23.027185 ], [ 120.188372, 23.027316 ], [ 120.188274, 23.02776 ], [ 120.187578, 23.027624 ] ] ] } },
{ "type": "Feature", "properties": { "park_id": 170.0, "park_name": "正德公園", "district": "北區", "village": "華德里", "heat_risk": 45.202237889120099, "heat_rank": 404.0, "comb_pct": 54.797762110879901, "tree_pct": 54.797762110879901, "bldg_pct": 0.0, "med_inc_k": 829.0, "pop_0_12": 805.0, "risk_class": 1 }, "geometry": { "type": "Polygon", "coordinates": [ [ [ 120.202834, 23.018848 ], [ 120.203413, 23.018995 ], [ 120.203427, 23.019028 ], [ 120.203296, 23.019402 ], [ 120.202709, 23.019236 ], [ 120.202834, 23.018848 ] ] ] } },
{ "type": "Feature", "properties": { "park_id": 171.0, "park_name": "舉喜重劃-舉喜段公兒S71", "district": "南區", "village": "興農里", "heat_risk": 72.881400140593399, "heat_rank": 239.0, "comb_pct": 27.118599859406601, "tree_pct": 27.118599859406601, "bldg_pct": 0.0, "med_inc_k": 479.0, "pop_0_12": 423.0, "risk_class": 3 }, "geometry": { "type": "Polygon", "coordinates": [ [ [ 120.189858, 22.92608 ], [ 120.189851, 22.925912 ], [ 120.189879, 22.925841 ], [ 120.190469, 22.925598 ], [ 120.190558, 22.925633 ], [ 120.190567, 22.926078 ], [ 120.189858, 22.92608 ] ] ] } },
{ "type": "Feature", "properties": { "park_id": 172.0, "park_name": "親子森林公園", "district": "學甲區", "village": "秀昌里", "heat_risk": 56.018867601683702, "heat_rank": 331.0, "comb_pct": 43.981132398316298, "tree_pct": 43.981132398316298, "bldg_pct": 0.0, "med_inc_k": 435.0, "pop_0_12": 244.0, "risk_class": 2 }, "geometry": { "type": "Polygon", "coordinates": [ [ [ 120.174271, 23.238178 ], [ 120.17343, 23.238356 ], [ 120.173234, 23.237582 ], [ 120.17362, 23.237353 ], [ 120.1737, 23.23773 ], [ 120.173731, 23.237914 ], [ 120.174191, 23.237804 ], [ 120.174271, 23.238178 ] ] ] } },
{ "type": "Feature", "properties": { "park_id": 173.0, "park_name": "公3（高鐵特定區）", "district": "歸仁區", "village": "武東里", "heat_risk": 100.0, "heat_rank": 1.0, "comb_pct": 0.0, "tree_pct": 0.0, "bldg_pct": 0.0, "med_inc_k": 590.0, "pop_0_12": 487.0, "risk_class": 5 }, "geometry": { "type": "Polygon", "coordinates": [ [ [ 120.288393, 22.922608 ], [ 120.288327, 22.922581 ], [ 120.288319, 22.922558 ], [ 120.288383, 22.922427 ], [ 120.288464, 22.92246 ], [ 120.288393, 22.922608 ] ] ] } },
{ "type": "Feature", "properties": { "park_id": 174.0, "park_name": "公3（高鐵特定區）", "district": "歸仁區", "village": "武東里", "heat_risk": 100.0, "heat_rank": 1.0, "comb_pct": 0.0, "tree_pct": 0.0, "bldg_pct": 0.0, "med_inc_k": 590.0, "pop_0_12": 487.0, "risk_class": 5 }, "geometry": { "type": "Polygon", "coordinates": [ [ [ 120.288778, 22.922772 ], [ 120.288849, 22.922626 ], [ 120.288887, 22.922642 ], [ 120.288816, 22.922788 ], [ 120.288778, 22.922772 ] ] ] } },
{ "type": "Feature", "properties": { "park_id": 175.0, "park_name": "公3（高鐵特定區）", "district": "歸仁區", "village": "武東里", "heat_risk": 100.0, "heat_rank": 1.0, "comb_pct": 0.0, "tree_pct": 0.0, "bldg_pct": 0.0, "med_inc_k": 590.0, "pop_0_12": 487.0, "risk_class": 5 }, "geometry": { "type": "Polygon", "coordinates": [ [ [ 120.288512, 22.922658 ], [ 120.288582, 22.922513 ], [ 120.288658, 22.922543 ], [ 120.288588, 22.922689 ], [ 120.288512, 22.922658 ] ] ] } },
{ "type": "Feature", "properties": { "park_id": 176.0, "park_name": "水交社公61", "district": "南區", "village": "竹溪里", "heat_risk": 87.9403086515495, "heat_rank": 144.0, "comb_pct": 12.0596913484505, "tree_pct": 12.0596913484505, "bldg_pct": 0.0, "med_inc_k": 613.0, "pop_0_12": 85.0, "risk_class": 4 }, "geometry": { "type": "Polygon", "coordinates": [ [ [ 120.203831, 22.979705 ], [ 120.20383, 22.97964 ], [ 120.204343, 22.979639 ], [ 120.204343, 22.979705 ], [ 120.203831, 22.979705 ] ] ] } },
{ "type": "Feature", "properties": { "park_id": 177.0, "park_name": "延平公園", "district": "北區", "village": "大光里", "heat_risk": 73.355236426333306, "heat_rank": 235.0, "comb_pct": 26.644763573666701, "tree_pct": 26.644763573666701, "bldg_pct": 0.0, "med_inc_k": 463.0, "pop_0_12": 346.0, "risk_class": 3 }, "geometry": { "type": "Polygon", "coordinates": [ [ [ 120.210989, 23.010811 ], [ 120.210967, 23.010741 ], [ 120.211007, 23.010685 ], [ 120.212215, 23.010313 ], [ 120.21227, 23.010321 ], [ 120.212288, 23.010361 ], [ 120.212286, 23.010407 ], [ 120.212261, 23.01043 ], [ 120.210989, 23.010811 ] ] ] } },
{ "type": "Feature", "properties": { "park_id": 178.0, "park_name": "公兒1(公1細計)", "district": "新化區", "village": "太平里", "heat_risk": 100.0, "heat_rank": 1.0, "comb_pct": 0.0, "tree_pct": 0.0, "bldg_pct": 0.0, "med_inc_k": 487.0, "pop_0_12": 502.0, "risk_class": 5 }, "geometry": { "type": "Polygon", "coordinates": [ [ [ 120.308984, 23.042139 ], [ 120.308923, 23.041903 ], [ 120.308944, 23.041861 ], [ 120.309096, 23.041826 ], [ 120.309132, 23.041842 ], [ 120.309213, 23.042009 ], [ 120.309158, 23.042103 ], [ 120.308984, 23.042139 ] ] ] } },
{ "type": "Feature", "properties": { "park_id": 179.0, "park_name": "和館段公兒二公園", "district": "安南區", "village": "東和里", "heat_risk": 100.0, "heat_rank": 1.0, "comb_pct": 0.0, "tree_pct": 0.0, "bldg_pct": 0.0, "med_inc_k": 1018.0, "pop_0_12": 663.0, "risk_class": 5 }, "geometry": { "type": "Polygon", "coordinates": [ [ [ 120.23513, 23.06799 ], [ 120.234388, 23.067978 ], [ 120.234393, 23.067687 ], [ 120.235135, 23.067699 ], [ 120.23513, 23.06799 ] ] ] } },
{ "type": "Feature", "properties": { "park_id": 180.0, "park_name": "平實公園", "district": "東區", "village": "後甲里", "heat_risk": 64.054146109904906, "heat_rank": 287.0, "comb_pct": 35.945853890095101, "tree_pct": 35.945853890095101, "bldg_pct": 0.0, "med_inc_k": 482.0, "pop_0_12": 366.0, "risk_class": 3 }, "geometry": { "type": "Polygon", "coordinates": [ [ [ 120.235805, 22.99775 ], [ 120.235896, 22.992823 ], [ 120.236984, 22.992829 ], [ 120.236982, 22.993534 ], [ 120.236894, 22.99778 ], [ 120.235805, 22.99775 ] ] ] } },
{ "type": "Feature", "properties": { "park_id": 181.0, "park_name": "溪東親子公園", "district": "安南區", "village": "安富里", "heat_risk": 83.821603805210898, "heat_rank": 170.0, "comb_pct": 16.178396194789102, "tree_pct": 16.178396194789102, "bldg_pct": 0.0, "med_inc_k": 458.0, "pop_0_12": 813.0, "risk_class": 4 }, "geometry": { "type": "Polygon", "coordinates": [ [ [ 120.19788, 23.027453 ], [ 120.197971, 23.027106 ], [ 120.198444, 23.027192 ], [ 120.198366, 23.027527 ], [ 120.19788, 23.027453 ] ] ] } },
{ "type": "Feature", "properties": { "park_id": 182.0, "park_name": "店仔口景觀公園(公3)", "district": "白河區", "village": "白河里", "heat_risk": 71.320242779056301, "heat_rank": 248.0, "comb_pct": 28.679757220943699, "tree_pct": 28.679757220943699, "bldg_pct": 0.0, "med_inc_k": 518.0, "pop_0_12": 100.0, "risk_class": 3 }, "geometry": { "type": "Polygon", "coordinates": [ [ [ 120.417099, 23.344927 ], [ 120.417258, 23.344704 ], [ 120.4173, 23.344382 ], [ 120.417464, 23.344313 ], [ 120.417667, 23.34425 ], [ 120.417869, 23.344366 ], [ 120.41791, 23.344506 ], [ 120.417889, 23.344951 ], [ 120.417983, 23.345184 ], [ 120.417927, 23.345312 ], [ 120.417841, 23.345264 ], [ 120.417099, 23.344927 ] ] ] } },
{ "type": "Feature", "properties": { "park_id": 183.0, "park_name": "櫻花滯洪池特色公園", "district": "柳營區", "village": "士林里", "heat_risk": 99.696275513997406, "heat_rank": 45.0, "comb_pct": 0.30372448600262802, "tree_pct": 0.30372448600262802, "bldg_pct": 0.0, "med_inc_k": 524.0, "pop_0_12": 182.0, "risk_class": 5 }, "geometry": { "type": "Polygon", "coordinates": [ [ [ 120.309969, 23.273935 ], [ 120.309246, 23.274236 ], [ 120.309185, 23.27407 ], [ 120.309098, 23.273997 ], [ 120.308605, 23.273966 ], [ 120.308158, 23.273451 ], [ 120.307797, 23.273425 ], [ 120.307635, 23.273369 ], [ 120.307675, 23.272831 ], [ 120.308199, 23.272684 ], [ 120.308535, 23.272993 ], [ 120.309371, 23.273362 ], [ 120.309606, 23.273595 ], [ 120.310016, 23.273755 ], [ 120.309969, 23.273935 ] ] ] } },
{ "type": "Feature", "properties": { "park_id": 184.0, "park_name": "永華公園", "district": "安平區", "village": "文平里", "heat_risk": 35.905699249642701, "heat_rank": 448.0, "comb_pct": 64.094300750357306, "tree_pct": 63.947873442277597, "bldg_pct": 0.21681412453824001, "med_inc_k": 607.0, "pop_0_12": 498.0, "risk_class": 1 }, "geometry": { "type": "Polygon", "coordinates": [ [ [ 120.184194, 22.985891 ], [ 120.18413, 22.985431 ], [ 120.184712, 22.985372 ], [ 120.185229, 22.985787 ], [ 120.184194, 22.985891 ] ] ] } },
{ "type": "Feature", "properties": { "park_id": 185.0, "park_name": "正生公園", "district": "中西區", "village": "大涼里", "heat_risk": 91.831119920828598, "heat_rank": 114.0, "comb_pct": 8.16888007917143, "tree_pct": 7.9897202921580002, "bldg_pct": 0.17915978701342899, "med_inc_k": 573.0, "pop_0_12": 299.0, "risk_class": 4 }, "geometry": { "type": "Polygon", "coordinates": [ [ [ 120.18895, 22.991024 ], [ 120.187155, 22.991376 ], [ 120.187206, 22.990553 ], [ 120.188777, 22.990214 ], [ 120.18895, 22.991024 ] ] ] } },
{ "type": "Feature", "properties": { "park_id": 186.0, "park_name": "安南區-公20", "district": "安南區", "village": "鹽田里", "heat_risk": 99.948767556308098, "heat_rank": 39.0, "comb_pct": 0.051232443691881499, "tree_pct": 0.051232443691881499, "bldg_pct": 0.0, "med_inc_k": 481.0, "pop_0_12": 157.0, "risk_class": 5 }, "geometry": { "type": "Polygon", "coordinates": [ [ [ 120.141327, 23.033726 ], [ 120.141404, 23.033197 ], [ 120.141768, 23.033249 ], [ 120.141734, 23.033476 ], [ 120.14172, 23.033648 ], [ 120.141746, 23.033782 ], [ 120.141327, 23.033726 ] ] ] } },
{ "type": "Feature", "properties": { "park_id": 187.0, "park_name": "安富公園", "district": "安南區", "village": "安富里", "heat_risk": 82.197053375962298, "heat_rank": 184.0, "comb_pct": 17.802946624037698, "tree_pct": 17.802946624037698, "bldg_pct": 0.0, "med_inc_k": 458.0, "pop_0_12": 813.0, "risk_class": 4 }, "geometry": { "type": "Polygon", "coordinates": [ [ [ 120.197305, 23.025502 ], [ 120.197357, 23.025233 ], [ 120.197643, 23.025279 ], [ 120.197592, 23.025548 ], [ 120.197305, 23.025502 ] ] ] } },
{ "type": "Feature", "properties": { "park_id": 188.0, "park_name": "海西里公園(大道公園朝皇段公兒19)", "district": "安南區", "village": "海西里", "heat_risk": 87.770233417553598, "heat_rank": 145.0, "comb_pct": 12.2297665824464, "tree_pct": 12.1927548048149, "bldg_pct": 0.037011777631537103, "med_inc_k": 452.0, "pop_0_12": 331.0, "risk_class": 4 }, "geometry": { "type": "Polygon", "coordinates": [ [ [ 120.182941, 23.037527 ], [ 120.182921, 23.037375 ], [ 120.183179, 23.03737 ], [ 120.183029, 23.037568 ], [ 120.182941, 23.037527 ] ] ] } },
{ "type": "Feature", "properties": { "park_id": 189.0, "park_name": "大道公園", "district": "安南區", "village": "海西里", "heat_risk": 57.666093413182601, "heat_rank": 324.0, "comb_pct": 42.333906586817399, "tree_pct": 42.313355184608596, "bldg_pct": 0.020551402208791401, "med_inc_k": 452.0, "pop_0_12": 331.0, "risk_class": 2 }, "geometry": { "type": "Polygon", "coordinates": [ [ [ 120.183685, 23.037624 ], [ 120.183681, 23.037569 ], [ 120.183827, 23.037413 ], [ 120.183935, 23.037459 ], [ 120.184377, 23.037824 ], [ 120.184386, 23.037883 ], [ 120.184269, 23.038023 ], [ 120.184164, 23.037962 ], [ 120.183685, 23.037624 ] ] ] } },
{ "type": "Feature", "properties": { "park_id": 190.0, "park_name": "長安里親水公園", "district": "安南區", "village": "長安里", "heat_risk": 90.178113837159302, "heat_rank": 126.0, "comb_pct": 9.8218861628407303, "tree_pct": 9.8218861628407303, "bldg_pct": 0.0, "med_inc_k": 463.0, "pop_0_12": 565.0, "risk_class": 4 }, "geometry": { "type": "Polygon", "coordinates": [ [ [ 120.19356, 23.067085 ], [ 120.193069, 23.067532 ], [ 120.192585, 23.066531 ], [ 120.192829, 23.066393 ], [ 120.193026, 23.066574 ], [ 120.19356, 23.067085 ] ] ] } },
{ "type": "Feature", "properties": { "park_id": 191.0, "park_name": "義安公園", "district": "安南區", "village": "大安里", "heat_risk": 100.0, "heat_rank": 1.0, "comb_pct": 0.0, "tree_pct": 0.0, "bldg_pct": 0.0, "med_inc_k": 432.0, "pop_0_12": 402.0, "risk_class": 5 }, "geometry": { "type": "Polygon", "coordinates": [ [ [ 120.196202, 23.03271 ], [ 120.196329, 23.032633 ], [ 120.196724, 23.032641 ], [ 120.196751, 23.032668 ], [ 120.196747, 23.033464 ], [ 120.196199, 23.032777 ], [ 120.196202, 23.03271 ] ] ] } },
{ "type": "Feature", "properties": { "park_id": 192.0, "park_name": "義安公園", "district": "安南區", "village": "大安里", "heat_risk": 100.0, "heat_rank": 1.0, "comb_pct": 0.0, "tree_pct": 0.0, "bldg_pct": 0.0, "med_inc_k": 432.0, "pop_0_12": 402.0, "risk_class": 5 }, "geometry": { "type": "Polygon", "coordinates": [ [ [ 120.196202, 23.03271 ], [ 120.196329, 23.032633 ], [ 120.196724, 23.032641 ], [ 120.196751, 23.032668 ], [ 120.196747, 23.033464 ], [ 120.196199, 23.032777 ], [ 120.196202, 23.03271 ] ] ] } },
{ "type": "Feature", "properties": { "park_id": 193.0, "park_name": "長安公園", "district": "安南區", "village": "長安里", "heat_risk": 92.711404846711602, "heat_rank": 107.0, "comb_pct": 7.2885951532883801, "tree_pct": 7.2885951532883801, "bldg_pct": 0.0, "med_inc_k": 463.0, "pop_0_12": 565.0, "risk_class": 4 }, "geometry": { "type": "Polygon", "coordinates": [ [ [ 120.199993, 23.067 ], [ 120.200395, 23.066889 ], [ 120.200526, 23.067297 ], [ 120.199611, 23.067539 ], [ 120.19979, 23.067296 ], [ 120.199993, 23.067 ] ] ] } },
{ "type": "Feature", "properties": { "park_id": 194.0, "park_name": "長安公園", "district": "安南區", "village": "長安里", "heat_risk": 92.711404846711602, "heat_rank": 107.0, "comb_pct": 7.2885951532883801, "tree_pct": 7.2885951532883801, "bldg_pct": 0.0, "med_inc_k": 463.0, "pop_0_12": 565.0, "risk_class": 4 }, "geometry": { "type": "Polygon", "coordinates": [ [ [ 120.199993, 23.067 ], [ 120.200395, 23.066889 ], [ 120.200526, 23.067297 ], [ 120.199611, 23.067539 ], [ 120.19979, 23.067296 ], [ 120.199993, 23.067 ] ] ] } },
{ "type": "Feature", "properties": { "park_id": 195.0, "park_name": "大安里公園", "district": "安南區", "village": "大安里", "heat_risk": 62.321365528881302, "heat_rank": 295.0, "comb_pct": 37.678634471118698, "tree_pct": 37.678634471118698, "bldg_pct": 0.0, "med_inc_k": 432.0, "pop_0_12": 402.0, "risk_class": 2 }, "geometry": { "type": "Polygon", "coordinates": [ [ [ 120.195157, 23.033757 ], [ 120.195452, 23.033584 ], [ 120.195984, 23.034355 ], [ 120.195689, 23.034527 ], [ 120.195157, 23.033757 ] ] ] } },
{ "type": "Feature", "properties": { "park_id": 196.0, "park_name": "鎮安公園", "district": "安南區", "village": "長安里", "heat_risk": 100.0, "heat_rank": 1.0, "comb_pct": 0.0, "tree_pct": 0.0, "bldg_pct": 0.0, "med_inc_k": 463.0, "pop_0_12": 565.0, "risk_class": 5 }, "geometry": { "type": "Polygon", "coordinates": [ [ [ 120.200058, 23.065765 ], [ 120.200323, 23.066166 ], [ 120.199703, 23.066352 ], [ 120.199425, 23.065956 ], [ 120.200058, 23.065765 ] ] ] } },
{ "type": "Feature", "properties": { "park_id": 197.0, "park_name": "文平公園", "district": "安平區", "village": "文平里", "heat_risk": 73.664454285118694, "heat_rank": 232.0, "comb_pct": 26.335545714881299, "tree_pct": 26.335545714881299, "bldg_pct": 0.0, "med_inc_k": 607.0, "pop_0_12": 498.0, "risk_class": 3 }, "geometry": { "type": "Polygon", "coordinates": [ [ [ 120.185452, 22.986587 ], [ 120.185377, 22.985826 ], [ 120.186431, 22.986505 ], [ 120.185452, 22.986587 ] ] ] } },
{ "type": "Feature", "properties": { "park_id": 198.0, "park_name": "裕聖公園", "district": "東區", "village": "裕聖里", "heat_risk": 47.711685587435198, "heat_rank": 386.0, "comb_pct": 52.288314412564802, "tree_pct": 52.288314412564802, "bldg_pct": 0.0, "med_inc_k": 862.0, "pop_0_12": 1158.0, "risk_class": 2 }, "geometry": { "type": "Polygon", "coordinates": [ [ [ 120.245748, 22.981742 ], [ 120.245741, 22.981021 ], [ 120.246681, 22.981024 ], [ 120.246719, 22.98105 ], [ 120.246718, 22.981689 ], [ 120.246691, 22.981729 ], [ 120.245748, 22.981742 ] ] ] } },
{ "type": "Feature", "properties": { "park_id": 199.0, "park_name": "中華里兒10公園", "district": "永康區", "village": "中華里", "heat_risk": 65.996403848420002, "heat_rank": 277.0, "comb_pct": 34.003596151580098, "tree_pct": 34.003596151580098, "bldg_pct": 0.0, "med_inc_k": 550.0, "pop_0_12": 185.0, "risk_class": 3 }, "geometry": { "type": "Polygon", "coordinates": [ [ [ 120.235852, 22.999801 ], [ 120.235851, 22.999474 ], [ 120.236323, 22.999469 ], [ 120.236374, 22.999495 ], [ 120.236384, 22.999756 ], [ 120.236327, 22.999812 ], [ 120.235852, 22.999801 ] ] ] } },
{ "type": "Feature", "properties": { "park_id": 200.0, "park_name": "仁德運動公園", "district": "仁德區", "village": "仁義里", "heat_risk": 84.661555882956804, "heat_rank": 164.0, "comb_pct": 15.338444117043201, "tree_pct": 15.075591804682301, "bldg_pct": 0.262852312360911, "med_inc_k": 512.0, "pop_0_12": 789.0, "risk_class": 4 }, "geometry": { "type": "Polygon", "coordinates": [ [ [ 120.257682, 22.968153 ], [ 120.257877, 22.9669 ], [ 120.257895, 22.966831 ], [ 120.259289, 22.966954 ], [ 120.259362, 22.967175 ], [ 120.259366, 22.967415 ], [ 120.25936, 22.968006 ], [ 120.259443, 22.968148 ], [ 120.259501, 22.968541 ], [ 120.259265, 22.968575 ], [ 120.258998, 22.968575 ], [ 120.258706, 22.96859 ], [ 120.25788, 22.968506 ], [ 120.257916, 22.968184 ], [ 120.257682, 22.968153 ] ] ] } },
{ "type": "Feature", "properties": { "park_id": 201.0, "park_name": "溪東育樂公園", "district": "安南區", "village": "溪東里", "heat_risk": 86.656378059931001, "heat_rank": 153.0, "comb_pct": 13.343621940069101, "tree_pct": 12.8105317317023, "bldg_pct": 0.68653240957684603, "med_inc_k": 582.0, "pop_0_12": 926.0, "risk_class": 4 }, "geometry": { "type": "Polygon", "coordinates": [ [ [ 120.20069, 23.02761 ], [ 120.200662, 23.027716 ], [ 120.199324, 23.027475 ], [ 120.199354, 23.027343 ], [ 120.20069, 23.02761 ] ] ] } },
{ "type": "Feature", "properties": { "park_id": 202.0, "park_name": "五塊寮北柵岸紀念公園", "district": "安南區", "village": "東和里", "heat_risk": 90.578003042620495, "heat_rank": 123.0, "comb_pct": 9.4219969573795304, "tree_pct": 9.4219969573795304, "bldg_pct": 0.0, "med_inc_k": 1018.0, "pop_0_12": 663.0, "risk_class": 4 }, "geometry": { "type": "Polygon", "coordinates": [ [ [ 120.225425, 23.064507 ], [ 120.225286, 23.064224 ], [ 120.228269, 23.062756 ], [ 120.228553, 23.062999 ], [ 120.227815, 23.063342 ], [ 120.225425, 23.064507 ] ] ] } },
{ "type": "Feature", "properties": { "park_id": 203.0, "park_name": "湖美麗景公園", "district": "中西區", "village": "西湖里", "heat_risk": 100.0, "heat_rank": 1.0, "comb_pct": 0.0, "tree_pct": 0.0, "bldg_pct": 0.0, "med_inc_k": 694.0, "pop_0_12": 617.0, "risk_class": 5 }, "geometry": { "type": "Polygon", "coordinates": [ [ [ 120.182839, 23.00291 ], [ 120.182807, 23.002387 ], [ 120.18312, 23.002365 ], [ 120.183159, 23.002892 ], [ 120.183125, 23.002921 ], [ 120.182876, 23.002935 ], [ 120.182839, 23.00291 ] ] ] } },
{ "type": "Feature", "properties": { "park_id": 204.0, "park_name": "梅花北安公園(綠1)", "district": "安南區", "village": "梅花里", "heat_risk": 92.577671912914795, "heat_rank": 111.0, "comb_pct": 7.42232808708519, "tree_pct": 7.42232808708519, "bldg_pct": 0.0, "med_inc_k": 491.0, "pop_0_12": 452.0, "risk_class": 4 }, "geometry": { "type": "Polygon", "coordinates": [ [ [ 120.202514, 23.037625 ], [ 120.202329, 23.037496 ], [ 120.202517, 23.037363 ], [ 120.202549, 23.037363 ], [ 120.202584, 23.037386 ], [ 120.202588, 23.037429 ], [ 120.202514, 23.037625 ] ] ] } },
{ "type": "Feature", "properties": { "park_id": 205.0, "park_name": "湖美公園(公兒17)", "district": "中西區", "village": "西湖里", "heat_risk": 69.254357984176494, "heat_rank": 262.0, "comb_pct": 30.745642015823499, "tree_pct": 30.745642015823499, "bldg_pct": 0.0, "med_inc_k": 694.0, "pop_0_12": 617.0, "risk_class": 3 }, "geometry": { "type": "Polygon", "coordinates": [ [ [ 120.1813, 23.001708 ], [ 120.181258, 23.001674 ], [ 120.181276, 23.001117 ], [ 120.181584, 23.001124 ], [ 120.181558, 23.001711 ], [ 120.1813, 23.001708 ] ] ] } },
{ "type": "Feature", "properties": { "park_id": 206.0, "park_name": "臺灣歷史公園", "district": "安南區", "village": "東和里", "heat_risk": 91.847599208148793, "heat_rank": 113.0, "comb_pct": 8.1524007918511803, "tree_pct": 7.5333907317944204, "bldg_pct": 0.62062764348006705, "med_inc_k": 1018.0, "pop_0_12": 663.0, "risk_class": 4 }, "geometry": { "type": "Polygon", "coordinates": [ [ [ 120.233745, 23.059599 ], [ 120.233734, 23.059447 ], [ 120.233645, 23.059277 ], [ 120.233735, 23.059244 ], [ 120.233535, 23.058928 ], [ 120.233396, 23.058775 ], [ 120.233375, 23.05872 ], [ 120.233327, 23.058458 ], [ 120.233306, 23.058429 ], [ 120.233216, 23.058363 ], [ 120.23305, 23.058164 ], [ 120.234036, 23.057208 ], [ 120.23417, 23.057171 ], [ 120.235404, 23.056035 ], [ 120.238053, 23.05837 ], [ 120.234595, 23.061698 ], [ 120.232954, 23.060305 ], [ 120.233745, 23.059599 ] ] ] } },
{ "type": "Feature", "properties": { "park_id": 207.0, "park_name": "永欣公園", "district": "永康區", "village": "塩洲里", "heat_risk": 79.464335815392701, "heat_rank": 202.0, "comb_pct": 20.535664184607299, "tree_pct": 19.3134272618728, "bldg_pct": 1.6739850479765099, "med_inc_k": 533.0, "pop_0_12": 729.0, "risk_class": 3 }, "geometry": { "type": "Polygon", "coordinates": [ [ [ 120.237779, 23.044704 ], [ 120.237516, 23.044855 ], [ 120.237408, 23.04455 ], [ 120.237615, 23.044431 ], [ 120.237779, 23.044704 ] ] ] } },
{ "type": "Feature", "properties": { "park_id": 208.0, "park_name": "白雪里巨石涼亭公園休憩區", "district": "南區", "village": "鹽埕里", "heat_risk": 27.751066227268002, "heat_rank": 467.0, "comb_pct": 72.248933772732002, "tree_pct": 72.248933772732002, "bldg_pct": 0.0, "med_inc_k": 419.0, "pop_0_12": 244.0, "risk_class": 1 }, "geometry": { "type": "Polygon", "coordinates": [ [ [ 120.188823, 22.967292 ], [ 120.188707, 22.967302 ], [ 120.188838, 22.96706 ], [ 120.188823, 22.967292 ] ] ] } },
{ "type": "Feature", "properties": { "park_id": 209.0, "park_name": "七股黃昭堂紀念公園", "district": "七股區", "village": "龍山里", "heat_risk": 100.0, "heat_rank": 1.0, "comb_pct": 0.0, "tree_pct": 0.0, "bldg_pct": 0.0, "med_inc_k": 407.0, "pop_0_12": 72.0, "risk_class": 5 }, "geometry": { "type": "Polygon", "coordinates": [ [ [ 120.112807, 23.135748 ], [ 120.11379, 23.135724 ], [ 120.113765, 23.136577 ], [ 120.11285, 23.136585 ], [ 120.112807, 23.135748 ] ] ] } },
{ "type": "Feature", "properties": { "park_id": 210.0, "park_name": "崇誨公園", "district": "東區", "village": "崇誨里", "heat_risk": 41.261526995219398, "heat_rank": 424.0, "comb_pct": 58.738473004780602, "tree_pct": 58.455708428171903, "bldg_pct": 0.35335299906793499, "med_inc_k": 465.0, "pop_0_12": 276.0, "risk_class": 1 }, "geometry": { "type": "Polygon", "coordinates": [ [ [ 120.224168, 22.989577 ], [ 120.224073, 22.989325 ], [ 120.224115, 22.989267 ], [ 120.224469, 22.989348 ], [ 120.224511, 22.989462 ], [ 120.224445, 22.989487 ], [ 120.224488, 22.989602 ], [ 120.224292, 22.989666 ], [ 120.224246, 22.989553 ], [ 120.224168, 22.989577 ] ] ] } },
{ "type": "Feature", "properties": { "park_id": 211.0, "park_name": "衛國公園(公兒E51)", "district": "東區", "village": "衛國里", "heat_risk": 60.711696261643802, "heat_rank": 303.0, "comb_pct": 39.288303738356198, "tree_pct": 39.288303738356198, "bldg_pct": 0.0, "med_inc_k": 461.0, "pop_0_12": 212.0, "risk_class": 2 }, "geometry": { "type": "Polygon", "coordinates": [ [ [ 120.224238, 22.988011 ], [ 120.224107, 22.987995 ], [ 120.224125, 22.987848 ], [ 120.224261, 22.987863 ], [ 120.224238, 22.988011 ] ] ] } },
{ "type": "Feature", "properties": { "park_id": 212.0, "park_name": "衛國公園", "district": "東區", "village": "衛國里", "heat_risk": 49.592039726591103, "heat_rank": 374.0, "comb_pct": 50.407960273408897, "tree_pct": 46.317367720156398, "bldg_pct": 4.2183941392206297, "med_inc_k": 461.0, "pop_0_12": 212.0, "risk_class": 2 }, "geometry": { "type": "Polygon", "coordinates": [ [ [ 120.225086, 22.987842 ], [ 120.225141, 22.987535 ], [ 120.22531, 22.987561 ], [ 120.225255, 22.987868 ], [ 120.225086, 22.987842 ] ] ] } },
{ "type": "Feature", "properties": { "park_id": 213.0, "park_name": "超峯公園", "district": "南區", "village": "佛壇里", "heat_risk": 92.682756529043203, "heat_rank": 109.0, "comb_pct": 7.3172434709568401, "tree_pct": 7.3172434709568401, "bldg_pct": 0.0, "med_inc_k": 416.0, "pop_0_12": 249.0, "risk_class": 4 }, "geometry": { "type": "Polygon", "coordinates": [ [ [ 120.178115, 22.921392 ], [ 120.17811, 22.920034 ], [ 120.180338, 22.92052 ], [ 120.179781, 22.921763 ], [ 120.178192, 22.92148 ], [ 120.178115, 22.921392 ] ] ] } },
{ "type": "Feature", "properties": { "park_id": 214.0, "park_name": "公兒E41", "district": "東區", "village": "復興里", "heat_risk": 98.702812624076401, "heat_rank": 58.0, "comb_pct": 1.2971873759236201, "tree_pct": 1.2971873759236201, "bldg_pct": 0.0, "med_inc_k": 490.0, "pop_0_12": 508.0, "risk_class": 5 }, "geometry": { "type": "Polygon", "coordinates": [ [ [ 120.241181, 22.980634 ], [ 120.241144, 22.980187 ], [ 120.241688, 22.980202 ], [ 120.24169, 22.980636 ], [ 120.241181, 22.980634 ] ] ] } },
{ "type": "Feature", "properties": { "park_id": 215.0, "park_name": "文化公園", "district": "東區", "village": "和平里", "heat_risk": 82.787835390957298, "heat_rank": 176.0, "comb_pct": 17.212164609042699, "tree_pct": 17.212164609042699, "bldg_pct": 0.0, "med_inc_k": 700.0, "pop_0_12": 458.0, "risk_class": 4 }, "geometry": { "type": "Polygon", "coordinates": [ [ [ 120.230856, 22.977901 ], [ 120.231657, 22.977855 ], [ 120.231736, 22.97792 ], [ 120.231603, 22.978554 ], [ 120.23125, 22.978835 ], [ 120.231188, 22.978867 ], [ 120.23113, 22.978878 ], [ 120.231034, 22.978886 ], [ 120.230767, 22.978855 ], [ 120.230736, 22.978838 ], [ 120.230721, 22.978801 ], [ 120.230856, 22.977901 ] ] ] } },
{ "type": "Feature", "properties": { "park_id": 216.0, "park_name": "水交社公61", "district": "南區", "village": "大成里", "heat_risk": 96.307452753420193, "heat_rank": 85.0, "comb_pct": 3.6925472465798399, "tree_pct": 3.6925472465798399, "bldg_pct": 0.0, "med_inc_k": 711.0, "pop_0_12": 244.0, "risk_class": 5 }, "geometry": { "type": "Polygon", "coordinates": [ [ [ 120.200324, 22.977865 ], [ 120.200425, 22.977931 ], [ 120.200487, 22.97802 ], [ 120.20051, 22.978102 ], [ 120.200545, 22.978503 ], [ 120.20052, 22.978532 ], [ 120.200532, 22.97926 ], [ 120.20056, 22.979284 ], [ 120.200561, 22.979452 ], [ 120.200533, 22.979509 ], [ 120.200493, 22.979538 ], [ 120.200447, 22.979548 ], [ 120.200323, 22.979551 ], [ 120.200324, 22.977865 ] ] ] } },
{ "type": "Feature", "properties": { "park_id": 217.0, "park_name": "南區公兒s46公園", "district": "南區", "village": "府南里", "heat_risk": 95.632964400606397, "heat_rank": 87.0, "comb_pct": 4.3670355993936099, "tree_pct": 3.77274376950571, "bldg_pct": 0.59429182988790097, "med_inc_k": 481.0, "pop_0_12": 411.0, "risk_class": 5 }, "geometry": { "type": "Polygon", "coordinates": [ [ [ 120.197356, 22.968836 ], [ 120.197035, 22.96949 ], [ 120.196907, 22.969473 ], [ 120.197039, 22.968891 ], [ 120.196734, 22.968833 ], [ 120.196739, 22.968749 ], [ 120.197356, 22.968836 ] ] ] } },
{ "type": "Feature", "properties": { "park_id": 218.0, "park_name": "公81", "district": "南區", "village": "鹽埕里", "heat_risk": 56.982536312523202, "heat_rank": 327.0, "comb_pct": 43.017463687476798, "tree_pct": 42.468724917371702, "bldg_pct": 0.54873877010515404, "med_inc_k": 419.0, "pop_0_12": 244.0, "risk_class": 2 }, "geometry": { "type": "Polygon", "coordinates": [ [ [ 120.1869, 22.966732 ], [ 120.186919, 22.96689 ], [ 120.187095, 22.966872 ], [ 120.187077, 22.966714 ], [ 120.187083, 22.966579 ], [ 120.187328, 22.966478 ], [ 120.187378, 22.967348 ], [ 120.186834, 22.967345 ], [ 120.186772, 22.966748 ], [ 120.1869, 22.966732 ] ] ] } },
{ "type": "Feature", "properties": { "park_id": 219.0, "park_name": "新興國宅-公兒22", "district": "南區", "village": "開南里", "heat_risk": 59.843524198838303, "heat_rank": 311.0, "comb_pct": 40.156475801161697, "tree_pct": 40.156475801161697, "bldg_pct": 0.0, "med_inc_k": 408.0, "pop_0_12": 411.0, "risk_class": 2 }, "geometry": { "type": "Polygon", "coordinates": [ [ [ 120.186349, 22.965526 ], [ 120.186371, 22.965429 ], [ 120.186523, 22.965302 ], [ 120.186527, 22.965192 ], [ 120.186765, 22.965157 ], [ 120.186744, 22.965566 ], [ 120.186427, 22.965533 ], [ 120.186348, 22.965578 ], [ 120.186349, 22.965526 ] ] ] } },
{ "type": "Feature", "properties": { "park_id": 220.0, "park_name": "新興國宅-公兒22", "district": "南區", "village": "開南里", "heat_risk": 80.599817382273301, "heat_rank": 193.0, "comb_pct": 19.400182617726699, "tree_pct": 19.400182617726699, "bldg_pct": 0.0, "med_inc_k": 408.0, "pop_0_12": 411.0, "risk_class": 3 }, "geometry": { "type": "Polygon", "coordinates": [ [ [ 120.186603, 22.96581 ], [ 120.186622, 22.965657 ], [ 120.186749, 22.965637 ], [ 120.186754, 22.965809 ], [ 120.186603, 22.96581 ] ] ] } },
{ "type": "Feature", "properties": { "park_id": 221.0, "park_name": "大福公園", "district": "東區", "village": "大福里", "heat_risk": 53.120887940449002, "heat_rank": 358.0, "comb_pct": 46.879112059550998, "tree_pct": 46.879112059550998, "bldg_pct": 0.0, "med_inc_k": 450.0, "pop_0_12": 78.0, "risk_class": 2 }, "geometry": { "type": "Polygon", "coordinates": [ [ [ 120.215287, 22.976551 ], [ 120.215471, 22.975692 ], [ 120.21574, 22.975737 ], [ 120.215571, 22.976589 ], [ 120.215287, 22.976551 ] ] ] } },
{ "type": "Feature", "properties": { "park_id": 222.0, "park_name": "大豐公園", "district": "北區", "village": "大豐里", "heat_risk": 78.166528421084294, "heat_rank": 210.0, "comb_pct": 21.833471578915699, "tree_pct": 21.833471578915699, "bldg_pct": 0.0, "med_inc_k": 482.0, "pop_0_12": 270.0, "risk_class": 3 }, "geometry": { "type": "Polygon", "coordinates": [ [ [ 120.187289, 23.007848 ], [ 120.18702, 23.007747 ], [ 120.187172, 23.007381 ], [ 120.187444, 23.007491 ], [ 120.187289, 23.007848 ] ] ] } },
{ "type": "Feature", "properties": { "park_id": 223.0, "park_name": "馬雅各長青公園", "district": "安平區", "village": "文平里", "heat_risk": 93.191258138474495, "heat_rank": 103.0, "comb_pct": 6.8087418615255002, "tree_pct": 6.8087418615255002, "bldg_pct": 0.0, "med_inc_k": 607.0, "pop_0_12": 498.0, "risk_class": 4 }, "geometry": { "type": "Polygon", "coordinates": [ [ [ 120.181767, 22.984666 ], [ 120.181643, 22.983879 ], [ 120.182842, 22.983709 ], [ 120.18377, 22.984427 ], [ 120.183772, 22.984485 ], [ 120.181804, 22.984694 ], [ 120.181767, 22.984666 ] ] ] } },
{ "type": "Feature", "properties": { "park_id": 224.0, "park_name": "綠33", "district": "南區", "village": "南都里", "heat_risk": 100.0, "heat_rank": 1.0, "comb_pct": 0.0, "tree_pct": 0.0, "bldg_pct": 0.0, "med_inc_k": 436.0, "pop_0_12": 192.0, "risk_class": 5 }, "geometry": { "type": "Polygon", "coordinates": [ [ [ 120.185946, 22.958971 ], [ 120.186691, 22.958964 ], [ 120.186718, 22.958985 ], [ 120.186837, 22.959498 ], [ 120.186842, 22.959545 ], [ 120.186821, 22.95955 ], [ 120.186743, 22.959518 ], [ 120.186382, 22.959285 ], [ 120.185929, 22.959043 ], [ 120.185929, 22.959003 ], [ 120.185946, 22.958971 ] ] ] } },
{ "type": "Feature", "properties": { "park_id": 225.0, "park_name": "四季公園南段(公1)", "district": "安平區", "village": "王城里", "heat_risk": 24.5645369927385, "heat_rank": 473.0, "comb_pct": 75.435463007261504, "tree_pct": 75.435463007261504, "bldg_pct": 0.0, "med_inc_k": 392.0, "pop_0_12": 260.0, "risk_class": 1 }, "geometry": { "type": "Polygon", "coordinates": [ [ [ 120.158983, 23.002133 ], [ 120.158618, 23.001991 ], [ 120.158717, 23.001836 ], [ 120.158973, 23.001943 ], [ 120.15907, 23.001931 ], [ 120.158983, 23.002133 ] ] ] } },
{ "type": "Feature", "properties": { "park_id": 226.0, "park_name": "大興公園", "district": "北區", "village": "大豐里", "heat_risk": 89.800643082802793, "heat_rank": 128.0, "comb_pct": 10.1993569171972, "tree_pct": 10.1993569171972, "bldg_pct": 0.0, "med_inc_k": 482.0, "pop_0_12": 270.0, "risk_class": 4 }, "geometry": { "type": "Polygon", "coordinates": [ [ [ 120.193743, 23.011951 ], [ 120.193125, 23.011788 ], [ 120.193282, 23.011331 ], [ 120.193819, 23.011495 ], [ 120.193809, 23.011919 ], [ 120.193743, 23.011951 ] ] ] } },
{ "type": "Feature", "properties": { "park_id": 227.0, "park_name": "和平公園", "district": "東區", "village": "和平里", "heat_risk": 36.604685568938002, "heat_rank": 445.0, "comb_pct": 63.395314431061998, "tree_pct": 62.783168123674201, "bldg_pct": 0.61604006319317905, "med_inc_k": 700.0, "pop_0_12": 458.0, "risk_class": 1 }, "geometry": { "type": "Polygon", "coordinates": [ [ [ 120.232248, 22.97701 ], [ 120.232378, 22.976332 ], [ 120.233257, 22.976421 ], [ 120.233286, 22.976458 ], [ 120.233246, 22.977209 ], [ 120.233219, 22.977293 ], [ 120.233168, 22.977394 ], [ 120.232954, 22.977534 ], [ 120.232761, 22.977263 ], [ 120.232584, 22.977133 ], [ 120.232339, 22.977032 ], [ 120.232248, 22.97701 ] ] ] } },
{ "type": "Feature", "properties": { "park_id": 228.0, "park_name": "大聖公園", "district": "安南區", "village": "州南里", "heat_risk": 98.796909246075003, "heat_rank": 56.0, "comb_pct": 1.20309075392501, "tree_pct": 1.20309075392501, "bldg_pct": 0.0, "med_inc_k": 521.0, "pop_0_12": 795.0, "risk_class": 5 }, "geometry": { "type": "Polygon", "coordinates": [ [ [ 120.220082, 23.059139 ], [ 120.22008, 23.058666 ], [ 120.220723, 23.058666 ], [ 120.220794, 23.058713 ], [ 120.220796, 23.059092 ], [ 120.220747, 23.059145 ], [ 120.220082, 23.059139 ] ] ] } },
{ "type": "Feature", "properties": { "park_id": 229.0, "park_name": "世平二號公園", "district": "安平區", "village": "金城里", "heat_risk": 47.139471819572599, "heat_rank": 391.0, "comb_pct": 52.860528180427401, "tree_pct": 52.860528180427401, "bldg_pct": 0.0, "med_inc_k": 497.0, "pop_0_12": 195.0, "risk_class": 1 }, "geometry": { "type": "Polygon", "coordinates": [ [ [ 120.148956, 22.996927 ], [ 120.148561, 22.996669 ], [ 120.148841, 22.996346 ], [ 120.148898, 22.996333 ], [ 120.149247, 22.996541 ], [ 120.149251, 22.99659 ], [ 120.148956, 22.996927 ] ] ] } },
{ "type": "Feature", "properties": { "park_id": 230.0, "park_name": "歷史水景公園", "district": "安平區", "village": "王城里", "heat_risk": 99.355865797254793, "heat_rank": 49.0, "comb_pct": 0.64413420274525501, "tree_pct": 0.64413420274525501, "bldg_pct": 0.0, "med_inc_k": 392.0, "pop_0_12": 260.0, "risk_class": 5 }, "geometry": { "type": "Polygon", "coordinates": [ [ [ 120.154787, 23.000492 ], [ 120.155702, 22.999903 ], [ 120.155989, 22.999602 ], [ 120.15594, 22.999202 ], [ 120.155582, 22.998667 ], [ 120.15562, 22.998422 ], [ 120.157374, 22.998762 ], [ 120.158201, 22.998942 ], [ 120.158045, 22.999551 ], [ 120.158009, 22.999662 ], [ 120.158737, 22.999824 ], [ 120.158773, 22.99987 ], [ 120.158775, 22.999966 ], [ 120.158649, 23.000397 ], [ 120.158655, 23.000572 ], [ 120.158725, 23.000751 ], [ 120.158821, 23.000924 ], [ 120.158659, 23.0014 ], [ 120.158501, 23.001645 ], [ 120.158249, 23.001971 ], [ 120.158081, 23.002041 ], [ 120.157768, 23.001956 ], [ 120.157, 23.001606 ], [ 120.154761, 23.000565 ], [ 120.154787, 23.000492 ] ] ] } },
{ "type": "Feature", "properties": { "park_id": 231.0, "park_name": "漁光公園", "district": "安平區", "village": "漁光里", "heat_risk": 29.8610423612609, "heat_rank": 460.0, "comb_pct": 70.1389576387391, "tree_pct": 70.0999892318994, "bldg_pct": 0.53971377090634298, "med_inc_k": 312.0, "pop_0_12": 14.0, "risk_class": 1 }, "geometry": { "type": "Polygon", "coordinates": [ [ [ 120.160125, 22.976782 ], [ 120.160055, 22.976778 ], [ 120.160019, 22.976865 ], [ 120.159914, 22.976838 ], [ 120.159948, 22.976757 ], [ 120.159719, 22.976678 ], [ 120.159618, 22.976887 ], [ 120.159253, 22.976737 ], [ 120.159655, 22.976203 ], [ 120.160136, 22.976519 ], [ 120.160125, 22.976782 ] ] ] } },
{ "type": "Feature", "properties": { "park_id": 232.0, "park_name": "富強公園", "district": "東區", "village": "富強里", "heat_risk": 24.210960366758901, "heat_rank": 474.0, "comb_pct": 75.789039633241103, "tree_pct": 75.789039633241103, "bldg_pct": 0.0, "med_inc_k": 579.0, "pop_0_12": 468.0, "risk_class": 1 }, "geometry": { "type": "Polygon", "coordinates": [ [ [ 120.231644, 22.985908 ], [ 120.231649, 22.985711 ], [ 120.231872, 22.985708 ], [ 120.231864, 22.985913 ], [ 120.231644, 22.985908 ] ] ] } },
{ "type": "Feature", "properties": { "park_id": 233.0, "park_name": "富農公園", "district": "東區", "village": "虎尾里", "heat_risk": 88.196762842450497, "heat_rank": 139.0, "comb_pct": 11.8032371575495, "tree_pct": 11.8032371575495, "bldg_pct": 0.0, "med_inc_k": 588.0, "pop_0_12": 895.0, "risk_class": 4 }, "geometry": { "type": "Polygon", "coordinates": [ [ [ 120.235069, 22.981867 ], [ 120.235133, 22.981351 ], [ 120.235209, 22.981306 ], [ 120.235487, 22.981343 ], [ 120.235412, 22.981896 ], [ 120.235069, 22.981867 ] ] ] } },
{ "type": "Feature", "properties": { "park_id": 234.0, "park_name": "元成公園", "district": "北區", "village": "元美里", "heat_risk": 57.234275415911704, "heat_rank": 325.0, "comb_pct": 42.765724584088296, "tree_pct": 42.765724584088296, "bldg_pct": 0.0, "med_inc_k": 654.0, "pop_0_12": 332.0, "risk_class": 2 }, "geometry": { "type": "Polygon", "coordinates": [ [ [ 120.196332, 23.015568 ], [ 120.196284, 23.015529 ], [ 120.196297, 23.014977 ], [ 120.196922, 23.015002 ], [ 120.196919, 23.015616 ], [ 120.196877, 23.015643 ], [ 120.196332, 23.015568 ] ] ] } },
{ "type": "Feature", "properties": { "park_id": 235.0, "park_name": "和意公園", "district": "中西區", "village": "小西門里", "heat_risk": 65.750604291313095, "heat_rank": 279.0, "comb_pct": 34.249395708686897, "tree_pct": 34.249395708686897, "bldg_pct": 0.0, "med_inc_k": 471.0, "pop_0_12": 395.0, "risk_class": 3 }, "geometry": { "type": "Polygon", "coordinates": [ [ [ 120.198839, 22.988824 ], [ 120.198836, 22.988814 ], [ 120.198814, 22.988814 ], [ 120.198814, 22.988746 ], [ 120.198795, 22.988746 ], [ 120.198798, 22.988719 ], [ 120.198778, 22.988718 ], [ 120.198774, 22.988654 ], [ 120.19875, 22.988655 ], [ 120.198742, 22.988475 ], [ 120.199466, 22.988432 ], [ 120.199485, 22.988781 ], [ 120.198914, 22.988801 ], [ 120.198884, 22.98882 ], [ 120.198839, 22.988824 ] ] ] } },
{ "type": "Feature", "properties": { "park_id": 236.0, "park_name": "公20", "district": "新營區", "village": "新南里", "heat_risk": 79.778204568105195, "heat_rank": 200.0, "comb_pct": 20.221795431894801, "tree_pct": 20.221795431894801, "bldg_pct": 0.0, "med_inc_k": 641.0, "pop_0_12": 750.0, "risk_class": 3 }, "geometry": { "type": "Polygon", "coordinates": [ [ [ 120.296766, 23.309465 ], [ 120.296835, 23.309459 ], [ 120.296855, 23.309671 ], [ 120.29791, 23.309588 ], [ 120.297916, 23.309647 ], [ 120.296791, 23.309735 ], [ 120.296766, 23.309465 ] ] ] } },
{ "type": "Feature", "properties": { "park_id": 237.0, "park_name": "公20", "district": "新營區", "village": "新南里", "heat_risk": 100.0, "heat_rank": 1.0, "comb_pct": 0.0, "tree_pct": 0.0, "bldg_pct": 0.0, "med_inc_k": 641.0, "pop_0_12": 750.0, "risk_class": 5 }, "geometry": { "type": "Polygon", "coordinates": [ [ [ 120.296722, 23.308927 ], [ 120.296773, 23.308922 ], [ 120.296818, 23.309387 ], [ 120.296767, 23.309391 ], [ 120.296722, 23.308927 ] ] ] } },
{ "type": "Feature", "properties": { "park_id": 238.0, "park_name": "公兒21", "district": "新營區", "village": "新南里", "heat_risk": 100.0, "heat_rank": 1.0, "comb_pct": 0.0, "tree_pct": 0.0, "bldg_pct": 0.0, "med_inc_k": 641.0, "pop_0_12": 750.0, "risk_class": 5 }, "geometry": { "type": "Polygon", "coordinates": [ [ [ 120.296672, 23.308436 ], [ 120.296724, 23.308432 ], [ 120.296765, 23.308852 ], [ 120.296712, 23.308856 ], [ 120.296672, 23.308436 ] ] ] } },
{ "type": "Feature", "properties": { "park_id": 239.0, "park_name": "公兒19", "district": "新營區", "village": "新南里", "heat_risk": 36.577899683664903, "heat_rank": 446.0, "comb_pct": 63.422100316335097, "tree_pct": 63.422100316335097, "bldg_pct": 0.0, "med_inc_k": 641.0, "pop_0_12": 750.0, "risk_class": 1 }, "geometry": { "type": "Polygon", "coordinates": [ [ [ 120.299448, 23.308214 ], [ 120.299443, 23.308124 ], [ 120.300007, 23.308086 ], [ 120.300101, 23.308176 ], [ 120.299448, 23.308214 ] ] ] } },
{ "type": "Feature", "properties": { "park_id": 240.0, "park_name": "公20", "district": "新營區", "village": "新南里", "heat_risk": 10.9419225511669, "heat_rank": 483.0, "comb_pct": 89.058077448833103, "tree_pct": 89.058077448833103, "bldg_pct": 0.0, "med_inc_k": 641.0, "pop_0_12": 750.0, "risk_class": 1 }, "geometry": { "type": "Polygon", "coordinates": [ [ [ 120.297956, 23.308223 ], [ 120.299347, 23.30813 ], [ 120.299351, 23.308224 ], [ 120.297962, 23.30831 ], [ 120.297956, 23.308223 ] ] ] } },
{ "type": "Feature", "properties": { "park_id": 241.0, "park_name": "公20", "district": "新營區", "village": "新南里", "heat_risk": 22.334214787239699, "heat_rank": 477.0, "comb_pct": 77.665785212760298, "tree_pct": 77.665785212760298, "bldg_pct": 0.0, "med_inc_k": 641.0, "pop_0_12": 750.0, "risk_class": 1 }, "geometry": { "type": "Polygon", "coordinates": [ [ [ 120.296751, 23.3083 ], [ 120.297835, 23.308226 ], [ 120.297844, 23.308322 ], [ 120.296758, 23.308388 ], [ 120.296751, 23.3083 ] ] ] } },
{ "type": "Feature", "properties": { "park_id": 242.0, "park_name": "光武運動公園(延平段公兒33)", "district": "北區", "village": "大光里", "heat_risk": 84.494946192864901, "heat_rank": 166.0, "comb_pct": 15.5050538071351, "tree_pct": 15.5050538071351, "bldg_pct": 0.0, "med_inc_k": 463.0, "pop_0_12": 346.0, "risk_class": 4 }, "geometry": { "type": "Polygon", "coordinates": [ [ [ 120.215737, 23.011757 ], [ 120.21575, 23.0118 ], [ 120.215784, 23.012107 ], [ 120.215222, 23.012226 ], [ 120.215204, 23.012128 ], [ 120.214903, 23.012158 ], [ 120.214844, 23.01186 ], [ 120.215737, 23.011757 ] ] ] } },
{ "type": "Feature", "properties": { "park_id": 243.0, "park_name": "公兒21", "district": "新營區", "village": "新南里", "heat_risk": 12.1035930549548, "heat_rank": 482.0, "comb_pct": 87.8964069450452, "tree_pct": 87.8964069450452, "bldg_pct": 0.0, "med_inc_k": 641.0, "pop_0_12": 750.0, "risk_class": 1 }, "geometry": { "type": "Polygon", "coordinates": [ [ [ 120.295625, 23.308468 ], [ 120.29562, 23.308377 ], [ 120.296654, 23.308307 ], [ 120.296659, 23.308399 ], [ 120.295625, 23.308468 ] ] ] } },
{ "type": "Feature", "properties": { "park_id": 244.0, "park_name": "光武公園", "district": "北區", "village": "大光里", "heat_risk": 57.980424266700197, "heat_rank": 319.0, "comb_pct": 42.019575733299803, "tree_pct": 40.4858237683396, "bldg_pct": 1.5685589043052, "med_inc_k": 463.0, "pop_0_12": 346.0, "risk_class": 2 }, "geometry": { "type": "Polygon", "coordinates": [ [ [ 120.216637, 23.012142 ], [ 120.215942, 23.012246 ], [ 120.21585, 23.011716 ], [ 120.216092, 23.011686 ], [ 120.216143, 23.01198 ], [ 120.21655, 23.011913 ], [ 120.216637, 23.012142 ] ] ] } },
{ "type": "Feature", "properties": { "park_id": 245.0, "park_name": "公兒21", "district": "新營區", "village": "新南里", "heat_risk": 18.555300923388799, "heat_rank": 480.0, "comb_pct": 81.444699076611201, "tree_pct": 81.444699076611201, "bldg_pct": 0.0, "med_inc_k": 641.0, "pop_0_12": 750.0, "risk_class": 1 }, "geometry": { "type": "Polygon", "coordinates": [ [ [ 120.294555, 23.30854 ], [ 120.294453, 23.308454 ], [ 120.295565, 23.308382 ], [ 120.295567, 23.308475 ], [ 120.294555, 23.30854 ] ] ] } },
{ "type": "Feature", "properties": { "park_id": 246.0, "park_name": "觀夕平台(保護區)", "district": "安平區", "village": "金城里", "heat_risk": 36.951245245836503, "heat_rank": 444.0, "comb_pct": 63.048754754163497, "tree_pct": 63.048754754163497, "bldg_pct": 0.0, "med_inc_k": 497.0, "pop_0_12": 195.0, "risk_class": 1 }, "geometry": { "type": "Polygon", "coordinates": [ [ [ 120.147306, 22.990253 ], [ 120.147263, 22.99019 ], [ 120.147451, 22.989231 ], [ 120.147843, 22.988776 ], [ 120.148382, 22.98856 ], [ 120.148898, 22.988952 ], [ 120.14817, 22.989439 ], [ 120.147306, 22.990253 ] ] ] } },
{ "type": "Feature", "properties": { "park_id": 247.0, "park_name": "兒三廣十公園", "district": "永康區", "village": "東橋里", "heat_risk": 87.977605148442805, "heat_rank": 143.0, "comb_pct": 12.0223948515572, "tree_pct": 11.375626945816, "bldg_pct": 0.72393750444695804, "med_inc_k": 925.0, "pop_0_12": 1874.0, "risk_class": 4 }, "geometry": { "type": "Polygon", "coordinates": [ [ [ 120.235203, 23.018924 ], [ 120.234196, 23.01828 ], [ 120.234417, 23.018025 ], [ 120.235385, 23.018655 ], [ 120.235203, 23.018924 ] ] ] } },
{ "type": "Feature", "properties": { "park_id": 248.0, "park_name": "鯨喜親水園區", "district": "新營區", "village": "新南里", "heat_risk": 98.179905493252207, "heat_rank": 71.0, "comb_pct": 1.8200945067477501, "tree_pct": 0.0, "bldg_pct": 1.8200945067477501, "med_inc_k": 641.0, "pop_0_12": 750.0, "risk_class": 5 }, "geometry": { "type": "Polygon", "coordinates": [ [ [ 120.302217, 23.307835 ], [ 120.302724, 23.307635 ], [ 120.302737, 23.307682 ], [ 120.302455, 23.307885 ], [ 120.302342, 23.307899 ], [ 120.302281, 23.307894 ], [ 120.302256, 23.307886 ], [ 120.302231, 23.307864 ], [ 120.302217, 23.307835 ] ] ] } },
{ "type": "Feature", "properties": { "park_id": 249.0, "park_name": "公20", "district": "新營區", "village": "新南里", "heat_risk": 99.055226775845497, "heat_rank": 54.0, "comb_pct": 0.94477322415453702, "tree_pct": 0.17664130953257301, "bldg_pct": 0.76813191462196295, "med_inc_k": 641.0, "pop_0_12": 750.0, "risk_class": 5 }, "geometry": { "type": "Polygon", "coordinates": [ [ [ 120.298381, 23.311047 ], [ 120.298432, 23.310996 ], [ 120.298802, 23.311311 ], [ 120.298751, 23.311362 ], [ 120.298381, 23.311047 ] ] ] } },
{ "type": "Feature", "properties": { "park_id": 250.0, "park_name": "公20", "district": "新營區", "village": "新南里", "heat_risk": 87.450868995280999, "heat_rank": 147.0, "comb_pct": 12.549131004718999, "tree_pct": 12.549131004718999, "bldg_pct": 0.0, "med_inc_k": 641.0, "pop_0_12": 750.0, "risk_class": 4 }, "geometry": { "type": "Polygon", "coordinates": [ [ [ 120.298036, 23.310418 ], [ 120.298045, 23.310634 ], [ 120.298373, 23.31095 ], [ 120.298317, 23.310999 ], [ 120.297967, 23.310662 ], [ 120.297957, 23.310421 ], [ 120.298036, 23.310418 ] ] ] } },
{ "type": "Feature", "properties": { "park_id": 251.0, "park_name": "公20", "district": "新營區", "village": "新南里", "heat_risk": 95.430797072961496, "heat_rank": 90.0, "comb_pct": 4.5692029270385097, "tree_pct": 4.5692029270385097, "bldg_pct": 0.0, "med_inc_k": 641.0, "pop_0_12": 750.0, "risk_class": 5 }, "geometry": { "type": "Polygon", "coordinates": [ [ [ 120.29793, 23.309921 ], [ 120.298005, 23.309917 ], [ 120.298031, 23.310356 ], [ 120.297955, 23.31036 ], [ 120.29793, 23.309921 ] ] ] } },
{ "type": "Feature", "properties": { "park_id": 252.0, "park_name": "和順公園", "district": "北區", "village": "和順里", "heat_risk": 46.890762087976398, "heat_rank": 395.0, "comb_pct": 53.109237912023602, "tree_pct": 53.109237912023602, "bldg_pct": 0.0, "med_inc_k": 573.0, "pop_0_12": 573.0, "risk_class": 1 }, "geometry": { "type": "Polygon", "coordinates": [ [ [ 120.20035, 23.003913 ], [ 120.200356, 23.003851 ], [ 120.200686, 23.003639 ], [ 120.201027, 23.003467 ], [ 120.201105, 23.003863 ], [ 120.200999, 23.004177 ], [ 120.200376, 23.003972 ], [ 120.20035, 23.003913 ] ] ] } },
{ "type": "Feature", "properties": { "park_id": 253.0, "park_name": "公兒21", "district": "新營區", "village": "新南里", "heat_risk": 100.0, "heat_rank": 1.0, "comb_pct": 0.0, "tree_pct": 0.0, "bldg_pct": 0.0, "med_inc_k": 641.0, "pop_0_12": 750.0, "risk_class": 5 }, "geometry": { "type": "Polygon", "coordinates": [ [ [ 120.295546, 23.306116 ], [ 120.295593, 23.306107 ], [ 120.295674, 23.306474 ], [ 120.295627, 23.306483 ], [ 120.295546, 23.306116 ] ] ] } },
{ "type": "Feature", "properties": { "park_id": 254.0, "park_name": "公兒21", "district": "新營區", "village": "新南里", "heat_risk": 97.929995884947601, "heat_rank": 74.0, "comb_pct": 2.0700041150523898, "tree_pct": 1.1442202577579801, "bldg_pct": 0.92578385729441603, "med_inc_k": 641.0, "pop_0_12": 750.0, "risk_class": 5 }, "geometry": { "type": "Polygon", "coordinates": [ [ [ 120.295799, 23.307138 ], [ 120.295731, 23.307141 ], [ 120.295622, 23.306585 ], [ 120.295687, 23.306572 ], [ 120.295799, 23.307138 ] ] ] } },
{ "type": "Feature", "properties": { "park_id": 255.0, "park_name": "公兒21", "district": "新營區", "village": "新南里", "heat_risk": 88.553657173197493, "heat_rank": 136.0, "comb_pct": 11.4463428268025, "tree_pct": 11.4463428268025, "bldg_pct": 0.0, "med_inc_k": 641.0, "pop_0_12": 750.0, "risk_class": 4 }, "geometry": { "type": "Polygon", "coordinates": [ [ [ 120.295867, 23.307721 ], [ 120.295944, 23.30824 ], [ 120.295874, 23.308244 ], [ 120.295792, 23.307723 ], [ 120.295867, 23.307721 ] ] ] } },
{ "type": "Feature", "properties": { "park_id": 256.0, "park_name": "外塭休憩公園", "district": "安南區", "village": "塭南里", "heat_risk": 80.303491636743402, "heat_rank": 196.0, "comb_pct": 19.696508363256601, "tree_pct": 19.696508363256601, "bldg_pct": 0.0, "med_inc_k": 440.0, "pop_0_12": 622.0, "risk_class": 3 }, "geometry": { "type": "Polygon", "coordinates": [ [ [ 120.219052, 23.069771 ], [ 120.220218, 23.069789 ], [ 120.220208, 23.070519 ], [ 120.21964, 23.070505 ], [ 120.219481, 23.070591 ], [ 120.219011, 23.069811 ], [ 120.219052, 23.069771 ] ] ] } },
{ "type": "Feature", "properties": { "park_id": 257.0, "park_name": "靜觀園", "district": "東區", "village": "大學里", "heat_risk": 100.0, "heat_rank": 1.0, "comb_pct": 0.0, "tree_pct": 0.0, "bldg_pct": 0.0, "med_inc_k": 761.0, "pop_0_12": 150.0, "risk_class": 5 }, "geometry": { "type": "Polygon", "coordinates": [ [ [ 120.220414, 22.992412 ], [ 120.220405, 22.992245 ], [ 120.220617, 22.992217 ], [ 120.220454, 22.992447 ], [ 120.220414, 22.992412 ] ] ] } },
{ "type": "Feature", "properties": { "park_id": 258.0, "park_name": "公滯4", "district": "新市區", "village": "豐華里", "heat_risk": 78.7549574882581, "heat_rank": 208.0, "comb_pct": 21.2450425117419, "tree_pct": 21.2450425117419, "bldg_pct": 0.0, "med_inc_k": 471.0, "pop_0_12": 94.0, "risk_class": 3 }, "geometry": { "type": "Polygon", "coordinates": [ [ [ 120.254639, 23.092675 ], [ 120.254791, 23.0899 ], [ 120.255973, 23.091025 ], [ 120.256986, 23.091261 ], [ 120.256763, 23.092734 ], [ 120.254639, 23.092675 ] ] ] } },
{ "type": "Feature", "properties": { "park_id": 259.0, "park_name": "公兒5", "district": "新市區", "village": "港墘里", "heat_risk": 52.207590815920497, "heat_rank": 362.0, "comb_pct": 47.792409184079503, "tree_pct": 47.792409184079503, "bldg_pct": 0.0, "med_inc_k": 482.0, "pop_0_12": 424.0, "risk_class": 2 }, "geometry": { "type": "Polygon", "coordinates": [ [ [ 120.300327, 23.082879 ], [ 120.300772, 23.082479 ], [ 120.300886, 23.082733 ], [ 120.300528, 23.083071 ], [ 120.300327, 23.082879 ] ] ] } },
{ "type": "Feature", "properties": { "park_id": 260.0, "park_name": "公3", "district": "永康區", "village": "大橋里", "heat_risk": 30.490130017675298, "heat_rank": 457.0, "comb_pct": 69.509869982324702, "tree_pct": 69.509869982324702, "bldg_pct": 0.0, "med_inc_k": 514.0, "pop_0_12": 665.0, "risk_class": 1 }, "geometry": { "type": "Polygon", "coordinates": [ [ [ 120.227838, 23.018368 ], [ 120.228034, 23.018495 ], [ 120.227825, 23.018747 ], [ 120.227596, 23.018547 ], [ 120.227838, 23.018368 ] ] ] } },
{ "type": "Feature", "properties": { "park_id": 261.0, "park_name": "公兒(公7細計)", "district": "新化區", "village": "武安里", "heat_risk": 79.010348391426504, "heat_rank": 205.0, "comb_pct": 20.989651608573499, "tree_pct": 19.032031669221201, "bldg_pct": 1.9576199393522999, "med_inc_k": 451.0, "pop_0_12": 245.0, "risk_class": 3 }, "geometry": { "type": "Polygon", "coordinates": [ [ [ 120.304886, 23.032725 ], [ 120.304846, 23.032693 ], [ 120.304954, 23.032179 ], [ 120.30521, 23.032385 ], [ 120.304886, 23.032725 ] ] ] } },
{ "type": "Feature", "properties": { "park_id": 262.0, "park_name": "副都心南工區_公61", "district": "東區", "village": "東智里", "heat_risk": 89.798996581927696, "heat_rank": 129.0, "comb_pct": 10.2010034180723, "tree_pct": 10.2010034180723, "bldg_pct": 0.0, "med_inc_k": 547.0, "pop_0_12": 616.0, "risk_class": 4 }, "geometry": { "type": "Polygon", "coordinates": [ [ [ 120.217641, 22.960881 ], [ 120.217679, 22.960537 ], [ 120.217837, 22.960362 ], [ 120.218162, 22.960389 ], [ 120.218202, 22.960416 ], [ 120.218205, 22.960476 ], [ 120.218476, 22.9605 ], [ 120.218556, 22.960579 ], [ 120.219962, 22.960612 ], [ 120.219951, 22.960754 ], [ 120.219932, 22.960874 ], [ 120.219899, 22.960901 ], [ 120.219769, 22.960913 ], [ 120.217698, 22.960918 ], [ 120.217641, 22.960881 ] ] ] } },
{ "type": "Feature", "properties": { "park_id": 263.0, "park_name": "文元公園", "district": "北區", "village": "元美里", "heat_risk": 79.845858398995503, "heat_rank": 197.0, "comb_pct": 20.154141601004401, "tree_pct": 20.154141601004401, "bldg_pct": 0.0, "med_inc_k": 654.0, "pop_0_12": 332.0, "risk_class": 3 }, "geometry": { "type": "Polygon", "coordinates": [ [ [ 120.197677, 23.013296 ], [ 120.197644, 23.013263 ], [ 120.197675, 23.012463 ], [ 120.197719, 23.012446 ], [ 120.198217, 23.012448 ], [ 120.198256, 23.012485 ], [ 120.198206, 23.013283 ], [ 120.198168, 23.013307 ], [ 120.197677, 23.013296 ] ] ] } },
{ "type": "Feature", "properties": { "park_id": 264.0, "park_name": "二二八紀念公園(公5)", "district": "安平區", "village": "建平里", "heat_risk": 82.5403023718101, "heat_rank": 179.0, "comb_pct": 17.4596976281899, "tree_pct": 17.4596976281899, "bldg_pct": 0.0, "med_inc_k": 601.0, "pop_0_12": 752.0, "risk_class": 4 }, "geometry": { "type": "Polygon", "coordinates": [ [ [ 120.181132, 22.990978 ], [ 120.180901, 22.991006 ], [ 120.180864, 22.99098 ], [ 120.180818, 22.990617 ], [ 120.180841, 22.990585 ], [ 120.181073, 22.990553 ], [ 120.181132, 22.990978 ] ] ] } },
{ "type": "Feature", "properties": { "park_id": 265.0, "park_name": "新市公滯十一公園", "district": "新市區", "village": "大營里", "heat_risk": 99.302659640204297, "heat_rank": 50.0, "comb_pct": 0.69734035979571596, "tree_pct": 0.69734035979571596, "bldg_pct": 0.0, "med_inc_k": 545.0, "pop_0_12": 536.0, "risk_class": 5 }, "geometry": { "type": "Polygon", "coordinates": [ [ [ 120.301801, 23.104795 ], [ 120.30564, 23.104784 ], [ 120.305632, 23.106567 ], [ 120.305585, 23.106566 ], [ 120.305567, 23.106696 ], [ 120.305618, 23.106708 ], [ 120.305612, 23.107879 ], [ 120.304101, 23.107762 ], [ 120.302409, 23.107817 ], [ 120.302277, 23.107702 ], [ 120.301801, 23.104795 ] ] ] } },
{ "type": "Feature", "properties": { "park_id": 266.0, "park_name": "永祥公園", "district": "北區", "village": "永祥里", "heat_risk": 29.551738818760299, "heat_rank": 461.0, "comb_pct": 70.448261181239701, "tree_pct": 70.235342897740097, "bldg_pct": 0.212918283499622, "med_inc_k": 408.0, "pop_0_12": 197.0, "risk_class": 1 }, "geometry": { "type": "Polygon", "coordinates": [ [ [ 120.219509, 23.013791 ], [ 120.219545, 23.01367 ], [ 120.219697, 23.013598 ], [ 120.219843, 23.013494 ], [ 120.219892, 23.013516 ], [ 120.219848, 23.01361 ], [ 120.219877, 23.013886 ], [ 120.220125, 23.014254 ], [ 120.220124, 23.014959 ], [ 120.22043, 23.015196 ], [ 120.220437, 23.015549 ], [ 120.22043, 23.015737 ], [ 120.22058, 23.016047 ], [ 120.22069, 23.016049 ], [ 120.220674, 23.016188 ], [ 120.220639, 23.016276 ], [ 120.220652, 23.016863 ], [ 120.22045, 23.016853 ], [ 120.220422, 23.016327 ], [ 120.220273, 23.01631 ], [ 120.220179, 23.016242 ], [ 120.22011, 23.016157 ], [ 120.220073, 23.016077 ], [ 120.220052, 23.015411 ], [ 120.219817, 23.015333 ], [ 120.21964, 23.015203 ], [ 120.21957, 23.015058 ], [ 120.219588, 23.01484 ], [ 120.219677, 23.014546 ], [ 120.219707, 23.014313 ], [ 120.219738, 23.014292 ], [ 120.219908, 23.014281 ], [ 120.21991, 23.014117 ], [ 120.219621, 23.014121 ], [ 120.219509, 23.013791 ] ] ] } },
{ "type": "Feature", "properties": { "park_id": 267.0, "park_name": "至善園(綠E5)", "district": "東區", "village": "中西里", "heat_risk": 100.0, "heat_rank": 1.0, "comb_pct": 0.0, "tree_pct": 0.0, "bldg_pct": 0.0, "med_inc_k": 588.0, "pop_0_12": 455.0, "risk_class": 5 }, "geometry": { "type": "Polygon", "coordinates": [ [ [ 120.221126, 22.991938 ], [ 120.221228, 22.991831 ], [ 120.221419, 22.991935 ], [ 120.221126, 22.991938 ] ] ] } },
{ "type": "Feature", "properties": { "park_id": 268.0, "park_name": "公58公園", "district": "東區", "village": "圍下里", "heat_risk": 64.993675917476395, "heat_rank": 282.0, "comb_pct": 35.006324082523598, "tree_pct": 33.424782055263897, "bldg_pct": 2.0214652343178301, "med_inc_k": 588.0, "pop_0_12": 199.0, "risk_class": 3 }, "geometry": { "type": "Polygon", "coordinates": [ [ [ 120.213601, 22.992869 ], [ 120.213575, 22.992756 ], [ 120.213655, 22.992752 ], [ 120.213734, 22.992622 ], [ 120.213758, 22.992458 ], [ 120.213802, 22.992369 ], [ 120.213703, 22.992332 ], [ 120.213788, 22.992101 ], [ 120.213472, 22.992096 ], [ 120.213475, 22.992001 ], [ 120.213977, 22.992049 ], [ 120.214024, 22.991975 ], [ 120.214097, 22.992042 ], [ 120.214111, 22.992183 ], [ 120.214139, 22.992212 ], [ 120.214243, 22.992432 ], [ 120.213886, 22.992811 ], [ 120.213601, 22.992869 ] ] ] } },
{ "type": "Feature", "properties": { "park_id": 269.0, "park_name": "成大公園", "district": "東區", "village": "成大里", "heat_risk": 42.031528021617497, "heat_rank": 418.0, "comb_pct": 57.968471978382503, "tree_pct": 56.782864042440501, "bldg_pct": 1.1914968807697699, "med_inc_k": 562.0, "pop_0_12": 214.0, "risk_class": 1 }, "geometry": { "type": "Polygon", "coordinates": [ [ [ 120.215029, 22.996653 ], [ 120.21495, 22.99619 ], [ 120.215324, 22.996156 ], [ 120.215395, 22.996593 ], [ 120.215029, 22.996653 ] ] ] } },
{ "type": "Feature", "properties": { "park_id": 270.0, "park_name": "大成公園", "district": "南區", "village": "田寮里", "heat_risk": 85.429504847403095, "heat_rank": 159.0, "comb_pct": 14.5704951525969, "tree_pct": 14.5704951525969, "bldg_pct": 0.0, "med_inc_k": 481.0, "pop_0_12": 220.0, "risk_class": 4 }, "geometry": { "type": "Polygon", "coordinates": [ [ [ 120.196156, 22.976305 ], [ 120.196465, 22.97631 ], [ 120.196463, 22.976616 ], [ 120.196432, 22.976632 ], [ 120.196291, 22.976623 ], [ 120.196196, 22.976562 ], [ 120.196158, 22.976457 ], [ 120.196156, 22.976305 ] ] ] } },
{ "type": "Feature", "properties": { "park_id": 271.0, "park_name": "永康公園", "district": "永康區", "village": "復興里", "heat_risk": 67.795902776312602, "heat_rank": 269.0, "comb_pct": 32.204097223687398, "tree_pct": 32.204097223743801, "bldg_pct": 0.084074133226369002, "med_inc_k": 432.0, "pop_0_12": 95.0, "risk_class": 3 }, "geometry": { "type": "Polygon", "coordinates": [ [ [ 120.244932, 23.00351 ], [ 120.244897, 23.00315 ], [ 120.244566, 23.003199 ], [ 120.244579, 23.003559 ], [ 120.243506, 23.003697 ], [ 120.243576, 23.004066 ], [ 120.242953, 23.004071 ], [ 120.242947, 23.003694 ], [ 120.242864, 23.003687 ], [ 120.242856, 23.003357 ], [ 120.242511, 23.003342 ], [ 120.242525, 23.003175 ], [ 120.242576, 23.003005 ], [ 120.242696, 23.002788 ], [ 120.242848, 23.002621 ], [ 120.243118, 23.002412 ], [ 120.244167, 23.001993 ], [ 120.24464, 23.001897 ], [ 120.245135, 23.001922 ], [ 120.245732, 23.002648 ], [ 120.24532, 23.002729 ], [ 120.245306, 23.003507 ], [ 120.244932, 23.00351 ] ] ] } },
{ "type": "Feature", "properties": { "park_id": 272.0, "park_name": "新興國宅-公兒26", "district": "南區", "village": "南都里", "heat_risk": 94.929043891952603, "heat_rank": 96.0, "comb_pct": 5.0709561080474401, "tree_pct": 5.0709561080474401, "bldg_pct": 0.0, "med_inc_k": 436.0, "pop_0_12": 192.0, "risk_class": 5 }, "geometry": { "type": "Polygon", "coordinates": [ [ [ 120.18709, 22.961513 ], [ 120.187087, 22.961131 ], [ 120.187611, 22.961131 ], [ 120.187651, 22.961438 ], [ 120.18709, 22.961513 ] ] ] } },
{ "type": "Feature", "properties": { "park_id": 273.0, "park_name": "公兒1", "district": "新化區", "village": "太平里", "heat_risk": 99.768801017675997, "heat_rank": 44.0, "comb_pct": 0.231198982324026, "tree_pct": 0.0, "bldg_pct": 0.231198982324026, "med_inc_k": 487.0, "pop_0_12": 502.0, "risk_class": 5 }, "geometry": { "type": "Polygon", "coordinates": [ [ [ 120.307397, 23.042004 ], [ 120.307655, 23.041616 ], [ 120.307779, 23.041997 ], [ 120.307397, 23.042004 ] ] ] } },
{ "type": "Feature", "properties": { "park_id": 274.0, "park_name": "虎形山公園", "district": "龍崎區", "village": "崎頂里", "heat_risk": 21.818482231434299, "heat_rank": 478.0, "comb_pct": 78.181517768565698, "tree_pct": 77.821589614323003, "bldg_pct": 2.3935216171367699, "med_inc_k": 406.0, "pop_0_12": 30.0, "risk_class": 1 }, "geometry": { "type": "Polygon", "coordinates": [ [ [ 120.35707, 22.962687 ], [ 120.357319, 22.961987 ], [ 120.360359, 22.960684 ], [ 120.360785, 22.961384 ], [ 120.361394, 22.961239 ], [ 120.361623, 22.961776 ], [ 120.361158, 22.963326 ], [ 120.360274, 22.963851 ], [ 120.360202, 22.964358 ], [ 120.359656, 22.964399 ], [ 120.358821, 22.964572 ], [ 120.358378, 22.963957 ], [ 120.357761, 22.963894 ], [ 120.35707, 22.962687 ] ] ] } },
{ "type": "Feature", "properties": { "park_id": 275.0, "park_name": "公66", "district": "南區", "village": "鹽埕里", "heat_risk": 79.697861925420199, "heat_rank": 201.0, "comb_pct": 20.302138074579801, "tree_pct": 20.302138074579801, "bldg_pct": 0.0, "med_inc_k": 419.0, "pop_0_12": 244.0, "risk_class": 3 }, "geometry": { "type": "Polygon", "coordinates": [ [ [ 120.189304, 22.967584 ], [ 120.189128, 22.967553 ], [ 120.188896, 22.967355 ], [ 120.189273, 22.967328 ], [ 120.189304, 22.967584 ] ] ] } },
{ "type": "Feature", "properties": { "park_id": 276.0, "park_name": "郡南公園", "district": "南區", "village": "郡南里", "heat_risk": 39.029608617612404, "heat_rank": 434.0, "comb_pct": 60.970391382387596, "tree_pct": 60.888315327260699, "bldg_pct": 0.082076055126841393, "med_inc_k": 445.0, "pop_0_12": 271.0, "risk_class": 1 }, "geometry": { "type": "Polygon", "coordinates": [ [ [ 120.193873, 22.965653 ], [ 120.19431, 22.965648 ], [ 120.19431, 22.965726 ], [ 120.194346, 22.965742 ], [ 120.194258, 22.965985 ], [ 120.19388, 22.965982 ], [ 120.193873, 22.965653 ] ] ] } },
{ "type": "Feature", "properties": { "park_id": 277.0, "park_name": "州北運動公園", "district": "安南區", "village": "州北里", "heat_risk": 94.818662957612304, "heat_rank": 97.0, "comb_pct": 5.1813370423877201, "tree_pct": 5.1813370423877201, "bldg_pct": 0.0, "med_inc_k": 477.0, "pop_0_12": 631.0, "risk_class": 4 }, "geometry": { "type": "Polygon", "coordinates": [ [ [ 120.218705, 23.06768 ], [ 120.2187, 23.067993 ], [ 120.2183, 23.068069 ], [ 120.218305, 23.068089 ], [ 120.218045, 23.068136 ], [ 120.217969, 23.068112 ], [ 120.217817, 23.06787 ], [ 120.218184, 23.067681 ], [ 120.218252, 23.06768 ], [ 120.218263, 23.06773 ], [ 120.218705, 23.06768 ] ] ] } },
{ "type": "Feature", "properties": { "park_id": 278.0, "park_name": "永康公2公園", "district": "永康區", "village": "東橋里", "heat_risk": 99.413469504961697, "heat_rank": 48.0, "comb_pct": 0.58653049503833099, "tree_pct": 0.58653049503833099, "bldg_pct": 0.0, "med_inc_k": 925.0, "pop_0_12": 1874.0, "risk_class": 5 }, "geometry": { "type": "Polygon", "coordinates": [ [ [ 120.235626, 23.025266 ], [ 120.236063, 23.025514 ], [ 120.235823, 23.025833 ], [ 120.235591, 23.02611 ], [ 120.235354, 23.026379 ], [ 120.235059, 23.026235 ], [ 120.235626, 23.025266 ] ] ] } },
{ "type": "Feature", "properties": { "park_id": 279.0, "park_name": "富東公園", "district": "安南區", "village": "溪東里", "heat_risk": 100.0, "heat_rank": 1.0, "comb_pct": 0.0, "tree_pct": 0.0, "bldg_pct": 0.0, "med_inc_k": 582.0, "pop_0_12": 926.0, "risk_class": 5 }, "geometry": { "type": "Polygon", "coordinates": [ [ [ 120.198649, 23.025759 ], [ 120.198735, 23.025398 ], [ 120.199243, 23.025448 ], [ 120.1993, 23.025514 ], [ 120.199222, 23.025852 ], [ 120.199176, 23.025867 ], [ 120.198649, 23.025759 ] ] ] } },
{ "type": "Feature", "properties": { "park_id": 280.0, "park_name": "鯤鯓公園(公兒S1)鯤鯓兒童遊戲區", "district": "南區", "village": "鯤鯓里", "heat_risk": 75.579350865028502, "heat_rank": 224.0, "comb_pct": 24.420649134971502, "tree_pct": 23.552594528717201, "bldg_pct": 1.8296922854164599, "med_inc_k": 372.0, "pop_0_12": 88.0, "risk_class": 3 }, "geometry": { "type": "Polygon", "coordinates": [ [ [ 120.172046, 22.95986 ], [ 120.172026, 22.959778 ], [ 120.171988, 22.959676 ], [ 120.171889, 22.959501 ], [ 120.172505, 22.959495 ], [ 120.172419, 22.959598 ], [ 120.172394, 22.959748 ], [ 120.172419, 22.959865 ], [ 120.172046, 22.95986 ] ] ] } },
{ "type": "Feature", "properties": { "park_id": 281.0, "park_name": "春風廣場", "district": "安平區", "village": "文平里", "heat_risk": 40.665680950249701, "heat_rank": 428.0, "comb_pct": 59.334319049750299, "tree_pct": 59.334319049750299, "bldg_pct": 0.0, "med_inc_k": 607.0, "pop_0_12": 498.0, "risk_class": 1 }, "geometry": { "type": "Polygon", "coordinates": [ [ [ 120.179126, 22.986712 ], [ 120.179108, 22.986506 ], [ 120.179617, 22.986467 ], [ 120.179635, 22.986665 ], [ 120.179126, 22.986712 ] ] ] } },
{ "type": "Feature", "properties": { "park_id": 282.0, "park_name": "興南公園", "district": "南區", "village": "佛壇里", "heat_risk": 90.745420457655996, "heat_rank": 122.0, "comb_pct": 9.2545795423440005, "tree_pct": 9.2545795423440005, "bldg_pct": 0.0, "med_inc_k": 416.0, "pop_0_12": 249.0, "risk_class": 4 }, "geometry": { "type": "Polygon", "coordinates": [ [ [ 120.180518, 22.920495 ], [ 120.180778, 22.919888 ], [ 120.180845, 22.919865 ], [ 120.180859, 22.919874 ], [ 120.180913, 22.919953 ], [ 120.180941, 22.920018 ], [ 120.181006, 22.920462 ], [ 120.181131, 22.920733 ], [ 120.180518, 22.920495 ] ] ] } },
{ "type": "Feature", "properties": { "park_id": 283.0, "park_name": "探索教育公園", "district": "永康區", "village": "永康里", "heat_risk": 73.718378704820097, "heat_rank": 231.0, "comb_pct": 26.2816212951799, "tree_pct": 26.2816212951799, "bldg_pct": 0.0, "med_inc_k": 513.0, "pop_0_12": 988.0, "risk_class": 3 }, "geometry": { "type": "Polygon", "coordinates": [ [ [ 120.257591, 23.019287 ], [ 120.25889, 23.01884 ], [ 120.259361, 23.019948 ], [ 120.259552, 23.02011 ], [ 120.259746, 23.020183 ], [ 120.260978, 23.020612 ], [ 120.261151, 23.02091 ], [ 120.260367, 23.021198 ], [ 120.259806, 23.021351 ], [ 120.258703, 23.021951 ], [ 120.258117, 23.020516 ], [ 120.257591, 23.019287 ] ] ] } },
{ "type": "Feature", "properties": { "park_id": 284.0, "park_name": "後甲公園", "district": "東區", "village": "後甲里", "heat_risk": 54.8467607363742, "heat_rank": 340.0, "comb_pct": 45.1532392636258, "tree_pct": 45.1532392636258, "bldg_pct": 0.0, "med_inc_k": 482.0, "pop_0_12": 366.0, "risk_class": 2 }, "geometry": { "type": "Polygon", "coordinates": [ [ [ 120.241164, 22.991031 ], [ 120.241182, 22.990456 ], [ 120.242829, 22.990749 ], [ 120.242917, 22.990344 ], [ 120.245005, 22.99076 ], [ 120.245013, 22.990944 ], [ 120.241164, 22.991031 ] ] ] } },
{ "type": "Feature", "properties": { "park_id": 285.0, "park_name": "北成公園", "district": "北區", "village": "成功里", "heat_risk": 81.686652782215006, "heat_rank": 187.0, "comb_pct": 18.313347217785001, "tree_pct": 18.313347217785001, "bldg_pct": 0.0, "med_inc_k": 585.0, "pop_0_12": 719.0, "risk_class": 4 }, "geometry": { "type": "Polygon", "coordinates": [ [ [ 120.210503, 23.019136 ], [ 120.21087, 23.018965 ], [ 120.211109, 23.019234 ], [ 120.211102, 23.01928 ], [ 120.210727, 23.019471 ], [ 120.210503, 23.019136 ] ] ] } },
{ "type": "Feature", "properties": { "park_id": 286.0, "park_name": "仁和公園", "district": "東區", "village": "崇善里", "heat_risk": 64.140155382001097, "heat_rank": 285.0, "comb_pct": 35.859844617998903, "tree_pct": 35.098075501756398, "bldg_pct": 1.34543301850374, "med_inc_k": 593.0, "pop_0_12": 466.0, "risk_class": 3 }, "geometry": { "type": "Polygon", "coordinates": [ [ [ 120.229324, 22.97586 ], [ 120.229548, 22.975357 ], [ 120.230083, 22.975565 ], [ 120.229864, 22.976062 ], [ 120.229324, 22.97586 ] ] ] } },
{ "type": "Feature", "properties": { "park_id": 287.0, "park_name": "樂成公園", "district": "安南區", "village": "安西里", "heat_risk": 45.827213750395799, "heat_rank": 399.0, "comb_pct": 54.172786249604201, "tree_pct": 54.172786249604201, "bldg_pct": 0.0, "med_inc_k": 559.0, "pop_0_12": 446.0, "risk_class": 1 }, "geometry": { "type": "Polygon", "coordinates": [ [ [ 120.21075, 23.030518 ], [ 120.210096, 23.030395 ], [ 120.210149, 23.029914 ], [ 120.211015, 23.02985 ], [ 120.211041, 23.029881 ], [ 120.211005, 23.030108 ], [ 120.210819, 23.030247 ], [ 120.21075, 23.030518 ] ] ] } },
{ "type": "Feature", "properties": { "park_id": 288.0, "park_name": "石門體育公園", "district": "安平區", "village": "天妃里", "heat_risk": 95.317883206332894, "heat_rank": 91.0, "comb_pct": 4.6821167936670998, "tree_pct": 4.6821167936670998, "bldg_pct": 0.0, "med_inc_k": 401.0, "pop_0_12": 173.0, "risk_class": 5 }, "geometry": { "type": "Polygon", "coordinates": [ [ [ 120.16802, 23.00126 ], [ 120.167828, 23.001023 ], [ 120.168229, 23.000646 ], [ 120.168398, 23.001111 ], [ 120.16802, 23.00126 ] ] ] } },
{ "type": "Feature", "properties": { "park_id": 289.0, "park_name": "小康公園", "district": "北區", "village": "北門里", "heat_risk": 53.747277482289199, "heat_rank": 352.0, "comb_pct": 46.252722517710801, "tree_pct": 46.252722517710801, "bldg_pct": 0.0, "med_inc_k": 423.0, "pop_0_12": 351.0, "risk_class": 2 }, "geometry": { "type": "Polygon", "coordinates": [ [ [ 120.216955, 23.015618 ], [ 120.216913, 23.01472 ], [ 120.216944, 23.01468 ], [ 120.217099, 23.01464 ], [ 120.21711, 23.014798 ], [ 120.217317, 23.014779 ], [ 120.217479, 23.01554 ], [ 120.217445, 23.015584 ], [ 120.216994, 23.015651 ], [ 120.216955, 23.015618 ] ] ] } },
{ "type": "Feature", "properties": { "park_id": 290.0, "park_name": "東興雲端花園", "district": "北區", "village": "東興里", "heat_risk": 96.945510761016195, "heat_rank": 82.0, "comb_pct": 3.0544892389837601, "tree_pct": 3.0544892389837601, "bldg_pct": 0.0, "med_inc_k": 550.0, "pop_0_12": 277.0, "risk_class": 5 }, "geometry": { "type": "Polygon", "coordinates": [ [ [ 120.232374, 22.99901 ], [ 120.232317, 22.999009 ], [ 120.232248, 22.998975 ], [ 120.23222, 22.998922 ], [ 120.232214, 22.998859 ], [ 120.232373, 22.998851 ], [ 120.232374, 22.99901 ] ] ] } },
{ "type": "Feature", "properties": { "park_id": 291.0, "park_name": "三角小公園", "district": "南區", "village": "鯤鯓里", "heat_risk": 100.0, "heat_rank": 1.0, "comb_pct": 0.0, "tree_pct": 0.0, "bldg_pct": 0.0, "med_inc_k": 372.0, "pop_0_12": 88.0, "risk_class": 5 }, "geometry": { "type": "Polygon", "coordinates": [ [ [ 120.173048, 22.959205 ], [ 120.173273, 22.959212 ], [ 120.17329, 22.959227 ], [ 120.173294, 22.959257 ], [ 120.173108, 22.959458 ], [ 120.173066, 22.959466 ], [ 120.173026, 22.959447 ], [ 120.17302, 22.959239 ], [ 120.173048, 22.959205 ] ] ] } },
{ "type": "Feature", "properties": { "park_id": 292.0, "park_name": "閱之森公園", "district": "永康區", "village": "東橋里", "heat_risk": 94.017405551694907, "heat_rank": 100.0, "comb_pct": 5.9825944483051297, "tree_pct": 5.9825944483051297, "bldg_pct": 0.0, "med_inc_k": 925.0, "pop_0_12": 1874.0, "risk_class": 4 }, "geometry": { "type": "Polygon", "coordinates": [ [ [ 120.23713, 23.024898 ], [ 120.236808, 23.024736 ], [ 120.236361, 23.024343 ], [ 120.23707, 23.023221 ], [ 120.236787, 23.022962 ], [ 120.236875, 23.022875 ], [ 120.2374, 23.02327 ], [ 120.237915, 23.023514 ], [ 120.23713, 23.024898 ] ] ] } },
{ "type": "Feature", "properties": { "park_id": 293.0, "park_name": "LM蓮潭公園", "district": "善化區", "village": "蓮潭里", "heat_risk": 99.890088732502704, "heat_rank": 41.0, "comb_pct": 0.10991126749729099, "tree_pct": 0.10991126749729099, "bldg_pct": 0.0, "med_inc_k": 1803.0, "pop_0_12": 2259.0, "risk_class": 5 }, "geometry": { "type": "Polygon", "coordinates": [ [ [ 120.303505, 23.113561 ], [ 120.303226, 23.112061 ], [ 120.306332, 23.112007 ], [ 120.306591, 23.112024 ], [ 120.306498, 23.112594 ], [ 120.306605, 23.113046 ], [ 120.306401, 23.112994 ], [ 120.306371, 23.113487 ], [ 120.303505, 23.113561 ] ] ] } },
{ "type": "Feature", "properties": { "park_id": 294.0, "park_name": "平通公園", "district": "安平區", "village": "平通里", "heat_risk": 41.130053604010101, "heat_rank": 425.0, "comb_pct": 58.869946395989899, "tree_pct": 58.869946395989899, "bldg_pct": 0.0, "med_inc_k": 519.0, "pop_0_12": 809.0, "risk_class": 1 }, "geometry": { "type": "Polygon", "coordinates": [ [ [ 120.170587, 22.996004 ], [ 120.170524, 22.995426 ], [ 120.170549, 22.995385 ], [ 120.170939, 22.99535 ], [ 120.170968, 22.995369 ], [ 120.171029, 22.995962 ], [ 120.170587, 22.996004 ] ] ] } },
{ "type": "Feature", "properties": { "park_id": 295.0, "park_name": "源之旅休閒公園", "district": "南化區", "village": "玉山里", "heat_risk": 27.963875177013001, "heat_rank": 466.0, "comb_pct": 72.036124822987006, "tree_pct": 71.934208453018698, "bldg_pct": 0.57657573476284596, "med_inc_k": 424.0, "pop_0_12": 60.0, "risk_class": 1 }, "geometry": { "type": "Polygon", "coordinates": [ [ [ 120.536547, 23.093381 ], [ 120.535954, 23.093982 ], [ 120.535513, 23.094176 ], [ 120.535188, 23.094221 ], [ 120.534946, 23.094101 ], [ 120.534006, 23.094045 ], [ 120.533558, 23.094101 ], [ 120.532963, 23.094088 ], [ 120.53214, 23.094152 ], [ 120.53174, 23.092901 ], [ 120.531693, 23.092459 ], [ 120.5319, 23.09153 ], [ 120.532348, 23.09105 ], [ 120.532783, 23.090866 ], [ 120.533224, 23.090847 ], [ 120.533578, 23.091013 ], [ 120.534152, 23.090985 ], [ 120.534641, 23.090876 ], [ 120.535009, 23.090823 ], [ 120.535796, 23.090898 ], [ 120.536721, 23.091376 ], [ 120.536995, 23.091548 ], [ 120.537068, 23.091942 ], [ 120.537008, 23.092379 ], [ 120.536908, 23.092711 ], [ 120.536767, 23.093086 ], [ 120.536547, 23.093381 ] ] ] } },
{ "type": "Feature", "properties": { "park_id": 296.0, "park_name": "水月公園(安吉路擴大路權)", "district": "安南區", "village": "溪心里", "heat_risk": 100.0, "heat_rank": 1.0, "comb_pct": 0.0, "tree_pct": 0.0, "bldg_pct": 0.0, "med_inc_k": 493.0, "pop_0_12": 1206.0, "risk_class": 5 }, "geometry": { "type": "Polygon", "coordinates": [ [ [ 120.188914, 23.060026 ], [ 120.188875, 23.059519 ], [ 120.189709, 23.05947 ], [ 120.189692, 23.059053 ], [ 120.189736, 23.05902 ], [ 120.19059, 23.059031 ], [ 120.190561, 23.059222 ], [ 120.190492, 23.059427 ], [ 120.190375, 23.059591 ], [ 120.190245, 23.059726 ], [ 120.190081, 23.059836 ], [ 120.189883, 23.059929 ], [ 120.189636, 23.059976 ], [ 120.188914, 23.060026 ] ] ] } },
{ "type": "Feature", "properties": { "park_id": 297.0, "park_name": "楠西公園", "district": "楠西區", "village": "東勢里", "heat_risk": 30.052642498985001, "heat_rank": 458.0, "comb_pct": 69.947357501015006, "tree_pct": 69.947357501015006, "bldg_pct": 0.0, "med_inc_k": 402.0, "pop_0_12": 116.0, "risk_class": 1 }, "geometry": { "type": "Polygon", "coordinates": [ [ [ 120.48547, 23.178761 ], [ 120.485303, 23.178662 ], [ 120.485246, 23.177552 ], [ 120.485309, 23.177504 ], [ 120.486144, 23.177584 ], [ 120.486315, 23.178771 ], [ 120.48547, 23.178761 ] ] ] } },
{ "type": "Feature", "properties": { "park_id": 298.0, "park_name": "時代公園", "district": "東區", "village": "東光里", "heat_risk": 88.150551114223404, "heat_rank": 141.0, "comb_pct": 11.849448885776599, "tree_pct": 11.849448885776599, "bldg_pct": 0.0, "med_inc_k": 685.0, "pop_0_12": 809.0, "risk_class": 4 }, "geometry": { "type": "Polygon", "coordinates": [ [ [ 120.23117, 22.991395 ], [ 120.231967, 22.991324 ], [ 120.231757, 22.989337 ], [ 120.231015, 22.989402 ], [ 120.230977, 22.989293 ], [ 120.232002, 22.988963 ], [ 120.232156, 22.988919 ], [ 120.232258, 22.989779 ], [ 120.232582, 22.992704 ], [ 120.231407, 22.992809 ], [ 120.231313, 22.992747 ], [ 120.23117, 22.991395 ] ] ] } },
{ "type": "Feature", "properties": { "park_id": 299.0, "park_name": "公兒4-2", "district": "善化區", "village": "文昌里", "heat_risk": 40.779247752555001, "heat_rank": 427.0, "comb_pct": 59.220752247444999, "tree_pct": 59.175543366230201, "bldg_pct": 0.130559570280328, "med_inc_k": 563.0, "pop_0_12": 424.0, "risk_class": 1 }, "geometry": { "type": "Polygon", "coordinates": [ [ [ 120.293303, 23.127973 ], [ 120.293289, 23.127971 ], [ 120.293277, 23.12796 ], [ 120.293058, 23.127639 ], [ 120.293054, 23.127617 ], [ 120.293063, 23.127596 ], [ 120.293095, 23.127577 ], [ 120.293229, 23.127515 ], [ 120.293373, 23.12746 ], [ 120.293511, 23.127887 ], [ 120.293388, 23.127931 ], [ 120.293303, 23.127973 ] ] ] } },
{ "type": "Feature", "properties": { "park_id": 300.0, "park_name": "新生公園", "district": "南區", "village": "新生里", "heat_risk": 43.2409145741834, "heat_rank": 412.0, "comb_pct": 56.7590854258166, "tree_pct": 56.755401067859601, "bldg_pct": 0.0051027511549619799, "med_inc_k": 462.0, "pop_0_12": 210.0, "risk_class": 1 }, "geometry": { "type": "Polygon", "coordinates": [ [ [ 120.21249, 22.976065 ], [ 120.212487, 22.976161 ], [ 120.211919, 22.978038 ], [ 120.211037, 22.97785 ], [ 120.211086, 22.977756 ], [ 120.21161, 22.977528 ], [ 120.21177, 22.977479 ], [ 120.211859, 22.977356 ], [ 120.212019, 22.97692 ], [ 120.212305, 22.976054 ], [ 120.212345, 22.975994 ], [ 120.212413, 22.975991 ], [ 120.21249, 22.976065 ] ] ] } },
{ "type": "Feature", "properties": { "park_id": 301.0, "park_name": "新生公園", "district": "南區", "village": "新生里", "heat_risk": 43.2409145741834, "heat_rank": 412.0, "comb_pct": 56.7590854258166, "tree_pct": 56.755401067859601, "bldg_pct": 0.0051027511549619799, "med_inc_k": 462.0, "pop_0_12": 210.0, "risk_class": 1 }, "geometry": { "type": "Polygon", "coordinates": [ [ [ 120.21249, 22.976065 ], [ 120.212487, 22.976161 ], [ 120.211919, 22.978038 ], [ 120.211037, 22.97785 ], [ 120.211086, 22.977756 ], [ 120.21161, 22.977528 ], [ 120.21177, 22.977479 ], [ 120.211859, 22.977356 ], [ 120.212019, 22.97692 ], [ 120.212305, 22.976054 ], [ 120.212345, 22.975994 ], [ 120.212413, 22.975991 ], [ 120.21249, 22.976065 ] ] ] } },
{ "type": "Feature", "properties": { "park_id": 302.0, "park_name": "凱比吉公園", "district": "善化區", "village": "文昌里", "heat_risk": 95.042558603519595, "heat_rank": 94.0, "comb_pct": 4.9574413964804496, "tree_pct": 4.9574413964804496, "bldg_pct": 0.0, "med_inc_k": 563.0, "pop_0_12": 424.0, "risk_class": 5 }, "geometry": { "type": "Polygon", "coordinates": [ [ [ 120.292678, 23.127854 ], [ 120.292809, 23.127736 ], [ 120.292938, 23.127644 ], [ 120.292964, 23.127644 ], [ 120.292992, 23.127661 ], [ 120.293214, 23.127977 ], [ 120.293213, 23.127994 ], [ 120.293189, 23.128019 ], [ 120.293099, 23.128079 ], [ 120.293018, 23.128152 ], [ 120.292678, 23.127854 ] ] ] } },
{ "type": "Feature", "properties": { "park_id": 303.0, "park_name": "莊敬公園", "district": "東區", "village": "莊敬里", "heat_risk": 35.934278975199298, "heat_rank": 447.0, "comb_pct": 64.065721024800695, "tree_pct": 64.065721024800695, "bldg_pct": 0.0, "med_inc_k": 579.0, "pop_0_12": 617.0, "risk_class": 1 }, "geometry": { "type": "Polygon", "coordinates": [ [ [ 120.229784, 22.997808 ], [ 120.229865, 22.997679 ], [ 120.230175, 22.997406 ], [ 120.230418, 22.99742 ], [ 120.230391, 22.997841 ], [ 120.229784, 22.997808 ] ] ] } },
{ "type": "Feature", "properties": { "park_id": 304.0, "park_name": "光明公園", "district": "東區", "village": "小東里", "heat_risk": 62.545884210738102, "heat_rank": 293.0, "comb_pct": 37.454115789261898, "tree_pct": 37.454115789261898, "bldg_pct": 0.0, "med_inc_k": 587.0, "pop_0_12": 723.0, "risk_class": 2 }, "geometry": { "type": "Polygon", "coordinates": [ [ [ 120.228752, 22.997884 ], [ 120.228875, 22.996986 ], [ 120.22933, 22.997005 ], [ 120.22924, 22.997897 ], [ 120.228752, 22.997884 ] ] ] } },
{ "type": "Feature", "properties": { "park_id": 305.0, "park_name": "陽光電城公園", "district": "新市區", "village": "大營里", "heat_risk": 86.452653760111204, "heat_rank": 155.0, "comb_pct": 13.5473462398888, "tree_pct": 13.5473462398888, "bldg_pct": 0.0, "med_inc_k": 545.0, "pop_0_12": 536.0, "risk_class": 4 }, "geometry": { "type": "Polygon", "coordinates": [ [ [ 120.309969, 23.110227 ], [ 120.309285, 23.110233 ], [ 120.308956, 23.109924 ], [ 120.309236, 23.10925 ], [ 120.30997, 23.109529 ], [ 120.309977, 23.109562 ], [ 120.309969, 23.110227 ] ] ] } },
{ "type": "Feature", "properties": { "park_id": 306.0, "park_name": "水月公園", "district": "安南區", "village": "佃東里", "heat_risk": 98.691817344920196, "heat_rank": 59.0, "comb_pct": 1.3081826550798099, "tree_pct": 1.3081826550798099, "bldg_pct": 0.0, "med_inc_k": 453.0, "pop_0_12": 344.0, "risk_class": 5 }, "geometry": { "type": "Polygon", "coordinates": [ [ [ 120.19151, 23.063417 ], [ 120.191445, 23.063225 ], [ 120.191326, 23.062945 ], [ 120.191129, 23.062585 ], [ 120.190866, 23.062196 ], [ 120.190694, 23.061993 ], [ 120.190559, 23.061847 ], [ 120.190327, 23.06167 ], [ 120.190218, 23.061557 ], [ 120.190157, 23.061473 ], [ 120.189913, 23.060956 ], [ 120.189785, 23.0608 ], [ 120.189683, 23.060725 ], [ 120.189548, 23.060641 ], [ 120.18953, 23.060573 ], [ 120.189565, 23.060515 ], [ 120.189688, 23.060502 ], [ 120.189881, 23.0605 ], [ 120.190085, 23.060528 ], [ 120.190371, 23.060601 ], [ 120.190636, 23.060733 ], [ 120.190827, 23.060868 ], [ 120.190989, 23.061011 ], [ 120.191113, 23.061155 ], [ 120.19122, 23.061313 ], [ 120.191315, 23.061531 ], [ 120.191405, 23.061813 ], [ 120.191526, 23.062654 ], [ 120.191589, 23.0634 ], [ 120.19151, 23.063417 ] ] ] } },
{ "type": "Feature", "properties": { "park_id": 307.0, "park_name": "布袋景觀公園", "district": "安南區", "village": "布袋里", "heat_risk": 100.0, "heat_rank": 1.0, "comb_pct": 0.0, "tree_pct": 0.0, "bldg_pct": 0.0, "med_inc_k": 510.0, "pop_0_12": 170.0, "risk_class": 5 }, "geometry": { "type": "Polygon", "coordinates": [ [ [ 120.206945, 23.064891 ], [ 120.206932, 23.064852 ], [ 120.206945, 23.064818 ], [ 120.207182, 23.06455 ], [ 120.207327, 23.064659 ], [ 120.207395, 23.06483 ], [ 120.207029, 23.064927 ], [ 120.206977, 23.064924 ], [ 120.206945, 23.064891 ] ] ] } },
{ "type": "Feature", "properties": { "park_id": 308.0, "park_name": "文南公園", "district": "南區", "village": "文南里", "heat_risk": 28.396678590350302, "heat_rank": 465.0, "comb_pct": 71.603321409649695, "tree_pct": 71.603321409649695, "bldg_pct": 0.0, "med_inc_k": 520.0, "pop_0_12": 309.0, "risk_class": 1 }, "geometry": { "type": "Polygon", "coordinates": [ [ [ 120.187474, 22.983431 ], [ 120.188209, 22.983345 ], [ 120.188282, 22.984026 ], [ 120.187601, 22.984062 ], [ 120.187474, 22.983431 ] ] ] } },
{ "type": "Feature", "properties": { "park_id": 309.0, "park_name": "布袋魚木公園", "district": "安南區", "village": "布袋里", "heat_risk": 99.669563094486094, "heat_rank": 46.0, "comb_pct": 0.33043690551389998, "tree_pct": 0.33043690551389998, "bldg_pct": 0.0, "med_inc_k": 510.0, "pop_0_12": 170.0, "risk_class": 5 }, "geometry": { "type": "Polygon", "coordinates": [ [ [ 120.206809, 23.061887 ], [ 120.206711, 23.061565 ], [ 120.207593, 23.061308 ], [ 120.207603, 23.061415 ], [ 120.207466, 23.061693 ], [ 120.206965, 23.061806 ], [ 120.206905, 23.06187 ], [ 120.206809, 23.061887 ] ] ] } },
{ "type": "Feature", "properties": { "park_id": 310.0, "park_name": "文華公園", "district": "南區", "village": "文華里", "heat_risk": 41.975366966341397, "heat_rank": 419.0, "comb_pct": 58.024633033658603, "tree_pct": 58.024633033658603, "bldg_pct": 0.0, "med_inc_k": 446.0, "pop_0_12": 172.0, "risk_class": 1 }, "geometry": { "type": "Polygon", "coordinates": [ [ [ 120.189785, 22.988506 ], [ 120.189527, 22.988548 ], [ 120.188927, 22.987945 ], [ 120.18926, 22.987644 ], [ 120.189659, 22.987986 ], [ 120.189933, 22.987934 ], [ 120.189771, 22.988274 ], [ 120.189785, 22.988506 ] ] ] } },
{ "type": "Feature", "properties": { "park_id": 311.0, "park_name": "再興里二號公園", "district": "南區", "village": "再興里", "heat_risk": 68.519326298995296, "heat_rank": 264.0, "comb_pct": 31.480673701004701, "tree_pct": 31.480673701004701, "bldg_pct": 0.0, "med_inc_k": 504.0, "pop_0_12": 168.0, "risk_class": 3 }, "geometry": { "type": "Polygon", "coordinates": [ [ [ 120.191653, 22.978875 ], [ 120.1916, 22.978394 ], [ 120.191783, 22.978379 ], [ 120.191886, 22.978386 ], [ 120.191864, 22.978875 ], [ 120.191653, 22.978875 ] ] ] } },
{ "type": "Feature", "properties": { "park_id": 312.0, "park_name": "再興里一號公園", "district": "南區", "village": "再興里", "heat_risk": 72.9490258722101, "heat_rank": 238.0, "comb_pct": 27.0509741277899, "tree_pct": 27.0509741277899, "bldg_pct": 0.0, "med_inc_k": 504.0, "pop_0_12": 168.0, "risk_class": 3 }, "geometry": { "type": "Polygon", "coordinates": [ [ [ 120.193096, 22.980091 ], [ 120.193093, 22.979871 ], [ 120.193484, 22.979736 ], [ 120.193636, 22.979748 ], [ 120.193615, 22.980108 ], [ 120.193096, 22.980091 ] ] ] } },
{ "type": "Feature", "properties": { "park_id": 313.0, "park_name": "再興里二號公園(綠4)", "district": "南區", "village": "國宅里", "heat_risk": 94.198903717919094, "heat_rank": 98.0, "comb_pct": 5.8010962820809198, "tree_pct": 5.4310880475785002, "bldg_pct": 0.37000823450242598, "med_inc_k": 425.0, "pop_0_12": 168.0, "risk_class": 4 }, "geometry": { "type": "Polygon", "coordinates": [ [ [ 120.190633, 22.97887 ], [ 120.19037, 22.975551 ], [ 120.19028, 22.975557 ], [ 120.19028, 22.975441 ], [ 120.190885, 22.975517 ], [ 120.190426, 22.975547 ], [ 120.190701, 22.978868 ], [ 120.190633, 22.97887 ] ] ] } },
{ "type": "Feature", "properties": { "park_id": 314.0, "park_name": "觀心園", "district": "南區", "village": "國宅里", "heat_risk": 99.239568154605195, "heat_rank": 52.0, "comb_pct": 0.76043184539478204, "tree_pct": 0.76043184539478204, "bldg_pct": 0.0, "med_inc_k": 425.0, "pop_0_12": 168.0, "risk_class": 5 }, "geometry": { "type": "Polygon", "coordinates": [ [ [ 120.189455, 22.978396 ], [ 120.189242, 22.975667 ], [ 120.189308, 22.975667 ], [ 120.189524, 22.97839 ], [ 120.189455, 22.978396 ] ] ] } },
{ "type": "Feature", "properties": { "park_id": 315.0, "park_name": "觀心園", "district": "南區", "village": "金華里", "heat_risk": 59.867108830867899, "heat_rank": 309.0, "comb_pct": 40.132891169132101, "tree_pct": 40.132891169132101, "bldg_pct": 0.0, "med_inc_k": 483.0, "pop_0_12": 351.0, "risk_class": 2 }, "geometry": { "type": "Polygon", "coordinates": [ [ [ 120.188881, 22.979573 ], [ 120.188306, 22.979474 ], [ 120.18828, 22.979437 ], [ 120.188263, 22.97925 ], [ 120.188891, 22.979204 ], [ 120.18892, 22.979542 ], [ 120.188881, 22.979573 ] ] ] } },
{ "type": "Feature", "properties": { "park_id": 316.0, "park_name": "金華公園", "district": "南區", "village": "金華里", "heat_risk": 52.960882954810899, "heat_rank": 360.0, "comb_pct": 47.039117045189101, "tree_pct": 45.826192516990297, "bldg_pct": 1.2129245281988099, "med_inc_k": 483.0, "pop_0_12": 351.0, "risk_class": 2 }, "geometry": { "type": "Polygon", "coordinates": [ [ [ 120.190378, 22.980073 ], [ 120.190434, 22.980753 ], [ 120.189712, 22.980662 ], [ 120.189677, 22.980113 ], [ 120.190378, 22.980073 ] ] ] } },
{ "type": "Feature", "properties": { "park_id": 317.0, "park_name": "店仔口景觀公園", "district": "白河區", "village": "白河里", "heat_risk": 41.1236026490526, "heat_rank": 426.0, "comb_pct": 58.8763973509474, "tree_pct": 58.8763973509474, "bldg_pct": 0.0, "med_inc_k": 518.0, "pop_0_12": 100.0, "risk_class": 1 }, "geometry": { "type": "Polygon", "coordinates": [ [ [ 120.416536, 23.34656 ], [ 120.416343, 23.346429 ], [ 120.416417, 23.346357 ], [ 120.416668, 23.346029 ], [ 120.417065, 23.345482 ], [ 120.417387, 23.345364 ], [ 120.417699, 23.34536 ], [ 120.417999, 23.34553 ], [ 120.418096, 23.345645 ], [ 120.417927, 23.345801 ], [ 120.417535, 23.34659 ], [ 120.417447, 23.346751 ], [ 120.417284, 23.34669 ], [ 120.41693, 23.346519 ], [ 120.416536, 23.34656 ] ] ] } },
{ "type": "Feature", "properties": { "park_id": 318.0, "park_name": "南聖公園", "district": "東區", "village": "南聖里", "heat_risk": 58.783176354868999, "heat_rank": 318.0, "comb_pct": 41.216823645131001, "tree_pct": 41.216823645131001, "bldg_pct": 0.0, "med_inc_k": 789.0, "pop_0_12": 448.0, "risk_class": 2 }, "geometry": { "type": "Polygon", "coordinates": [ [ [ 120.247077, 22.989251 ], [ 120.246069, 22.989246 ], [ 120.246069, 22.988752 ], [ 120.245237, 22.98875 ], [ 120.24519, 22.988716 ], [ 120.245193, 22.987923 ], [ 120.245234, 22.987893 ], [ 120.247077, 22.987901 ], [ 120.247116, 22.987932 ], [ 120.247077, 22.989251 ] ] ] } },
{ "type": "Feature", "properties": { "park_id": 319.0, "park_name": "關聖公園", "district": "東區", "village": "關聖里", "heat_risk": 64.064421013959404, "heat_rank": 286.0, "comb_pct": 35.935578986040603, "tree_pct": 35.935578986040603, "bldg_pct": 0.0, "med_inc_k": 765.0, "pop_0_12": 785.0, "risk_class": 3 }, "geometry": { "type": "Polygon", "coordinates": [ [ [ 120.247159, 22.986664 ], [ 120.247121, 22.986704 ], [ 120.246421, 22.986701 ], [ 120.246387, 22.986666 ], [ 120.246405, 22.985682 ], [ 120.246449, 22.985651 ], [ 120.24715, 22.985654 ], [ 120.247178, 22.985691 ], [ 120.247159, 22.986664 ] ] ] } },
{ "type": "Feature", "properties": { "park_id": 320.0, "park_name": "文聖公園", "district": "東區", "village": "文聖里", "heat_risk": 70.184302524981803, "heat_rank": 258.0, "comb_pct": 29.815697475018201, "tree_pct": 29.815697475018201, "bldg_pct": 0.0, "med_inc_k": 807.0, "pop_0_12": 853.0, "risk_class": 3 }, "geometry": { "type": "Polygon", "coordinates": [ [ [ 120.241869, 22.983314 ], [ 120.241863, 22.982753 ], [ 120.241905, 22.982713 ], [ 120.243378, 22.982412 ], [ 120.243422, 22.982436 ], [ 120.243419, 22.983305 ], [ 120.243383, 22.983333 ], [ 120.241902, 22.983346 ], [ 120.241869, 22.983314 ] ] ] } },
{ "type": "Feature", "properties": { "park_id": 321.0, "park_name": "千禧公園", "district": "東區", "village": "關聖里", "heat_risk": 66.296618929161099, "heat_rank": 275.0, "comb_pct": 33.703381070838901, "tree_pct": 33.703381070838901, "bldg_pct": 0.0, "med_inc_k": 765.0, "pop_0_12": 785.0, "risk_class": 3 }, "geometry": { "type": "Polygon", "coordinates": [ [ [ 120.239726, 22.986215 ], [ 120.239688, 22.986179 ], [ 120.239685, 22.98575 ], [ 120.239736, 22.985712 ], [ 120.241059, 22.985715 ], [ 120.241095, 22.985747 ], [ 120.241085, 22.986188 ], [ 120.241059, 22.986215 ], [ 120.239726, 22.986215 ] ] ] } },
{ "type": "Feature", "properties": { "park_id": 322.0, "park_name": "大林一公園", "district": "南區", "village": "大林里", "heat_risk": 46.243858607590603, "heat_rank": 398.0, "comb_pct": 53.756141392409397, "tree_pct": 53.756141392409397, "bldg_pct": 0.0, "med_inc_k": 540.0, "pop_0_12": 122.0, "risk_class": 1 }, "geometry": { "type": "Polygon", "coordinates": [ [ [ 120.213103, 22.972768 ], [ 120.213169, 22.972521 ], [ 120.213887, 22.972688 ], [ 120.213882, 22.972871 ], [ 120.213103, 22.972768 ] ] ] } },
{ "type": "Feature", "properties": { "park_id": 323.0, "park_name": "大林公園", "district": "南區", "village": "大林里", "heat_risk": 38.795926441471103, "heat_rank": 435.0, "comb_pct": 61.204073558528997, "tree_pct": 60.858971690784003, "bldg_pct": 0.34510186774492402, "med_inc_k": 540.0, "pop_0_12": 122.0, "risk_class": 1 }, "geometry": { "type": "Polygon", "coordinates": [ [ [ 120.211648, 22.974214 ], [ 120.212293, 22.974258 ], [ 120.212221, 22.974592 ], [ 120.212236, 22.97472 ], [ 120.211594, 22.974607 ], [ 120.211648, 22.974214 ] ] ] } },
{ "type": "Feature", "properties": { "park_id": 324.0, "park_name": "忠孝公園", "district": "東區", "village": "忠孝里", "heat_risk": 78.455526764222199, "heat_rank": 209.0, "comb_pct": 21.544473235777801, "tree_pct": 21.544473235777801, "bldg_pct": 0.0, "med_inc_k": 517.0, "pop_0_12": 211.0, "risk_class": 3 }, "geometry": { "type": "Polygon", "coordinates": [ [ [ 120.219625, 22.975958 ], [ 120.220141, 22.976228 ], [ 120.21981, 22.976598 ], [ 120.219365, 22.976366 ], [ 120.219625, 22.975958 ] ] ] } },
{ "type": "Feature", "properties": { "park_id": 325.0, "park_name": "崇德鄰里公園", "district": "東區", "village": "崇德里", "heat_risk": 53.328954036730302, "heat_rank": 355.0, "comb_pct": 46.671045963269698, "tree_pct": 46.671045963269698, "bldg_pct": 0.0, "med_inc_k": 580.0, "pop_0_12": 600.0, "risk_class": 2 }, "geometry": { "type": "Polygon", "coordinates": [ [ [ 120.228128, 22.975824 ], [ 120.228078, 22.975774 ], [ 120.227535, 22.975131 ], [ 120.227936, 22.974863 ], [ 120.228428, 22.974969 ], [ 120.228147, 22.975803 ], [ 120.228128, 22.975824 ] ] ] } },
{ "type": "Feature", "properties": { "park_id": 326.0, "park_name": "公20", "district": "新營區", "village": "新南里", "heat_risk": 46.715281676048498, "heat_rank": 396.0, "comb_pct": 53.284718323951502, "tree_pct": 53.284718323951502, "bldg_pct": 0.0, "med_inc_k": 641.0, "pop_0_12": 750.0, "risk_class": 1 }, "geometry": { "type": "Polygon", "coordinates": [ [ [ 120.29848, 23.309877 ], [ 120.297963, 23.309883 ], [ 120.297914, 23.309347 ], [ 120.29814, 23.309163 ], [ 120.298693, 23.309594 ], [ 120.29848, 23.309877 ] ] ] } },
{ "type": "Feature", "properties": { "park_id": 327.0, "park_name": "隋唐街綠帶", "district": "新營區", "village": "新南里", "heat_risk": 38.463509330594, "heat_rank": 436.0, "comb_pct": 61.536490669406, "tree_pct": 61.536490669406, "bldg_pct": 0.0, "med_inc_k": 641.0, "pop_0_12": 750.0, "risk_class": 1 }, "geometry": { "type": "Polygon", "coordinates": [ [ [ 120.301065, 23.3084 ], [ 120.301056, 23.308419 ], [ 120.300693, 23.308095 ], [ 120.300707, 23.308071 ], [ 120.30097, 23.308063 ], [ 120.301065, 23.3084 ] ] ] } },
{ "type": "Feature", "properties": { "park_id": 328.0, "park_name": "新環保公園", "district": "新營區", "village": "新東里", "heat_risk": 56.0876536048387, "heat_rank": 330.0, "comb_pct": 43.9123463951613, "tree_pct": 43.9123463951613, "bldg_pct": 0.0, "med_inc_k": 671.0, "pop_0_12": 1121.0, "risk_class": 2 }, "geometry": { "type": "Polygon", "coordinates": [ [ [ 120.324843, 23.316404 ], [ 120.324262, 23.316376 ], [ 120.324315, 23.315458 ], [ 120.324896, 23.315487 ], [ 120.324843, 23.316404 ] ] ] } },
{ "type": "Feature", "properties": { "park_id": 329.0, "park_name": "南瀛綠都心", "district": "新營區", "village": "民權里", "heat_risk": 59.8633279481651, "heat_rank": 310.0, "comb_pct": 40.1366720518349, "tree_pct": 40.004941117202897, "bldg_pct": 0.19696556501486101, "med_inc_k": 530.0, "pop_0_12": 326.0, "risk_class": 2 }, "geometry": { "type": "Polygon", "coordinates": [ [ [ 120.316358, 23.310676 ], [ 120.316333, 23.310708 ], [ 120.316312, 23.310724 ], [ 120.314789, 23.310629 ], [ 120.313761, 23.310549 ], [ 120.313881, 23.308139 ], [ 120.314636, 23.308187 ], [ 120.314615, 23.308509 ], [ 120.314618, 23.308576 ], [ 120.314673, 23.308639 ], [ 120.314843, 23.308738 ], [ 120.315141, 23.308792 ], [ 120.316042, 23.308781 ], [ 120.316068, 23.309626 ], [ 120.316358, 23.310676 ] ] ] } },
{ "type": "Feature", "properties": { "park_id": 330.0, "park_name": "東興綠邑公園", "district": "北區", "village": "東興里", "heat_risk": 57.709992460343699, "heat_rank": 322.0, "comb_pct": 42.290007539656301, "tree_pct": 42.290007539656301, "bldg_pct": 0.0, "med_inc_k": 550.0, "pop_0_12": 277.0, "risk_class": 2 }, "geometry": { "type": "Polygon", "coordinates": [ [ [ 120.232074, 23.000077 ], [ 120.232359, 23.000077 ], [ 120.232359, 23.000768 ], [ 120.23235, 23.000826 ], [ 120.232121, 23.000768 ], [ 120.232035, 23.000162 ], [ 120.232074, 23.000077 ] ] ] } },
{ "type": "Feature", "properties": { "park_id": 331.0, "park_name": "廣州公園", "district": "南區", "village": "廣州里", "heat_risk": 49.862420186279003, "heat_rank": 372.0, "comb_pct": 50.137579813720997, "tree_pct": 49.723698150866497, "bldg_pct": 0.44465115249541298, "med_inc_k": 463.0, "pop_0_12": 103.0, "risk_class": 2 }, "geometry": { "type": "Polygon", "coordinates": [ [ [ 120.192747, 22.982719 ], [ 120.193219, 22.982325 ], [ 120.193424, 22.982532 ], [ 120.192952, 22.982927 ], [ 120.192747, 22.982719 ] ] ] } },
{ "type": "Feature", "properties": { "park_id": 332.0, "park_name": "國泰廣場", "district": "中西區", "village": "小西門里", "heat_risk": 70.899845297975403, "heat_rank": 252.0, "comb_pct": 29.1001547020246, "tree_pct": 28.111310310073002, "bldg_pct": 0.98884439195155804, "med_inc_k": 471.0, "pop_0_12": 395.0, "risk_class": 3 }, "geometry": { "type": "Polygon", "coordinates": [ [ [ 120.198384, 22.987724 ], [ 120.199497, 22.987712 ], [ 120.199505, 22.988344 ], [ 120.198394, 22.988361 ], [ 120.198384, 22.987724 ] ] ] } },
{ "type": "Feature", "properties": { "park_id": 333.0, "park_name": "漁光公園", "district": "安平區", "village": "漁光里", "heat_risk": 46.416039209461204, "heat_rank": 397.0, "comb_pct": 53.583960790538796, "tree_pct": 53.583960790538796, "bldg_pct": 0.0, "med_inc_k": 312.0, "pop_0_12": 14.0, "risk_class": 1 }, "geometry": { "type": "Polygon", "coordinates": [ [ [ 120.157165, 22.98176 ], [ 120.160566, 22.977622 ], [ 120.160956, 22.977697 ], [ 120.16136, 22.977329 ], [ 120.161683, 22.976314 ], [ 120.163468, 22.974043 ], [ 120.162493, 22.973212 ], [ 120.162358, 22.97283 ], [ 120.162429, 22.972782 ], [ 120.162697, 22.972754 ], [ 120.16296, 22.972783 ], [ 120.163336, 22.972874 ], [ 120.163527, 22.972979 ], [ 120.164135, 22.973416 ], [ 120.164225, 22.973513 ], [ 120.164285, 22.973642 ], [ 120.164248, 22.973825 ], [ 120.164175, 22.973978 ], [ 120.161231, 22.977543 ], [ 120.157508, 22.981967 ], [ 120.157165, 22.98176 ] ] ] } },
{ "type": "Feature", "properties": { "park_id": 334.0, "park_name": "南區公兒s45公園", "district": "南區", "village": "府南里", "heat_risk": 98.285983351707003, "heat_rank": 68.0, "comb_pct": 1.7140166482930601, "tree_pct": 0.0, "bldg_pct": 1.7140166482930601, "med_inc_k": 481.0, "pop_0_12": 411.0, "risk_class": 5 }, "geometry": { "type": "Polygon", "coordinates": [ [ [ 120.195443, 22.972431 ], [ 120.195443, 22.972167 ], [ 120.195516, 22.972167 ], [ 120.195588, 22.972034 ], [ 120.195573, 22.971783 ], [ 120.19574, 22.971759 ], [ 120.195753, 22.971548 ], [ 120.195767, 22.970919 ], [ 120.196013, 22.970912 ], [ 120.196109, 22.970329 ], [ 120.196252, 22.970363 ], [ 120.1962, 22.970758 ], [ 120.196111, 22.971217 ], [ 120.195928, 22.971749 ], [ 120.195502, 22.972423 ], [ 120.195443, 22.972431 ] ] ] } },
{ "type": "Feature", "properties": { "park_id": 335.0, "park_name": "淵西同心公園", "district": "安南區", "village": "淵西里", "heat_risk": 100.0, "heat_rank": 1.0, "comb_pct": 0.0, "tree_pct": 0.0, "bldg_pct": 0.0, "med_inc_k": 470.0, "pop_0_12": 704.0, "risk_class": 5 }, "geometry": { "type": "Polygon", "coordinates": [ [ [ 120.165085, 23.053766 ], [ 120.164935, 23.053271 ], [ 120.165012, 23.053146 ], [ 120.165659, 23.053574 ], [ 120.165641, 23.053631 ], [ 120.165085, 23.053766 ] ] ] } },
{ "type": "Feature", "properties": { "park_id": 336.0, "park_name": "至善園(綠E5)", "district": "東區", "village": "大學里", "heat_risk": 67.433884974490496, "heat_rank": 270.0, "comb_pct": 32.566115025509497, "tree_pct": 32.566115025509497, "bldg_pct": 0.0, "med_inc_k": 761.0, "pop_0_12": 150.0, "risk_class": 3 }, "geometry": { "type": "Polygon", "coordinates": [ [ [ 120.2222, 22.992215 ], [ 120.222341, 22.991876 ], [ 120.222425, 22.991844 ], [ 120.222464, 22.991898 ], [ 120.222543, 22.992309 ], [ 120.222551, 22.992373 ], [ 120.2222, 22.992215 ] ] ] } },
{ "type": "Feature", "properties": { "park_id": 337.0, "park_name": "東區綠E5公園", "district": "東區", "village": "大學里", "heat_risk": 92.779946755155706, "heat_rank": 106.0, "comb_pct": 7.22005324484428, "tree_pct": 2.1070471674936901, "bldg_pct": 5.1130060773505903, "med_inc_k": 761.0, "pop_0_12": 150.0, "risk_class": 4 }, "geometry": { "type": "Polygon", "coordinates": [ [ [ 120.221768, 22.993265 ], [ 120.221769, 22.993107 ], [ 120.222323, 22.993228 ], [ 120.222306, 22.993373 ], [ 120.221768, 22.993265 ] ] ] } },
{ "type": "Feature", "properties": { "park_id": 338.0, "park_name": "新興國宅-公兒27", "district": "南區", "village": "南都里", "heat_risk": 60.281910552754603, "heat_rank": 306.0, "comb_pct": 39.718089447245397, "tree_pct": 39.718089447245298, "bldg_pct": 0.0, "med_inc_k": 436.0, "pop_0_12": 192.0, "risk_class": 2 }, "geometry": { "type": "Polygon", "coordinates": [ [ [ 120.18481, 22.961107 ], [ 120.184811, 22.960848 ], [ 120.18529, 22.960851 ], [ 120.185288, 22.96111 ], [ 120.18481, 22.961107 ] ] ] } },
{ "type": "Feature", "properties": { "park_id": 339.0, "park_name": "南華公園", "district": "南區", "village": "南華里", "heat_risk": 63.512382994415901, "heat_rank": 289.0, "comb_pct": 36.487617005584099, "tree_pct": 36.487617005584099, "bldg_pct": 0.0, "med_inc_k": 387.0, "pop_0_12": 159.0, "risk_class": 3 }, "geometry": { "type": "Polygon", "coordinates": [ [ [ 120.187139, 22.961821 ], [ 120.187647, 22.961723 ], [ 120.187719, 22.961936 ], [ 120.187736, 22.962073 ], [ 120.187161, 22.962076 ], [ 120.187139, 22.961821 ] ] ] } },
{ "type": "Feature", "properties": { "park_id": 340.0, "park_name": "梅花里社區公園(安中段公兒27)", "district": "安南區", "village": "梅花里", "heat_risk": 100.0, "heat_rank": 1.0, "comb_pct": 0.0, "tree_pct": 0.0, "bldg_pct": 0.0, "med_inc_k": 491.0, "pop_0_12": 452.0, "risk_class": 5 }, "geometry": { "type": "Polygon", "coordinates": [ [ [ 120.193178, 23.039141 ], [ 120.193099, 23.039213 ], [ 120.193407, 23.039629 ], [ 120.193253, 23.039728 ], [ 120.192724, 23.039146 ], [ 120.192682, 23.039024 ], [ 120.192919, 23.038796 ], [ 120.193178, 23.039141 ] ] ] } },
{ "type": "Feature", "properties": { "park_id": 341.0, "park_name": "新興國宅-公兒19", "district": "南區", "village": "開南里", "heat_risk": 45.355262331273899, "heat_rank": 403.0, "comb_pct": 54.644737668726101, "tree_pct": 54.644737668726101, "bldg_pct": 0.0, "med_inc_k": 408.0, "pop_0_12": 411.0, "risk_class": 1 }, "geometry": { "type": "Polygon", "coordinates": [ [ [ 120.183954, 22.969334 ], [ 120.183955, 22.969025 ], [ 120.184442, 22.969026 ], [ 120.184441, 22.969336 ], [ 120.183954, 22.969334 ] ] ] } },
{ "type": "Feature", "properties": { "park_id": 342.0, "park_name": "梅花北安公園(綠1)", "district": "安南區", "village": "梅花里", "heat_risk": 100.0, "heat_rank": 1.0, "comb_pct": 0.0, "tree_pct": 0.0, "bldg_pct": 0.0, "med_inc_k": 491.0, "pop_0_12": 452.0, "risk_class": 5 }, "geometry": { "type": "Polygon", "coordinates": [ [ [ 120.201923, 23.036835 ], [ 120.201647, 23.036414 ], [ 120.202379, 23.035959 ], [ 120.202452, 23.036013 ], [ 120.202226, 23.036601 ], [ 120.202153, 23.036687 ], [ 120.202054, 23.036771 ], [ 120.201923, 23.036835 ] ] ] } },
{ "type": "Feature", "properties": { "park_id": 343.0, "park_name": "新興國宅-公兒12(光明小而美休閒公園)", "district": "南區", "village": "光明里", "heat_risk": 59.797528500786598, "heat_rank": 313.0, "comb_pct": 40.202471499213402, "tree_pct": 38.726601701142698, "bldg_pct": 1.4758697980706601, "med_inc_k": 404.0, "pop_0_12": 266.0, "risk_class": 2 }, "geometry": { "type": "Polygon", "coordinates": [ [ [ 120.185935, 22.973159 ], [ 120.185933, 22.972808 ], [ 120.186258, 22.972807 ], [ 120.186258, 22.972843 ], [ 120.186569, 22.972841 ], [ 120.18657, 22.973036 ], [ 120.18651, 22.973037 ], [ 120.186511, 22.973201 ], [ 120.186311, 22.973202 ], [ 120.18631, 22.973157 ], [ 120.185935, 22.973159 ] ] ] } },
{ "type": "Feature", "properties": { "park_id": 344.0, "park_name": "東山運動公園", "district": "東山區", "village": "東中里", "heat_risk": 63.1940196340285, "heat_rank": 290.0, "comb_pct": 36.8059803659715, "tree_pct": 36.572587494619299, "bldg_pct": 0.23370342405035699, "med_inc_k": 432.0, "pop_0_12": 213.0, "risk_class": 2 }, "geometry": { "type": "Polygon", "coordinates": [ [ [ 120.405193, 23.318816 ], [ 120.403745, 23.319297 ], [ 120.40311, 23.318569 ], [ 120.403025, 23.317975 ], [ 120.40298, 23.317552 ], [ 120.404564, 23.317014 ], [ 120.405193, 23.318816 ] ] ] } },
{ "type": "Feature", "properties": { "park_id": 345.0, "park_name": "大涼生態公園", "district": "中西區", "village": "淺草里", "heat_risk": 97.767798220307498, "heat_rank": 76.0, "comb_pct": 2.2322017796925402, "tree_pct": 2.2322017796925402, "bldg_pct": 0.0, "med_inc_k": 503.0, "pop_0_12": 142.0, "risk_class": 5 }, "geometry": { "type": "Polygon", "coordinates": [ [ [ 120.191888, 22.993662 ], [ 120.192121, 22.993608 ], [ 120.192615, 22.995551 ], [ 120.192345, 22.995607 ], [ 120.19202, 22.994285 ], [ 120.19204, 22.994281 ], [ 120.191888, 22.993662 ] ] ] } },
{ "type": "Feature", "properties": { "park_id": 346.0, "park_name": "烏橋運河西岸公園(公C2)", "district": "中西區", "village": "府前里", "heat_risk": 88.9121789713178, "heat_rank": 135.0, "comb_pct": 11.0878210286822, "tree_pct": 11.0878210286822, "bldg_pct": 0.0, "med_inc_k": 468.0, "pop_0_12": 104.0, "risk_class": 4 }, "geometry": { "type": "Polygon", "coordinates": [ [ [ 120.191613, 22.992568 ], [ 120.191769, 22.992535 ], [ 120.191994, 22.99343 ], [ 120.191838, 22.993463 ], [ 120.191613, 22.992568 ] ] ] } },
{ "type": "Feature", "properties": { "park_id": 347.0, "park_name": "劍潭公園", "district": "安平區", "village": "天妃里", "heat_risk": 88.218007631985103, "heat_rank": 138.0, "comb_pct": 11.781992368014899, "tree_pct": 11.781992368014899, "bldg_pct": 0.0, "med_inc_k": 401.0, "pop_0_12": 173.0, "risk_class": 4 }, "geometry": { "type": "Polygon", "coordinates": [ [ [ 120.167954, 22.998689 ], [ 120.168597, 22.998732 ], [ 120.168616, 22.998755 ], [ 120.168613, 22.998802 ], [ 120.168579, 22.998827 ], [ 120.167988, 22.998994 ], [ 120.167954, 22.998689 ] ] ] } },
{ "type": "Feature", "properties": { "park_id": 348.0, "park_name": "瀨口公園", "district": "南區", "village": "文南里", "heat_risk": 53.993967119109698, "heat_rank": 350.0, "comb_pct": 46.006032880890302, "tree_pct": 46.006032880890302, "bldg_pct": 0.0, "med_inc_k": 520.0, "pop_0_12": 309.0, "risk_class": 2 }, "geometry": { "type": "Polygon", "coordinates": [ [ [ 120.185471, 22.985352 ], [ 120.186325, 22.985292 ], [ 120.186393, 22.986005 ], [ 120.186011, 22.985731 ], [ 120.1856, 22.98548 ], [ 120.185471, 22.985352 ] ] ] } },
{ "type": "Feature", "properties": { "park_id": 349.0, "park_name": "勝安香草運動公園", "district": "北區", "village": "長勝里", "heat_risk": 44.628659649198902, "heat_rank": 409.0, "comb_pct": 55.371340350801098, "tree_pct": 55.371340350801098, "bldg_pct": 0.0, "med_inc_k": 460.0, "pop_0_12": 237.0, "risk_class": 1 }, "geometry": { "type": "Polygon", "coordinates": [ [ [ 120.215881, 23.005918 ], [ 120.215943, 23.005902 ], [ 120.215998, 23.005905 ], [ 120.216523, 23.006093 ], [ 120.216541, 23.006125 ], [ 120.216539, 23.006167 ], [ 120.216288, 23.006762 ], [ 120.215604, 23.006543 ], [ 120.215848, 23.005941 ], [ 120.215881, 23.005918 ] ] ] } },
{ "type": "Feature", "properties": { "park_id": 350.0, "park_name": "日新二號公園", "district": "南區", "village": "國宅里", "heat_risk": 100.0, "heat_rank": 1.0, "comb_pct": 0.0, "tree_pct": 0.0, "bldg_pct": 0.0, "med_inc_k": 425.0, "pop_0_12": 168.0, "risk_class": 5 }, "geometry": { "type": "Polygon", "coordinates": [ [ [ 120.189578, 22.975219 ], [ 120.189695, 22.975234 ], [ 120.189741, 22.975254 ], [ 120.189744, 22.975421 ], [ 120.189537, 22.975402 ], [ 120.189563, 22.975349 ], [ 120.189578, 22.975219 ] ] ] } },
{ "type": "Feature", "properties": { "park_id": 351.0, "park_name": "健康綠洲公園", "district": "南區", "village": "文南里", "heat_risk": 99.222424631161402, "heat_rank": 53.0, "comb_pct": 0.77757536883859302, "tree_pct": 0.77757536883859302, "bldg_pct": 0.0, "med_inc_k": 520.0, "pop_0_12": 309.0, "risk_class": 5 }, "geometry": { "type": "Polygon", "coordinates": [ [ [ 120.184413, 22.984255 ], [ 120.18389, 22.983741 ], [ 120.182356, 22.982662 ], [ 120.184173, 22.982452 ], [ 120.184413, 22.984255 ] ] ] } },
{ "type": "Feature", "properties": { "park_id": 352.0, "park_name": "紅樹林生態公園(公53)", "district": "安南區", "village": "鹽田里", "heat_risk": 85.919628796243401, "heat_rank": 156.0, "comb_pct": 14.0803712037566, "tree_pct": 7.2436682547189299, "bldg_pct": 6.8397433484972296, "med_inc_k": 481.0, "pop_0_12": 157.0, "risk_class": 4 }, "geometry": { "type": "Polygon", "coordinates": [ [ [ 120.156684, 23.038229 ], [ 120.157779, 23.038969 ], [ 120.157406, 23.039442 ], [ 120.15631, 23.03872 ], [ 120.156684, 23.038229 ] ] ] } },
{ "type": "Feature", "properties": { "park_id": 353.0, "park_name": "安南區-公20", "district": "安南區", "village": "鹽田里", "heat_risk": 96.997316491335098, "heat_rank": 81.0, "comb_pct": 3.00268350866489, "tree_pct": 2.9179566443951499, "bldg_pct": 0.084726864269740298, "med_inc_k": 481.0, "pop_0_12": 157.0, "risk_class": 5 }, "geometry": { "type": "Polygon", "coordinates": [ [ [ 120.138494, 23.034819 ], [ 120.138751, 23.034762 ], [ 120.141164, 23.034781 ], [ 120.141327, 23.033726 ], [ 120.141746, 23.033782 ], [ 120.141861, 23.033912 ], [ 120.141972, 23.033997 ], [ 120.144364, 23.034343 ], [ 120.144487, 23.034324 ], [ 120.144572, 23.034284 ], [ 120.144642, 23.03423 ], [ 120.144703, 23.034099 ], [ 120.146736, 23.03519 ], [ 120.147691, 23.036033 ], [ 120.147165, 23.03638 ], [ 120.147066, 23.036351 ], [ 120.145874, 23.034972 ], [ 120.145725, 23.034821 ], [ 120.145518, 23.034684 ], [ 120.145252, 23.034571 ], [ 120.144986, 23.034494 ], [ 120.14465, 23.034456 ], [ 120.144283, 23.034499 ], [ 120.143976, 23.03459 ], [ 120.143763, 23.034709 ], [ 120.142171, 23.035888 ], [ 120.142057, 23.035937 ], [ 120.141958, 23.035931 ], [ 120.141719, 23.035649 ], [ 120.141511, 23.035458 ], [ 120.141216, 23.03523 ], [ 120.140872, 23.035058 ], [ 120.140644, 23.034991 ], [ 120.140384, 23.034961 ], [ 120.140104, 23.03495 ], [ 120.139858, 23.034969 ], [ 120.13961, 23.035018 ], [ 120.139333, 23.035117 ], [ 120.138988, 23.035311 ], [ 120.138915, 23.035346 ], [ 120.138836, 23.035316 ], [ 120.138649, 23.035071 ], [ 120.138494, 23.034819 ] ] ] } },
{ "type": "Feature", "properties": { "park_id": 354.0, "park_name": "梅花友愛公園(公兒2)", "district": "安南區", "village": "梅花里", "heat_risk": 100.0, "heat_rank": 1.0, "comb_pct": 0.0, "tree_pct": 0.0, "bldg_pct": 0.0, "med_inc_k": 491.0, "pop_0_12": 452.0, "risk_class": 5 }, "geometry": { "type": "Polygon", "coordinates": [ [ [ 120.197391, 23.038925 ], [ 120.197662, 23.038764 ], [ 120.197959, 23.039194 ], [ 120.197779, 23.039307 ], [ 120.197664, 23.039334 ], [ 120.197391, 23.038925 ] ] ] } },
{ "type": "Feature", "properties": { "park_id": 355.0, "park_name": "風之谷", "district": "新市區", "village": "豐華里", "heat_risk": 89.455491836463594, "heat_rank": 133.0, "comb_pct": 10.544508163536401, "tree_pct": 10.544508163536401, "bldg_pct": 0.0, "med_inc_k": 471.0, "pop_0_12": 94.0, "risk_class": 4 }, "geometry": { "type": "Polygon", "coordinates": [ [ [ 120.254683, 23.094954 ], [ 120.254539, 23.099336 ], [ 120.253901, 23.099294 ], [ 120.253825, 23.099062 ], [ 120.253764, 23.098701 ], [ 120.253708, 23.098506 ], [ 120.253408, 23.097898 ], [ 120.253139, 23.097651 ], [ 120.252414, 23.097176 ], [ 120.252379, 23.097038 ], [ 120.252384, 23.096954 ], [ 120.251715, 23.09662 ], [ 120.251115, 23.095703 ], [ 120.250923, 23.095367 ], [ 120.250856, 23.09505 ], [ 120.25085, 23.09463 ], [ 120.250969, 23.093545 ], [ 120.251413, 23.093106 ], [ 120.252507, 23.092709 ], [ 120.253653, 23.09249 ], [ 120.253846, 23.092753 ], [ 120.253847, 23.094382 ], [ 120.253978, 23.094382 ], [ 120.253958, 23.094904 ], [ 120.254683, 23.094954 ] ] ] } },
{ "type": "Feature", "properties": { "park_id": 356.0, "park_name": "臺南都會公園", "district": "仁德區", "village": "成功里", "heat_risk": 85.792656842250196, "heat_rank": 157.0, "comb_pct": 14.207343157749801, "tree_pct": 14.0993718962748, "bldg_pct": 0.110222250337059, "med_inc_k": 487.0, "pop_0_12": 419.0, "risk_class": 4 }, "geometry": { "type": "Polygon", "coordinates": [ [ [ 120.221199, 22.932851 ], [ 120.221161, 22.932657 ], [ 120.2212, 22.932341 ], [ 120.221269, 22.932133 ], [ 120.221325, 22.932011 ], [ 120.221404, 22.931909 ], [ 120.221563, 22.931764 ], [ 120.221798, 22.931629 ], [ 120.222389, 22.931383 ], [ 120.222623, 22.931312 ], [ 120.222851, 22.931299 ], [ 120.223068, 22.931318 ], [ 120.223324, 22.931389 ], [ 120.223525, 22.931474 ], [ 120.225453, 22.932492 ], [ 120.225508, 22.932572 ], [ 120.225523, 22.932657 ], [ 120.228519, 22.934364 ], [ 120.228581, 22.934418 ], [ 120.228606, 22.934482 ], [ 120.228593, 22.934567 ], [ 120.227731, 22.93647 ], [ 120.227299, 22.937462 ], [ 120.227148, 22.937725 ], [ 120.226852, 22.938036 ], [ 120.226779, 22.938073 ], [ 120.226677, 22.938064 ], [ 120.226383, 22.937889 ], [ 120.225918, 22.937683 ], [ 120.225417, 22.937562 ], [ 120.221262, 22.937167 ], [ 120.22121, 22.937147 ], [ 120.221186, 22.937104 ], [ 120.221199, 22.932851 ] ] ] } },
{ "type": "Feature", "properties": { "park_id": 357.0, "park_name": "公兒11", "district": "麻豆區", "village": "東角里", "heat_risk": 53.473513292863501, "heat_rank": 354.0, "comb_pct": 46.526486707136499, "tree_pct": 46.526486707136499, "bldg_pct": 0.0, "med_inc_k": 527.0, "pop_0_12": 366.0, "risk_class": 2 }, "geometry": { "type": "Polygon", "coordinates": [ [ [ 120.258398, 23.180953 ], [ 120.258395, 23.180249 ], [ 120.258655, 23.180276 ], [ 120.259362, 23.180396 ], [ 120.259376, 23.18113 ], [ 120.258398, 23.180953 ] ] ] } },
{ "type": "Feature", "properties": { "park_id": 358.0, "park_name": "開山公園", "district": "中西區", "village": "開山里", "heat_risk": 89.0824282468121, "heat_rank": 134.0, "comb_pct": 10.9175717531879, "tree_pct": 10.9175717531879, "bldg_pct": 0.0, "med_inc_k": 460.0, "pop_0_12": 635.0, "risk_class": 4 }, "geometry": { "type": "Polygon", "coordinates": [ [ [ 120.209275, 22.987918 ], [ 120.209637, 22.987784 ], [ 120.209791, 22.988166 ], [ 120.20936, 22.988329 ], [ 120.209275, 22.987918 ] ] ] } },
{ "type": "Feature", "properties": { "park_id": 359.0, "park_name": "孝德公園", "district": "北區", "village": "華德里", "heat_risk": 50.900646586569003, "heat_rank": 368.0, "comb_pct": 49.099353413430997, "tree_pct": 49.099353413430997, "bldg_pct": 0.0, "med_inc_k": 829.0, "pop_0_12": 805.0, "risk_class": 2 }, "geometry": { "type": "Polygon", "coordinates": [ [ [ 120.202428, 23.016311 ], [ 120.202238, 23.016889 ], [ 120.202196, 23.016921 ], [ 120.20153, 23.016745 ], [ 120.201505, 23.016711 ], [ 120.201561, 23.016226 ], [ 120.201601, 23.016188 ], [ 120.202395, 23.016267 ], [ 120.202428, 23.016311 ] ] ] } },
{ "type": "Feature", "properties": { "park_id": 360.0, "park_name": "順德公園", "district": "北區", "village": "華德里", "heat_risk": 49.510315110594199, "heat_rank": 375.0, "comb_pct": 50.489684889405801, "tree_pct": 50.489684889405801, "bldg_pct": 0.0, "med_inc_k": 829.0, "pop_0_12": 805.0, "risk_class": 2 }, "geometry": { "type": "Polygon", "coordinates": [ [ [ 120.203253, 23.019574 ], [ 120.203148, 23.019932 ], [ 120.202466, 23.019769 ], [ 120.202597, 23.019393 ], [ 120.202651, 23.019352 ], [ 120.203212, 23.019517 ], [ 120.203253, 23.019574 ] ] ] } },
{ "type": "Feature", "properties": { "park_id": 361.0, "park_name": "鄭子寮公園", "district": "北區", "village": "華德里", "heat_risk": 47.069564760059201, "heat_rank": 392.0, "comb_pct": 52.930435239940799, "tree_pct": 52.930435239940799, "bldg_pct": 0.0, "med_inc_k": 829.0, "pop_0_12": 805.0, "risk_class": 1 }, "geometry": { "type": "Polygon", "coordinates": [ [ [ 120.205745, 23.020729 ], [ 120.2057, 23.020746 ], [ 120.205188, 23.020718 ], [ 120.205091, 23.020691 ], [ 120.205087, 23.020642 ], [ 120.205396, 23.020161 ], [ 120.205448, 23.020148 ], [ 120.205874, 23.02026 ], [ 120.205889, 23.020298 ], [ 120.205745, 23.020729 ] ] ] } },
{ "type": "Feature", "properties": { "park_id": 362.0, "park_name": "福安公園", "district": "北區", "village": "成功里", "heat_risk": 55.779054381545102, "heat_rank": 332.0, "comb_pct": 44.220945618454898, "tree_pct": 44.220945618454898, "bldg_pct": 0.0, "med_inc_k": 585.0, "pop_0_12": 719.0, "risk_class": 2 }, "geometry": { "type": "Polygon", "coordinates": [ [ [ 120.208053, 23.020881 ], [ 120.208465, 23.021567 ], [ 120.208425, 23.021579 ], [ 120.208041, 23.021511 ], [ 120.207708, 23.02104 ], [ 120.207716, 23.021011 ], [ 120.208007, 23.020863 ], [ 120.208053, 23.020881 ] ] ] } },
{ "type": "Feature", "properties": { "park_id": 363.0, "park_name": "北安公園", "district": "北區", "village": "成功里", "heat_risk": 23.661171328468001, "heat_rank": 475.0, "comb_pct": 76.338828671531999, "tree_pct": 76.2012973500876, "bldg_pct": 0.20407457012909699, "med_inc_k": 585.0, "pop_0_12": 719.0, "risk_class": 1 }, "geometry": { "type": "Polygon", "coordinates": [ [ [ 120.2096, 23.017907 ], [ 120.209232, 23.01745 ], [ 120.209418, 23.01732 ], [ 120.209497, 23.017326 ], [ 120.209829, 23.017737 ], [ 120.209833, 23.017778 ], [ 120.2096, 23.017907 ] ] ] } },
{ "type": "Feature", "properties": { "park_id": 364.0, "park_name": "建平公園", "district": "安平區", "village": "建平里", "heat_risk": 33.710145521444097, "heat_rank": 454.0, "comb_pct": 66.289854478555895, "tree_pct": 65.985373128020697, "bldg_pct": 0.34298503534076402, "med_inc_k": 601.0, "pop_0_12": 752.0, "risk_class": 1 }, "geometry": { "type": "Polygon", "coordinates": [ [ [ 120.185993, 22.993548 ], [ 120.185644, 22.994468 ], [ 120.185058, 22.994521 ], [ 120.184995, 22.99449 ], [ 120.184883, 22.993617 ], [ 120.185894, 22.993504 ], [ 120.185993, 22.993548 ] ] ] } },
{ "type": "Feature", "properties": { "park_id": 365.0, "park_name": "石頭公園", "district": "安平區", "village": "國平里", "heat_risk": 49.120028503449802, "heat_rank": 378.0, "comb_pct": 50.879971496550198, "tree_pct": 50.879971496550198, "bldg_pct": 0.0, "med_inc_k": 623.0, "pop_0_12": 1230.0, "risk_class": 2 }, "geometry": { "type": "Polygon", "coordinates": [ [ [ 120.175947, 22.985366 ], [ 120.175898, 22.98533 ], [ 120.175782, 22.984507 ], [ 120.175822, 22.984464 ], [ 120.176563, 22.984398 ], [ 120.176599, 22.984426 ], [ 120.17671, 22.985255 ], [ 120.176683, 22.985288 ], [ 120.175947, 22.985366 ] ] ] } },
{ "type": "Feature", "properties": { "park_id": 366.0, "park_name": "永華公園", "district": "安平區", "village": "文平里", "heat_risk": 52.090533929546503, "heat_rank": 363.0, "comb_pct": 47.909466070453497, "tree_pct": 47.909466070453497, "bldg_pct": 0.0, "med_inc_k": 607.0, "pop_0_12": 498.0, "risk_class": 2 }, "geometry": { "type": "Polygon", "coordinates": [ [ [ 120.183985, 22.984561 ], [ 120.184045, 22.98456 ], [ 120.184785, 22.985307 ], [ 120.18409, 22.985375 ], [ 120.183985, 22.984561 ] ] ] } },
{ "type": "Feature", "properties": { "park_id": 367.0, "park_name": "怡平公園", "district": "安平區", "village": "怡平里", "heat_risk": 47.290325593413598, "heat_rank": 389.0, "comb_pct": 52.709674406586402, "tree_pct": 52.709674406586402, "bldg_pct": 0.0, "med_inc_k": 543.0, "pop_0_12": 435.0, "risk_class": 1 }, "geometry": { "type": "Polygon", "coordinates": [ [ [ 120.176715, 22.992044 ], [ 120.17681, 22.992785 ], [ 120.176777, 22.99282 ], [ 120.175977, 22.992908 ], [ 120.175875, 22.992149 ], [ 120.175894, 22.992115 ], [ 120.176676, 22.992023 ], [ 120.176715, 22.992044 ] ] ] } },
{ "type": "Feature", "properties": { "park_id": 368.0, "park_name": "國平公園", "district": "安平區", "village": "國平里", "heat_risk": 51.070516841723702, "heat_rank": 367.0, "comb_pct": 48.929483158276298, "tree_pct": 48.033483206548802, "bldg_pct": 1.0006818158974899, "med_inc_k": 623.0, "pop_0_12": 1230.0, "risk_class": 2 }, "geometry": { "type": "Polygon", "coordinates": [ [ [ 120.176671, 22.989102 ], [ 120.175928, 22.989184 ], [ 120.175907, 22.989169 ], [ 120.175827, 22.988485 ], [ 120.175843, 22.988465 ], [ 120.176606, 22.988391 ], [ 120.176685, 22.989081 ], [ 120.176671, 22.989102 ] ] ] } },
{ "type": "Feature", "properties": { "park_id": 369.0, "park_name": "三角公園", "district": "東區", "village": "龍山里", "heat_risk": 39.702704040715197, "heat_rank": 432.0, "comb_pct": 60.297295959284803, "tree_pct": 60.046230510248698, "bldg_pct": 0.438229797359034, "med_inc_k": 789.0, "pop_0_12": 536.0, "risk_class": 1 }, "geometry": { "type": "Polygon", "coordinates": [ [ [ 120.218007, 22.984101 ], [ 120.217775, 22.983647 ], [ 120.217441, 22.98314 ], [ 120.217416, 22.982987 ], [ 120.217424, 22.982839 ], [ 120.219656, 22.98352 ], [ 120.219684, 22.983609 ], [ 120.219623, 22.983682 ], [ 120.218151, 22.984112 ], [ 120.218007, 22.984101 ] ] ] } },
{ "type": "Feature", "properties": { "park_id": 370.0, "park_name": "里民運動公園", "district": "新營區", "village": "新南里", "heat_risk": 98.253936982160198, "heat_rank": 70.0, "comb_pct": 1.74606301783983, "tree_pct": 1.74606301783983, "bldg_pct": 0.0, "med_inc_k": 641.0, "pop_0_12": 750.0, "risk_class": 5 }, "geometry": { "type": "Polygon", "coordinates": [ [ [ 120.300709, 23.312334 ], [ 120.299901, 23.311644 ], [ 120.300764, 23.310829 ], [ 120.301563, 23.311522 ], [ 120.300709, 23.312334 ] ] ] } },
{ "type": "Feature", "properties": { "park_id": 371.0, "park_name": "開元公園", "district": "北區", "village": "振興里", "heat_risk": 53.755963586104798, "heat_rank": 351.0, "comb_pct": 46.244036413895202, "tree_pct": 46.085686653613998, "bldg_pct": 0.25383203354913098, "med_inc_k": 529.0, "pop_0_12": 92.0, "risk_class": 2 }, "geometry": { "type": "Polygon", "coordinates": [ [ [ 120.223845, 23.006129 ], [ 120.224265, 23.006594 ], [ 120.222706, 23.007715 ], [ 120.222043, 23.008143 ], [ 120.221984, 23.008176 ], [ 120.221944, 23.008176 ], [ 120.221716, 23.008042 ], [ 120.221804, 23.007912 ], [ 120.221315, 23.00763 ], [ 120.221606, 23.007196 ], [ 120.221681, 23.007232 ], [ 120.222134, 23.006579 ], [ 120.223624, 23.005534 ], [ 120.224047, 23.005979 ], [ 120.223845, 23.006129 ] ] ] } },
{ "type": "Feature", "properties": { "park_id": 372.0, "park_name": "新南暨新北里民聯合活動中心", "district": "新營區", "village": "新南里", "heat_risk": 98.155231329988496, "heat_rank": 72.0, "comb_pct": 1.84476867001152, "tree_pct": 1.23177476504329, "bldg_pct": 0.61299390496822104, "med_inc_k": 641.0, "pop_0_12": 750.0, "risk_class": 5 }, "geometry": { "type": "Polygon", "coordinates": [ [ [ 120.300251, 23.311312 ], [ 120.299661, 23.310829 ], [ 120.299704, 23.31078 ], [ 120.299503, 23.310669 ], [ 120.299991, 23.310185 ], [ 120.300764, 23.310829 ], [ 120.300251, 23.311312 ] ] ] } },
{ "type": "Feature", "properties": { "park_id": 373.0, "park_name": "總頭公園", "district": "安南區", "village": "總頭里", "heat_risk": 34.209006679671504, "heat_rank": 452.0, "comb_pct": 65.790993320328496, "tree_pct": 65.790993320328496, "bldg_pct": 0.0, "med_inc_k": 437.0, "pop_0_12": 131.0, "risk_class": 1 }, "geometry": { "type": "Polygon", "coordinates": [ [ [ 120.204222, 23.055418 ], [ 120.203702, 23.055485 ], [ 120.203767, 23.055333 ], [ 120.203749, 23.055043 ], [ 120.203736, 23.054964 ], [ 120.204299, 23.054897 ], [ 120.204222, 23.055418 ] ] ] } },
{ "type": "Feature", "properties": { "park_id": 374.0, "park_name": "吉祥公園", "district": "安南區", "village": "佃西里", "heat_risk": 50.425201419292499, "heat_rank": 370.0, "comb_pct": 49.574798580707501, "tree_pct": 49.574798580707501, "bldg_pct": 0.0, "med_inc_k": 484.0, "pop_0_12": 285.0, "risk_class": 2 }, "geometry": { "type": "Polygon", "coordinates": [ [ [ 120.174933, 23.064867 ], [ 120.174871, 23.064906 ], [ 120.174589, 23.064921 ], [ 120.174097, 23.064918 ], [ 120.174051, 23.064764 ], [ 120.174014, 23.064496 ], [ 120.174435, 23.064457 ], [ 120.174851, 23.064487 ], [ 120.174895, 23.064754 ], [ 120.174933, 23.064867 ] ] ] } },
{ "type": "Feature", "properties": { "park_id": 375.0, "park_name": "媽祖宮休憩公園", "district": "安南區", "village": "鹿耳里", "heat_risk": 65.786541147873706, "heat_rank": 278.0, "comb_pct": 34.213458852126301, "tree_pct": 34.213458852126301, "bldg_pct": 0.0, "med_inc_k": 323.0, "pop_0_12": 72.0, "risk_class": 3 }, "geometry": { "type": "Polygon", "coordinates": [ [ [ 120.124864, 23.036674 ], [ 120.123604, 23.036606 ], [ 120.123323, 23.035886 ], [ 120.123301, 23.0358 ], [ 120.124164, 23.035842 ], [ 120.124141, 23.036201 ], [ 120.124156, 23.03625 ], [ 120.124188, 23.036295 ], [ 120.124229, 23.036318 ], [ 120.124885, 23.036384 ], [ 120.124864, 23.036674 ] ] ] } },
{ "type": "Feature", "properties": { "park_id": 376.0, "park_name": "德光公園", "district": "東區", "village": "德光里", "heat_risk": 85.050688199809002, "heat_rank": 160.0, "comb_pct": 14.949311800190999, "tree_pct": 13.952069971619199, "bldg_pct": 1.0051374564442299, "med_inc_k": 593.0, "pop_0_12": 353.0, "risk_class": 4 }, "geometry": { "type": "Polygon", "coordinates": [ [ [ 120.218729, 22.98101 ], [ 120.2184, 22.980683 ], [ 120.218266, 22.980535 ], [ 120.219363, 22.979793 ], [ 120.219776, 22.980309 ], [ 120.218729, 22.98101 ] ] ] } },
{ "type": "Feature", "properties": { "park_id": 377.0, "park_name": "崇學公園", "district": "東區", "village": "崇學里", "heat_risk": 79.365586589438394, "heat_rank": 203.0, "comb_pct": 20.634413410561599, "tree_pct": 20.634413410561599, "bldg_pct": 0.0, "med_inc_k": 547.0, "pop_0_12": 284.0, "risk_class": 3 }, "geometry": { "type": "Polygon", "coordinates": [ [ [ 120.221678, 22.978023 ], [ 120.221242, 22.977903 ], [ 120.221644, 22.97756 ], [ 120.222005, 22.977837 ], [ 120.221678, 22.978023 ] ] ] } },
{ "type": "Feature", "properties": { "park_id": 378.0, "park_name": "蓮花池公園", "district": "關廟區", "village": "新埔里", "heat_risk": 91.697333555173202, "heat_rank": 116.0, "comb_pct": 8.3026664448268104, "tree_pct": 8.3026664448268104, "bldg_pct": 0.0, "med_inc_k": 411.0, "pop_0_12": 150.0, "risk_class": 4 }, "geometry": { "type": "Polygon", "coordinates": [ [ [ 120.329457, 22.968493 ], [ 120.329463, 22.968435 ], [ 120.329441, 22.968393 ], [ 120.32942, 22.968377 ], [ 120.329421, 22.968365 ], [ 120.32965, 22.968372 ], [ 120.3297, 22.968358 ], [ 120.329741, 22.968284 ], [ 120.329768, 22.968211 ], [ 120.329972, 22.968238 ], [ 120.329948, 22.968313 ], [ 120.329839, 22.968465 ], [ 120.329732, 22.968564 ], [ 120.329614, 22.968603 ], [ 120.329475, 22.968601 ], [ 120.329404, 22.968588 ], [ 120.329399, 22.968547 ], [ 120.329427, 22.968532 ], [ 120.329446, 22.968514 ], [ 120.329457, 22.968493 ] ] ] } },
{ "type": "Feature", "properties": { "park_id": 379.0, "park_name": "育德公園", "district": "北區", "village": "和順里", "heat_risk": 34.363004053085199, "heat_rank": 451.0, "comb_pct": 65.636995946914794, "tree_pct": 65.636995946914794, "bldg_pct": 0.0, "med_inc_k": 573.0, "pop_0_12": 573.0, "risk_class": 1 }, "geometry": { "type": "Polygon", "coordinates": [ [ [ 120.201351, 23.006561 ], [ 120.201398, 23.006575 ], [ 120.201806, 23.007115 ], [ 120.201781, 23.007157 ], [ 120.200839, 23.007143 ], [ 120.200807, 23.007107 ], [ 120.200813, 23.006928 ], [ 120.201351, 23.006561 ] ] ] } },
{ "type": "Feature", "properties": { "park_id": 380.0, "park_name": "北元公園", "district": "北區", "village": "文元里", "heat_risk": 54.857881137074003, "heat_rank": 339.0, "comb_pct": 45.142118862925997, "tree_pct": 45.142118862925997, "bldg_pct": 0.0, "med_inc_k": 615.0, "pop_0_12": 421.0, "risk_class": 2 }, "geometry": { "type": "Polygon", "coordinates": [ [ [ 120.198463, 23.019109 ], [ 120.198411, 23.019032 ], [ 120.198529, 23.018405 ], [ 120.198615, 23.018384 ], [ 120.199053, 23.018444 ], [ 120.199065, 23.018496 ], [ 120.198857, 23.019245 ], [ 120.198463, 23.019109 ] ] ] } },
{ "type": "Feature", "properties": { "park_id": 381.0, "park_name": "育北公園", "district": "北區", "village": "華德里", "heat_risk": 55.561791166166302, "heat_rank": 334.0, "comb_pct": 44.438208833833698, "tree_pct": 44.438208833833698, "bldg_pct": 0.0, "med_inc_k": 829.0, "pop_0_12": 805.0, "risk_class": 2 }, "geometry": { "type": "Polygon", "coordinates": [ [ [ 120.201144, 23.020196 ], [ 120.200351, 23.019936 ], [ 120.200536, 23.019386 ], [ 120.20132, 23.019617 ], [ 120.201144, 23.020196 ] ] ] } },
{ "type": "Feature", "properties": { "park_id": 382.0, "park_name": "凱德公園", "district": "北區", "village": "福德里", "heat_risk": 48.839978187010203, "heat_rank": 380.0, "comb_pct": 51.160021812989797, "tree_pct": 51.160021812989797, "bldg_pct": 0.0, "med_inc_k": 939.0, "pop_0_12": 1155.0, "risk_class": 2 }, "geometry": { "type": "Polygon", "coordinates": [ [ [ 120.205319, 23.015668 ], [ 120.205453, 23.01631 ], [ 120.205403, 23.016339 ], [ 120.204503, 23.016121 ], [ 120.204457, 23.016072 ], [ 120.20456, 23.01574 ], [ 120.204623, 23.015716 ], [ 120.205319, 23.015668 ] ] ] } },
{ "type": "Feature", "properties": { "park_id": 383.0, "park_name": "崑山兒童公園", "district": "永康區", "village": "建國里", "heat_risk": 88.424658463536701, "heat_rank": 137.0, "comb_pct": 11.5753415364633, "tree_pct": 10.585238077908301, "bldg_pct": 0.99010345855503301, "med_inc_k": 535.0, "pop_0_12": 192.0, "risk_class": 4 }, "geometry": { "type": "Polygon", "coordinates": [ [ [ 120.249233, 22.997497 ], [ 120.249226, 22.997156 ], [ 120.249825, 22.99716 ], [ 120.249807, 22.997497 ], [ 120.249233, 22.997497 ] ] ] } },
{ "type": "Feature", "properties": { "park_id": 384.0, "park_name": "烏橋公園", "district": "中西區", "village": "大涼里", "heat_risk": 44.899401368652597, "heat_rank": 407.0, "comb_pct": 55.100598631347403, "tree_pct": 55.100598631347403, "bldg_pct": 0.0, "med_inc_k": 573.0, "pop_0_12": 299.0, "risk_class": 1 }, "geometry": { "type": "Polygon", "coordinates": [ [ [ 120.188574, 22.992444 ], [ 120.188653, 22.992832 ], [ 120.187621, 22.993026 ], [ 120.187569, 22.992986 ], [ 120.187609, 22.992648 ], [ 120.188574, 22.992444 ] ] ] } },
{ "type": "Feature", "properties": { "park_id": 385.0, "park_name": "新興國宅-公兒15(馬蹄公園)", "district": "南區", "village": "開南里", "heat_risk": 52.273852441960798, "heat_rank": 361.0, "comb_pct": 47.726147558039202, "tree_pct": 47.726147558039202, "bldg_pct": 0.0, "med_inc_k": 408.0, "pop_0_12": 411.0, "risk_class": 2 }, "geometry": { "type": "Polygon", "coordinates": [ [ [ 120.185998, 22.969677 ], [ 120.185336, 22.96968 ], [ 120.185325, 22.968958 ], [ 120.186234, 22.968949 ], [ 120.186319, 22.968974 ], [ 120.186356, 22.96906 ], [ 120.185998, 22.969677 ] ] ] } },
{ "type": "Feature", "properties": { "park_id": 386.0, "park_name": "綠色之心 關廟區壘球場多目標使用園區", "district": "關廟區", "village": "新埔里", "heat_risk": 72.820850161246, "heat_rank": 240.0, "comb_pct": 27.179149838754, "tree_pct": 27.179149838754, "bldg_pct": 0.0, "med_inc_k": 411.0, "pop_0_12": 150.0, "risk_class": 3 }, "geometry": { "type": "Polygon", "coordinates": [ [ [ 120.330594, 22.967914 ], [ 120.330637, 22.967597 ], [ 120.330645, 22.966825 ], [ 120.330694, 22.966596 ], [ 120.330973, 22.966482 ], [ 120.331303, 22.966381 ], [ 120.331638, 22.966264 ], [ 120.331945, 22.966114 ], [ 120.332228, 22.966856 ], [ 120.332297, 22.966967 ], [ 120.332411, 22.967059 ], [ 120.33228, 22.967234 ], [ 120.33234, 22.967504 ], [ 120.332375, 22.967789 ], [ 120.332679, 22.967844 ], [ 120.332654, 22.96794 ], [ 120.332505, 22.967905 ], [ 120.332474, 22.968028 ], [ 120.330594, 22.967914 ] ] ] } },
{ "type": "Feature", "properties": { "park_id": 387.0, "park_name": "明和公園", "district": "南區", "village": "國宅里", "heat_risk": 38.0560832708154, "heat_rank": 439.0, "comb_pct": 61.9439167291846, "tree_pct": 61.9439167291846, "bldg_pct": 0.0, "med_inc_k": 425.0, "pop_0_12": 168.0, "risk_class": 1 }, "geometry": { "type": "Polygon", "coordinates": [ [ [ 120.185571, 22.976438 ], [ 120.184527, 22.976495 ], [ 120.184017, 22.973563 ], [ 120.184063, 22.973475 ], [ 120.185121, 22.974083 ], [ 120.185571, 22.976438 ] ] ] } },
{ "type": "Feature", "properties": { "park_id": 388.0, "park_name": "延平郡王祠", "district": "中西區", "village": "郡王里", "heat_risk": 52.9905021795918, "heat_rank": 359.0, "comb_pct": 47.0094978204082, "tree_pct": 45.774575273692598, "bldg_pct": 1.5004902417516399, "med_inc_k": 728.0, "pop_0_12": 1000.0, "risk_class": 2 }, "geometry": { "type": "Polygon", "coordinates": [ [ [ 120.207224, 22.987294 ], [ 120.207483, 22.987271 ], [ 120.20882, 22.987214 ], [ 120.208864, 22.987299 ], [ 120.208221, 22.988093 ], [ 120.207849, 22.988582 ], [ 120.207692, 22.988683 ], [ 120.207558, 22.988551 ], [ 120.207209, 22.987777 ], [ 120.207224, 22.987294 ] ] ] } },
{ "type": "Feature", "properties": { "park_id": 389.0, "park_name": "市立文化中心(公17)", "district": "東區", "village": "忠孝里", "heat_risk": 70.1379242999936, "heat_rank": 259.0, "comb_pct": 29.8620757000064, "tree_pct": 28.267198997838602, "bldg_pct": 2.3545249087331399, "med_inc_k": 517.0, "pop_0_12": 211.0, "risk_class": 3 }, "geometry": { "type": "Polygon", "coordinates": [ [ [ 120.222515, 22.974167 ], [ 120.222917, 22.974335 ], [ 120.222942, 22.974437 ], [ 120.221469, 22.975997 ], [ 120.221394, 22.975994 ], [ 120.220724, 22.97546 ], [ 120.220923, 22.975107 ], [ 120.221212, 22.973928 ], [ 120.221248, 22.973889 ], [ 120.221294, 22.973875 ], [ 120.222087, 22.974029 ], [ 120.222515, 22.974167 ] ] ] } },
{ "type": "Feature", "properties": { "park_id": 390.0, "park_name": "湯德章紀念公園", "district": "中西區", "village": "永華里", "heat_risk": 82.693913102726498, "heat_rank": 177.0, "comb_pct": 17.306086897273499, "tree_pct": 17.306086897273499, "bldg_pct": 0.0, "med_inc_k": 504.0, "pop_0_12": 695.0, "risk_class": 4 }, "geometry": { "type": "Polygon", "coordinates": [ [ [ 120.205286, 22.992311 ], [ 120.205346, 22.992363 ], [ 120.205393, 22.992425 ], [ 120.205426, 22.992503 ], [ 120.205437, 22.992562 ], [ 120.205433, 22.99265 ], [ 120.205417, 22.992707 ], [ 120.205391, 22.992762 ], [ 120.205355, 22.992811 ], [ 120.205311, 22.992854 ], [ 120.205231, 22.992904 ], [ 120.205172, 22.992926 ], [ 120.205109, 22.992939 ], [ 120.205045, 22.992942 ], [ 120.204981, 22.992935 ], [ 120.20489, 22.992906 ], [ 120.204835, 22.992875 ], [ 120.204786, 22.992836 ], [ 120.204745, 22.992791 ], [ 120.204713, 22.992739 ], [ 120.204684, 22.992655 ], [ 120.204678, 22.9926 ], [ 120.204685, 22.992525 ], [ 120.204709, 22.992453 ], [ 120.20475, 22.992387 ], [ 120.204805, 22.992331 ], [ 120.204872, 22.992287 ], [ 120.204947, 22.992257 ], [ 120.205001, 22.992246 ], [ 120.205083, 22.992242 ], [ 120.205137, 22.992249 ], [ 120.205215, 22.992273 ], [ 120.205286, 22.992311 ] ] ] } },
{ "type": "Feature", "properties": { "park_id": 391.0, "park_name": "立德公園(鄭子寮公兒5)", "district": "北區", "village": "成德里", "heat_risk": 44.968779330496403, "heat_rank": 406.0, "comb_pct": 55.031220669503597, "tree_pct": 55.031220669503597, "bldg_pct": 0.0, "med_inc_k": 709.0, "pop_0_12": 600.0, "risk_class": 1 }, "geometry": { "type": "Polygon", "coordinates": [ [ [ 120.204983, 23.010284 ], [ 120.204935, 23.009777 ], [ 120.204965, 23.009744 ], [ 120.205206, 23.009749 ], [ 120.205467, 23.009707 ], [ 120.205614, 23.009662 ], [ 120.20565, 23.009667 ], [ 120.205867, 23.010152 ], [ 120.204983, 23.010284 ] ] ] } },
{ "type": "Feature", "properties": { "park_id": 392.0, "park_name": "頂湖公園", "district": "中西區", "village": "西湖里", "heat_risk": 86.502580886354906, "heat_rank": 154.0, "comb_pct": 13.497419113645099, "tree_pct": 13.497419113645099, "bldg_pct": 0.0, "med_inc_k": 694.0, "pop_0_12": 617.0, "risk_class": 4 }, "geometry": { "type": "Polygon", "coordinates": [ [ [ 120.185902, 23.004741 ], [ 120.18567, 23.005744 ], [ 120.18562, 23.005762 ], [ 120.185176, 23.005564 ], [ 120.185234, 23.005453 ], [ 120.185176, 23.004765 ], [ 120.185213, 23.004731 ], [ 120.185863, 23.004697 ], [ 120.185902, 23.004741 ] ] ] } },
{ "type": "Feature", "properties": { "park_id": 393.0, "park_name": "東興公園", "district": "東區", "village": "大學里", "heat_risk": 16.5501370762072, "heat_rank": 481.0, "comb_pct": 83.449862923792793, "tree_pct": 83.449862923792793, "bldg_pct": 0.0, "med_inc_k": 761.0, "pop_0_12": 150.0, "risk_class": 1 }, "geometry": { "type": "Polygon", "coordinates": [ [ [ 120.225609, 22.996452 ], [ 120.225731, 22.998339 ], [ 120.225623, 22.998405 ], [ 120.224518, 22.998412 ], [ 120.224415, 22.998334 ], [ 120.224265, 22.996443 ], [ 120.225609, 22.996452 ] ] ] } },
{ "type": "Feature", "properties": { "park_id": 394.0, "park_name": "東寧運動公園", "district": "東區", "village": "東明里", "heat_risk": 47.927651096379698, "heat_rank": 384.0, "comb_pct": 52.072348903620302, "tree_pct": 51.555405968296697, "bldg_pct": 0.56027893621781399, "med_inc_k": 588.0, "pop_0_12": 501.0, "risk_class": 2 }, "geometry": { "type": "Polygon", "coordinates": [ [ [ 120.224236, 22.993609 ], [ 120.224165, 22.992768 ], [ 120.224606, 22.992735 ], [ 120.224577, 22.992213 ], [ 120.224506, 22.991961 ], [ 120.224481, 22.991826 ], [ 120.224373, 22.991645 ], [ 120.224193, 22.99161 ], [ 120.224251, 22.991556 ], [ 120.224478, 22.991404 ], [ 120.224571, 22.991298 ], [ 120.22463, 22.991171 ], [ 120.224805, 22.991107 ], [ 120.22534, 22.990942 ], [ 120.225929, 22.993556 ], [ 120.224236, 22.993609 ] ] ] } },
{ "type": "Feature", "properties": { "park_id": 395.0, "park_name": "東和公園", "district": "東區", "village": "大學里", "heat_risk": 25.009082946446799, "heat_rank": 470.0, "comb_pct": 74.990917053553204, "tree_pct": 74.990917053553204, "bldg_pct": 0.0, "med_inc_k": 761.0, "pop_0_12": 150.0, "risk_class": 1 }, "geometry": { "type": "Polygon", "coordinates": [ [ [ 120.225801, 22.999098 ], [ 120.225384, 22.999215 ], [ 120.224593, 22.999287 ], [ 120.224541, 22.998609 ], [ 120.224675, 22.998521 ], [ 120.225624, 22.998507 ], [ 120.225653, 22.998797 ], [ 120.225801, 22.999098 ] ] ] } },
{ "type": "Feature", "properties": { "park_id": 396.0, "park_name": "小東公園", "district": "北區", "village": "東興里", "heat_risk": 37.369713981704301, "heat_rank": 442.0, "comb_pct": 62.630286018295699, "tree_pct": 62.534252687246202, "bldg_pct": 0.27815959192127199, "med_inc_k": 550.0, "pop_0_12": 277.0, "risk_class": 1 }, "geometry": { "type": "Polygon", "coordinates": [ [ [ 120.226775, 23.001173 ], [ 120.22685, 23.001253 ], [ 120.226646, 23.001642 ], [ 120.22661, 23.00191 ], [ 120.224925, 23.002177 ], [ 120.224797, 23.002097 ], [ 120.224695, 23.000778 ], [ 120.224805, 23.00065 ], [ 120.22613, 23.000564 ], [ 120.226552, 23.000458 ], [ 120.226775, 23.001173 ] ] ] } },
{ "type": "Feature", "properties": { "park_id": 397.0, "park_name": "馬雅各青年公園", "district": "東區", "village": "圍下里", "heat_risk": 25.814736795023698, "heat_rank": 469.0, "comb_pct": 74.185263204976295, "tree_pct": 74.185263204976295, "bldg_pct": 0.0, "med_inc_k": 588.0, "pop_0_12": 199.0, "risk_class": 1 }, "geometry": { "type": "Polygon", "coordinates": [ [ [ 120.214498, 22.991469 ], [ 120.214521, 22.991415 ], [ 120.215358, 22.991372 ], [ 120.215396, 22.991392 ], [ 120.215477, 22.992446 ], [ 120.21543, 22.992493 ], [ 120.21463, 22.992582 ], [ 120.214592, 22.992548 ], [ 120.214498, 22.991469 ] ] ] } },
{ "type": "Feature", "properties": { "park_id": 398.0, "park_name": "華平公園", "district": "安平區", "village": "華平里", "heat_risk": 78.863573298296998, "heat_rank": 207.0, "comb_pct": 21.136426701703002, "tree_pct": 21.136426701703002, "bldg_pct": 0.0, "med_inc_k": 493.0, "pop_0_12": 436.0, "risk_class": 3 }, "geometry": { "type": "Polygon", "coordinates": [ [ [ 120.172706, 22.995035 ], [ 120.172143, 22.995099 ], [ 120.172108, 22.994836 ], [ 120.171623, 22.994891 ], [ 120.171525, 22.994168 ], [ 120.172569, 22.994046 ], [ 120.172706, 22.995035 ] ] ] } },
{ "type": "Feature", "properties": { "park_id": 399.0, "park_name": "世平一號公園", "district": "安平區", "village": "金城里", "heat_risk": 64.909028770761907, "heat_rank": 283.0, "comb_pct": 35.0909712292381, "tree_pct": 35.0909712292381, "bldg_pct": 0.0, "med_inc_k": 497.0, "pop_0_12": 195.0, "risk_class": 3 }, "geometry": { "type": "Polygon", "coordinates": [ [ [ 120.149289, 22.996718 ], [ 120.149443, 22.996681 ], [ 120.150033, 22.996971 ], [ 120.149154, 22.998104 ], [ 120.148359, 22.997767 ], [ 120.149289, 22.996718 ] ] ] } },
{ "type": "Feature", "properties": { "park_id": 400.0, "park_name": "英商怡記洋行遺址", "district": "安平區", "village": "王城里", "heat_risk": 70.695430990326301, "heat_rank": 255.0, "comb_pct": 29.304569009673699, "tree_pct": 29.304569009673699, "bldg_pct": 0.0, "med_inc_k": 392.0, "pop_0_12": 260.0, "risk_class": 3 }, "geometry": { "type": "Polygon", "coordinates": [ [ [ 120.158944, 23.003534 ], [ 120.158537, 23.003411 ], [ 120.158639, 23.003124 ], [ 120.159046, 23.003247 ], [ 120.158944, 23.003534 ] ] ] } },
{ "type": "Feature", "properties": { "park_id": 401.0, "park_name": "札哈木原住民公園", "district": "安平區", "village": "平通里", "heat_risk": 54.315272596142599, "heat_rank": 348.0, "comb_pct": 45.684727403857401, "tree_pct": 45.684727403857401, "bldg_pct": 0.0, "med_inc_k": 519.0, "pop_0_12": 809.0, "risk_class": 2 }, "geometry": { "type": "Polygon", "coordinates": [ [ [ 120.165445, 22.996041 ], [ 120.165414, 22.996074 ], [ 120.163972, 22.99606 ], [ 120.163929, 22.996017 ], [ 120.163926, 22.995622 ], [ 120.163881, 22.995221 ], [ 120.163814, 22.994922 ], [ 120.163858, 22.994453 ], [ 120.163894, 22.994425 ], [ 120.164297, 22.994431 ], [ 120.164341, 22.99446 ], [ 120.164315, 22.994921 ], [ 120.164388, 22.994992 ], [ 120.16544, 22.99501 ], [ 120.165478, 22.995055 ], [ 120.165445, 22.996041 ] ] ] } },
{ "type": "Feature", "properties": { "park_id": 402.0, "park_name": "札哈木原住民公園", "district": "安平區", "village": "平通里", "heat_risk": 54.315272596142599, "heat_rank": 348.0, "comb_pct": 45.684727403857401, "tree_pct": 45.684727403857401, "bldg_pct": 0.0, "med_inc_k": 519.0, "pop_0_12": 809.0, "risk_class": 2 }, "geometry": { "type": "Polygon", "coordinates": [ [ [ 120.165445, 22.996041 ], [ 120.165414, 22.996074 ], [ 120.163972, 22.99606 ], [ 120.163929, 22.996017 ], [ 120.163926, 22.995622 ], [ 120.163881, 22.995221 ], [ 120.163814, 22.994922 ], [ 120.163858, 22.994453 ], [ 120.163894, 22.994425 ], [ 120.164297, 22.994431 ], [ 120.164341, 22.99446 ], [ 120.164315, 22.994921 ], [ 120.164388, 22.994992 ], [ 120.16544, 22.99501 ], [ 120.165478, 22.995055 ], [ 120.165445, 22.996041 ] ] ] } },
{ "type": "Feature", "properties": { "park_id": 403.0, "park_name": "白雪里公81公園", "district": "南區", "village": "鹽埕里", "heat_risk": 86.785293792006996, "heat_rank": 151.0, "comb_pct": 13.214706207993, "tree_pct": 13.0110746948156, "bldg_pct": 0.20363151317738701, "med_inc_k": 419.0, "pop_0_12": 244.0, "risk_class": 4 }, "geometry": { "type": "Polygon", "coordinates": [ [ [ 120.187603, 22.968005 ], [ 120.187415, 22.9674 ], [ 120.188076, 22.967401 ], [ 120.188159, 22.967739 ], [ 120.188325, 22.967814 ], [ 120.187603, 22.968005 ] ] ] } },
{ "type": "Feature", "properties": { "park_id": 404.0, "park_name": "白雪里公81公園", "district": "南區", "village": "鹽埕里", "heat_risk": 86.785293792006996, "heat_rank": 151.0, "comb_pct": 13.214706207993, "tree_pct": 13.0110746948156, "bldg_pct": 0.20363151317738701, "med_inc_k": 419.0, "pop_0_12": 244.0, "risk_class": 4 }, "geometry": { "type": "Polygon", "coordinates": [ [ [ 120.187603, 22.968005 ], [ 120.187415, 22.9674 ], [ 120.188076, 22.967401 ], [ 120.188159, 22.967739 ], [ 120.188325, 22.967814 ], [ 120.187603, 22.968005 ] ] ] } },
{ "type": "Feature", "properties": { "park_id": 405.0, "park_name": "南華公園(新興國宅公兒9)", "district": "南區", "village": "南華里", "heat_risk": 28.9377812858182, "heat_rank": 463.0, "comb_pct": 71.062218714181796, "tree_pct": 71.062218714181796, "bldg_pct": 0.0, "med_inc_k": 387.0, "pop_0_12": 159.0, "risk_class": 1 }, "geometry": { "type": "Polygon", "coordinates": [ [ [ 120.188865, 22.962845 ], [ 120.188262, 22.962779 ], [ 120.188257, 22.962516 ], [ 120.188793, 22.962479 ], [ 120.188865, 22.962845 ] ] ] } },
{ "type": "Feature", "properties": { "park_id": 406.0, "park_name": "新興國宅-公兒23", "district": "南區", "village": "開南里", "heat_risk": 41.321748948855699, "heat_rank": 423.0, "comb_pct": 58.678251051144301, "tree_pct": 58.677659818329801, "bldg_pct": 0.00059123281445435196, "med_inc_k": 408.0, "pop_0_12": 411.0, "risk_class": 1 }, "geometry": { "type": "Polygon", "coordinates": [ [ [ 120.184912, 22.964672 ], [ 120.18464, 22.964675 ], [ 120.184636, 22.964255 ], [ 120.184908, 22.964252 ], [ 120.184912, 22.964672 ] ] ] } },
{ "type": "Feature", "properties": { "park_id": 407.0, "park_name": "開南公園", "district": "南區", "village": "開南里", "heat_risk": 66.779438318740304, "heat_rank": 272.0, "comb_pct": 33.220561681259703, "tree_pct": 33.220561681259703, "bldg_pct": 0.0, "med_inc_k": 408.0, "pop_0_12": 411.0, "risk_class": 3 }, "geometry": { "type": "Polygon", "coordinates": [ [ [ 120.18519, 22.965509 ], [ 120.185185, 22.966106 ], [ 120.183992, 22.966102 ], [ 120.184, 22.965501 ], [ 120.18519, 22.965509 ] ] ] } },
{ "type": "Feature", "properties": { "park_id": 408.0, "park_name": "南華公園", "district": "南區", "village": "南華里", "heat_risk": 90.195562631332507, "heat_rank": 125.0, "comb_pct": 9.8044373686675108, "tree_pct": 9.8044373686675108, "bldg_pct": 0.0, "med_inc_k": 387.0, "pop_0_12": 159.0, "risk_class": 4 }, "geometry": { "type": "Polygon", "coordinates": [ [ [ 120.186515, 22.962575 ], [ 120.186507, 22.963005 ], [ 120.186171, 22.962925 ], [ 120.186177, 22.96257 ], [ 120.186515, 22.962575 ] ] ] } },
{ "type": "Feature", "properties": { "park_id": 409.0, "park_name": "建南公園", "district": "南區", "village": "建南里", "heat_risk": 24.5843116656972, "heat_rank": 472.0, "comb_pct": 75.4156883343028, "tree_pct": 75.4156883343028, "bldg_pct": 0.0, "med_inc_k": 467.0, "pop_0_12": 448.0, "risk_class": 1 }, "geometry": { "type": "Polygon", "coordinates": [ [ [ 120.19268, 22.960224 ], [ 120.191764, 22.960204 ], [ 120.191765, 22.959408 ], [ 120.19269, 22.959404 ], [ 120.19268, 22.960224 ] ] ] } },
{ "type": "Feature", "properties": { "park_id": 410.0, "park_name": "歡喜公園", "district": "南區", "village": "興農里", "heat_risk": 92.347511074834003, "heat_rank": 112.0, "comb_pct": 7.65248892516599, "tree_pct": 7.65248892516599, "bldg_pct": 0.0, "med_inc_k": 479.0, "pop_0_12": 423.0, "risk_class": 4 }, "geometry": { "type": "Polygon", "coordinates": [ [ [ 120.18848, 22.932247 ], [ 120.18695, 22.93229 ], [ 120.186732, 22.932302 ], [ 120.186701, 22.930902 ], [ 120.186202, 22.930032 ], [ 120.186506, 22.929773 ], [ 120.186659, 22.929651 ], [ 120.186896, 22.929427 ], [ 120.187071, 22.92923 ], [ 120.188447, 22.929234 ], [ 120.18848, 22.932247 ] ] ] } },
{ "type": "Feature", "properties": { "park_id": 411.0, "park_name": "公兒6（高鐵特定區）", "district": "歸仁區", "village": "武東里", "heat_risk": 37.591853229710203, "heat_rank": 441.0, "comb_pct": 62.408146770289797, "tree_pct": 62.408146770289797, "bldg_pct": 0.0, "med_inc_k": 590.0, "pop_0_12": 487.0, "risk_class": 1 }, "geometry": { "type": "Polygon", "coordinates": [ [ [ 120.276166, 22.927777 ], [ 120.276092, 22.927751 ], [ 120.275899, 22.927344 ], [ 120.275922, 22.927262 ], [ 120.276749, 22.926987 ], [ 120.276966, 22.927457 ], [ 120.276166, 22.927777 ] ] ] } },
{ "type": "Feature", "properties": { "park_id": 412.0, "park_name": "公兒8（高鐵特定區）", "district": "歸仁區", "village": "武東里", "heat_risk": 73.468455693198607, "heat_rank": 234.0, "comb_pct": 26.531544306801401, "tree_pct": 26.531544306801401, "bldg_pct": 0.0, "med_inc_k": 590.0, "pop_0_12": 487.0, "risk_class": 3 }, "geometry": { "type": "Polygon", "coordinates": [ [ [ 120.27639, 22.922554 ], [ 120.276353, 22.922524 ], [ 120.276052, 22.921799 ], [ 120.276079, 22.921764 ], [ 120.276633, 22.921562 ], [ 120.276687, 22.921572 ], [ 120.276996, 22.922275 ], [ 120.276971, 22.922334 ], [ 120.27639, 22.922554 ] ] ] } },
{ "type": "Feature", "properties": { "park_id": 413.0, "park_name": "史迪奇一號公園", "district": "歸仁區", "village": "武東里", "heat_risk": 46.923760692129903, "heat_rank": 394.0, "comb_pct": 53.076239307870097, "tree_pct": 53.076239307870097, "bldg_pct": 0.0, "med_inc_k": 590.0, "pop_0_12": 487.0, "risk_class": 1 }, "geometry": { "type": "Polygon", "coordinates": [ [ [ 120.279886, 22.921207 ], [ 120.279595, 22.920513 ], [ 120.280762, 22.920098 ], [ 120.281033, 22.920767 ], [ 120.279886, 22.921207 ] ] ] } },
{ "type": "Feature", "properties": { "park_id": 414.0, "park_name": "公兒7（高鐵特定區）", "district": "歸仁區", "village": "武東里", "heat_risk": 71.052857953062997, "heat_rank": 251.0, "comb_pct": 28.947142046937, "tree_pct": 28.947142046937, "bldg_pct": 0.0, "med_inc_k": 590.0, "pop_0_12": 487.0, "risk_class": 3 }, "geometry": { "type": "Polygon", "coordinates": [ [ [ 120.274166, 22.923237 ], [ 120.273844, 22.922553 ], [ 120.274688, 22.922266 ], [ 120.274961, 22.922952 ], [ 120.274166, 22.923237 ] ] ] } },
{ "type": "Feature", "properties": { "park_id": 415.0, "park_name": "兒1", "district": "永康區", "village": "東橋里", "heat_risk": 88.045709227686501, "heat_rank": 142.0, "comb_pct": 11.954290772313501, "tree_pct": 11.953166604657399, "bldg_pct": 0.0011241676561134001, "med_inc_k": 925.0, "pop_0_12": 1874.0, "risk_class": 4 }, "geometry": { "type": "Polygon", "coordinates": [ [ [ 120.233842, 23.024762 ], [ 120.233797, 23.024706 ], [ 120.233931, 23.024481 ], [ 120.233981, 23.024427 ], [ 120.234039, 23.024443 ], [ 120.234078, 23.024434 ], [ 120.234113, 23.024406 ], [ 120.234438, 23.024583 ], [ 120.234312, 23.024803 ], [ 120.23422, 23.024938 ], [ 120.234171, 23.02494 ], [ 120.233842, 23.024762 ] ] ] } },
{ "type": "Feature", "properties": { "park_id": 416.0, "park_name": "公五", "district": "歸仁區", "village": "武東里", "heat_risk": 70.651460498760997, "heat_rank": 256.0, "comb_pct": 29.348539501238999, "tree_pct": 29.348539501238999, "bldg_pct": 0.0, "med_inc_k": 590.0, "pop_0_12": 487.0, "risk_class": 3 }, "geometry": { "type": "Polygon", "coordinates": [ [ [ 120.280098, 22.924615 ], [ 120.281086, 22.924385 ], [ 120.281522, 22.923221 ], [ 120.282207, 22.923469 ], [ 120.282304, 22.923614 ], [ 120.282294, 22.923721 ], [ 120.281466, 22.925399 ], [ 120.280761, 22.9269 ], [ 120.279898, 22.926708 ], [ 120.279969, 22.926507 ], [ 120.280126, 22.925731 ], [ 120.280121, 22.925264 ], [ 120.280137, 22.924862 ], [ 120.280098, 22.924615 ] ] ] } },
{ "type": "Feature", "properties": { "park_id": 417.0, "park_name": "東門城", "district": "東區", "village": "龍山里", "heat_risk": 82.868812974820997, "heat_rank": 175.0, "comb_pct": 17.131187025178999, "tree_pct": 15.9912263771245, "bldg_pct": 1.1399606480545701, "med_inc_k": 789.0, "pop_0_12": 536.0, "risk_class": 4 }, "geometry": { "type": "Polygon", "coordinates": [ [ [ 120.217224, 22.987239 ], [ 120.217132, 22.987231 ], [ 120.21707, 22.987191 ], [ 120.217047, 22.987142 ], [ 120.21705, 22.987067 ], [ 120.2171, 22.987006 ], [ 120.217138, 22.986978 ], [ 120.21786, 22.986758 ], [ 120.217948, 22.986791 ], [ 120.21799, 22.986865 ], [ 120.217989, 22.986961 ], [ 120.217924, 22.987016 ], [ 120.217224, 22.987239 ] ] ] } },
{ "type": "Feature", "properties": { "park_id": 418.0, "park_name": "東和里公園", "district": "安南區", "village": "東和里", "heat_risk": 97.303167642340597, "heat_rank": 78.0, "comb_pct": 2.69683235765942, "tree_pct": 2.69683235765942, "bldg_pct": 0.0, "med_inc_k": 1018.0, "pop_0_12": 663.0, "risk_class": 5 }, "geometry": { "type": "Polygon", "coordinates": [ [ [ 120.228309, 23.060216 ], [ 120.228337, 23.059844 ], [ 120.229442, 23.060796 ], [ 120.229552, 23.060998 ], [ 120.228265, 23.062296 ], [ 120.228237, 23.062216 ], [ 120.228337, 23.061503 ], [ 120.228314, 23.061074 ], [ 120.228309, 23.060216 ] ] ] } },
{ "type": "Feature", "properties": { "park_id": 419.0, "park_name": "東成公園", "district": "新營區", "village": "新東里", "heat_risk": 47.588519413325301, "heat_rank": 387.0, "comb_pct": 52.411480586674699, "tree_pct": 52.411480586674699, "bldg_pct": 0.0, "med_inc_k": 671.0, "pop_0_12": 1121.0, "risk_class": 1 }, "geometry": { "type": "Polygon", "coordinates": [ [ [ 120.321469, 23.318688 ], [ 120.321067, 23.318682 ], [ 120.321053, 23.318466 ], [ 120.321478, 23.318477 ], [ 120.321469, 23.318688 ] ] ] } },
{ "type": "Feature", "properties": { "park_id": 420.0, "park_name": "東光街小公園", "district": "新營區", "village": "新東里", "heat_risk": 35.076048196394098, "heat_rank": 450.0, "comb_pct": 64.923951803605902, "tree_pct": 64.923951803605902, "bldg_pct": 0.0, "med_inc_k": 671.0, "pop_0_12": 1121.0, "risk_class": 1 }, "geometry": { "type": "Polygon", "coordinates": [ [ [ 120.321243, 23.318451 ], [ 120.321046, 23.318452 ], [ 120.321043, 23.318274 ], [ 120.321251, 23.31828 ], [ 120.321243, 23.318451 ] ] ] } },
{ "type": "Feature", "properties": { "park_id": 421.0, "park_name": "新化體育公園", "district": "新化區", "village": "武安里", "heat_risk": 63.110847938181102, "heat_rank": 291.0, "comb_pct": 36.889152061818898, "tree_pct": 36.5967063364605, "bldg_pct": 0.29244572535832503, "med_inc_k": 451.0, "pop_0_12": 245.0, "risk_class": 2 }, "geometry": { "type": "Polygon", "coordinates": [ [ [ 120.306663, 23.03132 ], [ 120.305245, 23.031054 ], [ 120.304688, 23.030957 ], [ 120.304542, 23.030889 ], [ 120.304574, 23.030166 ], [ 120.304801, 23.028672 ], [ 120.306873, 23.028868 ], [ 120.306663, 23.03132 ] ] ] } },
{ "type": "Feature", "properties": { "park_id": 422.0, "park_name": "賜齡公園", "district": "新營區", "village": "王公里", "heat_risk": 72.088547776311003, "heat_rank": 246.0, "comb_pct": 27.911452223689, "tree_pct": 27.911452223689, "bldg_pct": 0.0, "med_inc_k": 538.0, "pop_0_12": 462.0, "risk_class": 3 }, "geometry": { "type": "Polygon", "coordinates": [ [ [ 120.320399, 23.31818 ], [ 120.320411, 23.317716 ], [ 120.321015, 23.317598 ], [ 120.320993, 23.318223 ], [ 120.32091, 23.318192 ], [ 120.320399, 23.31818 ] ] ] } },
{ "type": "Feature", "properties": { "park_id": 423.0, "park_name": "仁中公園", "district": "仁德區", "village": "仁德里", "heat_risk": 91.374206217749801, "heat_rank": 120.0, "comb_pct": 8.6257937822502306, "tree_pct": 8.6257937822502306, "bldg_pct": 0.0, "med_inc_k": 611.0, "pop_0_12": 1230.0, "risk_class": 4 }, "geometry": { "type": "Polygon", "coordinates": [ [ [ 120.251829, 22.964456 ], [ 120.251369, 22.964455 ], [ 120.25137, 22.963346 ], [ 120.251841, 22.963351 ], [ 120.251829, 22.964456 ] ] ] } },
{ "type": "Feature", "properties": { "park_id": 424.0, "park_name": "公4", "district": "善化區", "village": "東關里", "heat_risk": 57.914118095773702, "heat_rank": 321.0, "comb_pct": 42.085881904226298, "tree_pct": 42.085881904226298, "bldg_pct": 0.0, "med_inc_k": 822.0, "pop_0_12": 198.0, "risk_class": 2 }, "geometry": { "type": "Polygon", "coordinates": [ [ [ 120.290226, 23.135475 ], [ 120.290652, 23.135792 ], [ 120.290942, 23.136212 ], [ 120.291217, 23.136435 ], [ 120.291178, 23.137339 ], [ 120.289847, 23.138069 ], [ 120.289709, 23.136685 ], [ 120.289774, 23.136367 ], [ 120.289787, 23.136008 ], [ 120.290226, 23.135475 ] ] ] } },
{ "type": "Feature", "properties": { "park_id": 425.0, "park_name": "歸仁運動公園", "district": "歸仁區", "village": "許厝里", "heat_risk": 78.934155532089605, "heat_rank": 206.0, "comb_pct": 21.065844467910399, "tree_pct": 20.326439083144699, "bldg_pct": 0.75823519661247796, "med_inc_k": 484.0, "pop_0_12": 355.0, "risk_class": 3 }, "geometry": { "type": "Polygon", "coordinates": [ [ [ 120.296854, 22.962369 ], [ 120.299012, 22.96325 ], [ 120.299024, 22.963634 ], [ 120.299017, 22.963998 ], [ 120.298961, 22.964184 ], [ 120.298783, 22.964654 ], [ 120.296206, 22.963823 ], [ 120.296854, 22.962369 ] ] ] } },
{ "type": "Feature", "properties": { "park_id": 426.0, "park_name": "下營公園", "district": "下營區", "village": "後街里", "heat_risk": 76.862741550019294, "heat_rank": 216.0, "comb_pct": 23.137258449980699, "tree_pct": 23.137258449980699, "bldg_pct": 0.0, "med_inc_k": 495.0, "pop_0_12": 157.0, "risk_class": 3 }, "geometry": { "type": "Polygon", "coordinates": [ [ [ 120.261205, 23.239856 ], [ 120.260967, 23.2397 ], [ 120.260881, 23.239655 ], [ 120.261069, 23.239125 ], [ 120.261175, 23.238982 ], [ 120.261471, 23.238778 ], [ 120.261584, 23.238808 ], [ 120.261737, 23.238907 ], [ 120.261794, 23.239019 ], [ 120.261842, 23.239387 ], [ 120.26183, 23.239906 ], [ 120.261762, 23.239902 ], [ 120.261788, 23.239976 ], [ 120.261205, 23.239856 ] ] ] } },
{ "type": "Feature", "properties": { "park_id": 427.0, "park_name": "中埕里鄰公園", "district": "柳營區", "village": "中埕里", "heat_risk": 45.096373055351002, "heat_rank": 405.0, "comb_pct": 54.903626944648998, "tree_pct": 54.903626944648998, "bldg_pct": 0.0, "med_inc_k": 488.0, "pop_0_12": 125.0, "risk_class": 1 }, "geometry": { "type": "Polygon", "coordinates": [ [ [ 120.317286, 23.276567 ], [ 120.317091, 23.277029 ], [ 120.316523, 23.276758 ], [ 120.31674, 23.276352 ], [ 120.317286, 23.276567 ] ] ] } },
{ "type": "Feature", "properties": { "park_id": 428.0, "park_name": "祥合公園", "district": "永康區", "village": "六合里", "heat_risk": 71.858978353010002, "heat_rank": 247.0, "comb_pct": 28.141021646990001, "tree_pct": 28.141021646990001, "bldg_pct": 0.0, "med_inc_k": 506.0, "pop_0_12": 541.0, "risk_class": 3 }, "geometry": { "type": "Polygon", "coordinates": [ [ [ 120.232513, 23.008317 ], [ 120.232454, 23.007995 ], [ 120.2321, 23.007965 ], [ 120.232114, 23.00763 ], [ 120.232457, 23.007623 ], [ 120.232612, 23.007303 ], [ 120.233045, 23.006862 ], [ 120.233137, 23.006795 ], [ 120.233166, 23.00685 ], [ 120.233282, 23.007033 ], [ 120.233625, 23.006953 ], [ 120.234054, 23.00725 ], [ 120.23353, 23.008211 ], [ 120.232513, 23.008317 ] ] ] } },
{ "type": "Feature", "properties": { "park_id": 429.0, "park_name": "明亮公園", "district": "南區", "village": "明亮里", "heat_risk": 72.588725593573699, "heat_rank": 244.0, "comb_pct": 27.411274406426301, "tree_pct": 27.411274406426301, "bldg_pct": 0.0, "med_inc_k": 427.0, "pop_0_12": 296.0, "risk_class": 3 }, "geometry": { "type": "Polygon", "coordinates": [ [ [ 120.194591, 22.967242 ], [ 120.19413, 22.967568 ], [ 120.194052, 22.967895 ], [ 120.193958, 22.967957 ], [ 120.193885, 22.967786 ], [ 120.193733, 22.967592 ], [ 120.193657, 22.967446 ], [ 120.19365, 22.967119 ], [ 120.194071, 22.967102 ], [ 120.194587, 22.967163 ], [ 120.194591, 22.967242 ] ] ] } },
{ "type": "Feature", "properties": { "park_id": 430.0, "park_name": "大智公園", "district": "東區", "village": "大智里", "heat_risk": 59.8323373256436, "heat_rank": 312.0, "comb_pct": 40.1676626743564, "tree_pct": 40.1676626743564, "bldg_pct": 0.0, "med_inc_k": 535.0, "pop_0_12": 599.0, "risk_class": 2 }, "geometry": { "type": "Polygon", "coordinates": [ [ [ 120.230574, 22.961688 ], [ 120.229846, 22.961647 ], [ 120.229876, 22.961304 ], [ 120.230605, 22.961366 ], [ 120.230574, 22.961688 ] ] ] } },
{ "type": "Feature", "properties": { "park_id": 431.0, "park_name": "學東公園", "district": "安南區", "village": "學東里", "heat_risk": 100.0, "heat_rank": 1.0, "comb_pct": 0.0, "tree_pct": 0.0, "bldg_pct": 0.0, "med_inc_k": 395.0, "pop_0_12": 292.0, "risk_class": 5 }, "geometry": { "type": "Polygon", "coordinates": [ [ [ 120.143661, 23.077934 ], [ 120.143601, 23.077687 ], [ 120.143566, 23.077665 ], [ 120.143431, 23.077166 ], [ 120.143502, 23.077079 ], [ 120.144214, 23.077086 ], [ 120.144226, 23.077166 ], [ 120.144258, 23.077188 ], [ 120.144448, 23.077821 ], [ 120.144436, 23.077861 ], [ 120.144368, 23.07789 ], [ 120.143752, 23.077988 ], [ 120.143716, 23.077985 ], [ 120.14368, 23.077967 ], [ 120.143661, 23.077934 ] ] ] } },
{ "type": "Feature", "properties": { "park_id": 432.0, "park_name": "府平公園", "district": "安平區", "village": "國平里", "heat_risk": 47.144439629337, "heat_rank": 390.0, "comb_pct": 52.855560370663, "tree_pct": 52.855560370663, "bldg_pct": 0.0, "med_inc_k": 623.0, "pop_0_12": 1230.0, "risk_class": 1 }, "geometry": { "type": "Polygon", "coordinates": [ [ [ 120.170942, 22.988639 ], [ 120.170738, 22.986923 ], [ 120.1708, 22.986853 ], [ 120.172819, 22.986644 ], [ 120.172851, 22.986652 ], [ 120.172901, 22.986681 ], [ 120.17299, 22.987144 ], [ 120.173244, 22.988354 ], [ 120.173203, 22.988376 ], [ 120.17102, 22.98868 ], [ 120.170969, 22.98867 ], [ 120.170942, 22.988639 ] ] ] } },
{ "type": "Feature", "properties": { "park_id": 433.0, "park_name": "水萍塭公園", "district": "南區", "village": "廣州里", "heat_risk": 40.260926239611599, "heat_rank": 429.0, "comb_pct": 59.739073760388401, "tree_pct": 59.612631450644997, "bldg_pct": 0.173672877159123, "med_inc_k": 463.0, "pop_0_12": 103.0, "risk_class": 1 }, "geometry": { "type": "Polygon", "coordinates": [ [ [ 120.19212, 22.987977 ], [ 120.192015, 22.9866 ], [ 120.191924, 22.984978 ], [ 120.19198, 22.984906 ], [ 120.194668, 22.984924 ], [ 120.194728, 22.984978 ], [ 120.194666, 22.987423 ], [ 120.194581, 22.987554 ], [ 120.193438, 22.987775 ], [ 120.192185, 22.988028 ], [ 120.19212, 22.987977 ] ] ] } },
{ "type": "Feature", "properties": { "park_id": 434.0, "park_name": "億載公園", "district": "安平區", "village": "億載里", "heat_risk": 41.430585134801802, "heat_rank": 422.0, "comb_pct": 58.569414865198198, "tree_pct": 58.406339816190197, "bldg_pct": 0.34251218944560502, "med_inc_k": 626.0, "pop_0_12": 446.0, "risk_class": 1 }, "geometry": { "type": "Polygon", "coordinates": [ [ [ 120.157229, 22.990883 ], [ 120.15717, 22.990829 ], [ 120.157136, 22.988034 ], [ 120.158478, 22.986288 ], [ 120.158863, 22.986312 ], [ 120.159046, 22.986349 ], [ 120.160704, 22.98684 ], [ 120.160741, 22.986889 ], [ 120.160199, 22.988645 ], [ 120.159696, 22.991357 ], [ 120.159645, 22.991385 ], [ 120.159328, 22.99132 ], [ 120.159362, 22.991185 ], [ 120.159401, 22.991194 ], [ 120.159459, 22.990944 ], [ 120.158554, 22.990775 ], [ 120.158502, 22.991151 ], [ 120.157229, 22.990883 ] ] ] } },
{ "type": "Feature", "properties": { "park_id": 435.0, "park_name": "二二八公園", "district": "安平區", "village": "建平里", "heat_risk": 48.697640500380999, "heat_rank": 381.0, "comb_pct": 51.302359499619001, "tree_pct": 51.302359499619001, "bldg_pct": 0.0, "med_inc_k": 601.0, "pop_0_12": 752.0, "risk_class": 2 }, "geometry": { "type": "Polygon", "coordinates": [ [ [ 120.182354, 22.992181 ], [ 120.18231, 22.992165 ], [ 120.18215, 22.990975 ], [ 120.182192, 22.990936 ], [ 120.182656, 22.990875 ], [ 120.182703, 22.990901 ], [ 120.182995, 22.992074 ], [ 120.18296, 22.992111 ], [ 120.182354, 22.992181 ] ] ] } },
{ "type": "Feature", "properties": { "park_id": 436.0, "park_name": "長榮公園", "district": "北區", "village": "長勝里", "heat_risk": 59.695666637999899, "heat_rank": 314.0, "comb_pct": 40.304333362000101, "tree_pct": 40.304333362000101, "bldg_pct": 0.0, "med_inc_k": 460.0, "pop_0_12": 237.0, "risk_class": 2 }, "geometry": { "type": "Polygon", "coordinates": [ [ [ 120.219403, 23.009281 ], [ 120.219011, 23.008804 ], [ 120.220174, 23.007988 ], [ 120.220073, 23.008815 ], [ 120.219403, 23.009281 ] ] ] } },
{ "type": "Feature", "properties": { "park_id": 437.0, "park_name": "臺南公園", "district": "北區", "village": "公園里", "heat_risk": 39.732372840427502, "heat_rank": 431.0, "comb_pct": 60.267627159572498, "tree_pct": 59.826437519320997, "bldg_pct": 0.53839850555558799, "med_inc_k": 528.0, "pop_0_12": 85.0, "risk_class": 1 }, "geometry": { "type": "Polygon", "coordinates": [ [ [ 120.210986, 23.004401 ], [ 120.210839, 23.004328 ], [ 120.210503, 23.00371 ], [ 120.209064, 23.00134 ], [ 120.209015, 23.00133 ], [ 120.208971, 23.001231 ], [ 120.209012, 23.0011 ], [ 120.210852, 23.00051 ], [ 120.212589, 23.000046 ], [ 120.212677, 23.000082 ], [ 120.213423, 23.00391 ], [ 120.210986, 23.004401 ] ] ] } },
{ "type": "Feature", "properties": { "park_id": 438.0, "park_name": "國際村親子公園", "district": "安南區", "village": "新順里", "heat_risk": 75.360161605377698, "heat_rank": 225.0, "comb_pct": 24.639838394622299, "tree_pct": 24.639838394622299, "bldg_pct": 0.0, "med_inc_k": 544.0, "pop_0_12": 849.0, "risk_class": 3 }, "geometry": { "type": "Polygon", "coordinates": [ [ [ 120.214327, 23.0425 ], [ 120.214829, 23.042526 ], [ 120.214836, 23.042374 ], [ 120.214932, 23.042366 ], [ 120.215022, 23.042632 ], [ 120.214761, 23.042696 ], [ 120.214339, 23.042565 ], [ 120.21432, 23.042535 ], [ 120.214327, 23.0425 ] ] ] } },
{ "type": "Feature", "properties": { "park_id": 439.0, "park_name": "塭南公園", "district": "安南區", "village": "塭南里", "heat_risk": 49.286804148509198, "heat_rank": 376.0, "comb_pct": 50.713195851490802, "tree_pct": 50.713195851490802, "bldg_pct": 0.0, "med_inc_k": 440.0, "pop_0_12": 622.0, "risk_class": 2 }, "geometry": { "type": "Polygon", "coordinates": [ [ [ 120.221735, 23.069713 ], [ 120.221246, 23.069699 ], [ 120.221244, 23.069232 ], [ 120.221754, 23.069244 ], [ 120.221735, 23.069713 ] ] ] } },
{ "type": "Feature", "properties": { "park_id": 440.0, "park_name": "噍吧念紀念公園", "district": "玉井區", "village": "玉井里", "heat_risk": 55.543423695522002, "heat_rank": 335.0, "comb_pct": 44.456576304477998, "tree_pct": 44.456576304477998, "bldg_pct": 0.0, "med_inc_k": 422.0, "pop_0_12": 58.0, "risk_class": 2 }, "geometry": { "type": "Polygon", "coordinates": [ [ [ 120.456944, 23.119999 ], [ 120.456856, 23.119106 ], [ 120.456845, 23.119053 ], [ 120.456824, 23.118803 ], [ 120.45682, 23.118609 ], [ 120.456834, 23.118559 ], [ 120.456832, 23.118415 ], [ 120.456958, 23.118226 ], [ 120.457184, 23.118248 ], [ 120.457899, 23.118506 ], [ 120.458104, 23.118555 ], [ 120.458134, 23.119136 ], [ 120.45812, 23.119299 ], [ 120.457977, 23.119448 ], [ 120.457829, 23.119558 ], [ 120.456944, 23.119999 ] ] ] } },
{ "type": "Feature", "properties": { "park_id": 441.0, "park_name": "協和公園", "district": "中西區", "village": "兌悅里", "heat_risk": 49.091075733445997, "heat_rank": 379.0, "comb_pct": 50.908924266554003, "tree_pct": 50.764279027816301, "bldg_pct": 0.14464523873778101, "med_inc_k": 426.0, "pop_0_12": 231.0, "risk_class": 2 }, "geometry": { "type": "Polygon", "coordinates": [ [ [ 120.193154, 23.000366 ], [ 120.194, 23.000067 ], [ 120.193972, 23.000259 ], [ 120.193936, 23.000259 ], [ 120.19394, 23.000373 ], [ 120.193869, 23.000438 ], [ 120.19383, 23.000549 ], [ 120.193791, 23.000549 ], [ 120.193682, 23.000578 ], [ 120.193678, 23.000627 ], [ 120.193551, 23.000604 ], [ 120.193547, 23.000572 ], [ 120.193207, 23.000533 ], [ 120.193137, 23.000516 ], [ 120.193154, 23.000366 ] ] ] } },
{ "type": "Feature", "properties": { "park_id": 442.0, "park_name": "仁義一號公園", "district": "仁德區", "village": "仁義里", "heat_risk": 54.428279818972797, "heat_rank": 343.0, "comb_pct": 45.571720181027203, "tree_pct": 45.571720181027203, "bldg_pct": 0.0, "med_inc_k": 512.0, "pop_0_12": 789.0, "risk_class": 2 }, "geometry": { "type": "Polygon", "coordinates": [ [ [ 120.261415, 22.969852 ], [ 120.261239, 22.968435 ], [ 120.261814, 22.968381 ], [ 120.261969, 22.969782 ], [ 120.261415, 22.969852 ] ] ] } },
{ "type": "Feature", "properties": { "park_id": 443.0, "park_name": "仁義一號公園", "district": "仁德區", "village": "仁義里", "heat_risk": 54.428279818972797, "heat_rank": 343.0, "comb_pct": 45.571720181027203, "tree_pct": 45.571720181027203, "bldg_pct": 0.0, "med_inc_k": 512.0, "pop_0_12": 789.0, "risk_class": 2 }, "geometry": { "type": "Polygon", "coordinates": [ [ [ 120.261415, 22.969852 ], [ 120.261239, 22.968435 ], [ 120.261814, 22.968381 ], [ 120.261969, 22.969782 ], [ 120.261415, 22.969852 ] ] ] } },
{ "type": "Feature", "properties": { "park_id": 444.0, "park_name": "仁義一號公園", "district": "仁德區", "village": "仁義里", "heat_risk": 54.428279818972797, "heat_rank": 343.0, "comb_pct": 45.571720181027203, "tree_pct": 45.571720181027203, "bldg_pct": 0.0, "med_inc_k": 512.0, "pop_0_12": 789.0, "risk_class": 2 }, "geometry": { "type": "Polygon", "coordinates": [ [ [ 120.261415, 22.969852 ], [ 120.261239, 22.968435 ], [ 120.261814, 22.968381 ], [ 120.261969, 22.969782 ], [ 120.261415, 22.969852 ] ] ] } },
{ "type": "Feature", "properties": { "park_id": 445.0, "park_name": "仁義一號公園", "district": "仁德區", "village": "仁義里", "heat_risk": 54.428279818972797, "heat_rank": 343.0, "comb_pct": 45.571720181027203, "tree_pct": 45.571720181027203, "bldg_pct": 0.0, "med_inc_k": 512.0, "pop_0_12": 789.0, "risk_class": 2 }, "geometry": { "type": "Polygon", "coordinates": [ [ [ 120.261415, 22.969852 ], [ 120.261239, 22.968435 ], [ 120.261814, 22.968381 ], [ 120.261969, 22.969782 ], [ 120.261415, 22.969852 ] ] ] } },
{ "type": "Feature", "properties": { "park_id": 446.0, "park_name": "仁義一號公園", "district": "仁德區", "village": "仁義里", "heat_risk": 54.428279818972797, "heat_rank": 343.0, "comb_pct": 45.571720181027203, "tree_pct": 45.571720181027203, "bldg_pct": 0.0, "med_inc_k": 512.0, "pop_0_12": 789.0, "risk_class": 2 }, "geometry": { "type": "Polygon", "coordinates": [ [ [ 120.261415, 22.969852 ], [ 120.261239, 22.968435 ], [ 120.261814, 22.968381 ], [ 120.261969, 22.969782 ], [ 120.261415, 22.969852 ] ] ] } },
{ "type": "Feature", "properties": { "park_id": 447.0, "park_name": "公兒8仁義1號公園（仁德地區）", "district": "仁德區", "village": "仁義里", "heat_risk": 58.879279177569202, "heat_rank": 317.0, "comb_pct": 41.120720822430798, "tree_pct": 41.120720822430798, "bldg_pct": 0.0, "med_inc_k": 512.0, "pop_0_12": 789.0, "risk_class": 2 }, "geometry": { "type": "Polygon", "coordinates": [ [ [ 120.259527, 22.968564 ], [ 120.259473, 22.968195 ], [ 120.259587, 22.968318 ], [ 120.259669, 22.968423 ], [ 120.259747, 22.968537 ], [ 120.259527, 22.968564 ] ] ] } },
{ "type": "Feature", "properties": { "park_id": 448.0, "park_name": "仁中北公園", "district": "仁德區", "village": "仁德里", "heat_risk": 83.500741807679304, "heat_rank": 171.0, "comb_pct": 16.499258192320699, "tree_pct": 16.499258192320699, "bldg_pct": 0.0, "med_inc_k": 611.0, "pop_0_12": 1230.0, "risk_class": 4 }, "geometry": { "type": "Polygon", "coordinates": [ [ [ 120.250417, 22.965134 ], [ 120.250393, 22.96509 ], [ 120.250392, 22.96501 ], [ 120.252577, 22.965026 ], [ 120.252573, 22.965077 ], [ 120.251824, 22.965249 ], [ 120.251267, 22.965191 ], [ 120.25094, 22.965191 ], [ 120.250417, 22.965134 ] ] ] } },
{ "type": "Feature", "properties": { "park_id": 449.0, "park_name": "裕平公園", "district": "東區", "village": "文聖里", "heat_risk": 96.818700536988302, "heat_rank": 83.0, "comb_pct": 3.18129946301167, "tree_pct": 3.18129946301167, "bldg_pct": 0.0, "med_inc_k": 807.0, "pop_0_12": 853.0, "risk_class": 5 }, "geometry": { "type": "Polygon", "coordinates": [ [ [ 120.24431, 22.984936 ], [ 120.24431, 22.984426 ], [ 120.2445, 22.984432 ], [ 120.244502, 22.984936 ], [ 120.24431, 22.984936 ] ] ] } },
{ "type": "Feature", "properties": { "park_id": 450.0, "park_name": "蚵竂民俗文化公園", "district": "北門區", "village": "保吉里", "heat_risk": 90.075388985824603, "heat_rank": 127.0, "comb_pct": 9.9246110141754205, "tree_pct": 9.9246110141754205, "bldg_pct": 0.0, "med_inc_k": 420.0, "pop_0_12": 82.0, "risk_class": 4 }, "geometry": { "type": "Polygon", "coordinates": [ [ [ 120.1336, 23.28702 ], [ 120.132299, 23.286681 ], [ 120.13185, 23.286051 ], [ 120.132626, 23.285673 ], [ 120.133192, 23.285858 ], [ 120.133882, 23.286104 ], [ 120.1336, 23.28702 ] ] ] } },
{ "type": "Feature", "properties": { "park_id": 451.0, "park_name": "重興綠園", "district": "北區", "village": "重興里", "heat_risk": 34.185385774083997, "heat_rank": 453.0, "comb_pct": 65.814614225916003, "tree_pct": 65.814614225671605, "bldg_pct": 0.133927343771262, "med_inc_k": 625.0, "pop_0_12": 154.0, "risk_class": 1 }, "geometry": { "type": "Polygon", "coordinates": [ [ [ 120.226187, 23.004345 ], [ 120.225856, 23.003924 ], [ 120.226296, 23.003614 ], [ 120.226538, 23.003909 ], [ 120.226268, 23.004095 ], [ 120.22637, 23.004219 ], [ 120.226187, 23.004345 ] ] ] } },
{ "type": "Feature", "properties": { "park_id": 452.0, "park_name": "重興綠園(公兒N3)", "district": "北區", "village": "仁愛里", "heat_risk": 88.166719822437003, "heat_rank": 140.0, "comb_pct": 11.833280177562999, "tree_pct": 11.833280177562999, "bldg_pct": 0.0, "med_inc_k": 709.0, "pop_0_12": 104.0, "risk_class": 4 }, "geometry": { "type": "Polygon", "coordinates": [ [ [ 120.224646, 23.005427 ], [ 120.224304, 23.005026 ], [ 120.224693, 23.004756 ], [ 120.224646, 23.005427 ] ] ] } },
{ "type": "Feature", "properties": { "park_id": 453.0, "park_name": "柳營公兒三公園", "district": "柳營區", "village": "東昇里", "heat_risk": 47.831656316925702, "heat_rank": 385.0, "comb_pct": 52.168343683074298, "tree_pct": 52.168343683074298, "bldg_pct": 0.0, "med_inc_k": 508.0, "pop_0_12": 233.0, "risk_class": 2 }, "geometry": { "type": "Polygon", "coordinates": [ [ [ 120.319865, 23.279568 ], [ 120.319788, 23.280142 ], [ 120.319315, 23.28012 ], [ 120.319336, 23.279546 ], [ 120.319865, 23.279568 ] ] ] } },
{ "type": "Feature", "properties": { "park_id": 454.0, "park_name": "安順公園", "district": "安南區", "village": "安順里", "heat_risk": 50.583517493930998, "heat_rank": 369.0, "comb_pct": 49.416482506069002, "tree_pct": 49.416482506069002, "bldg_pct": 0.0, "med_inc_k": 553.0, "pop_0_12": 711.0, "risk_class": 2 }, "geometry": { "type": "Polygon", "coordinates": [ [ [ 120.214318, 23.049478 ], [ 120.213824, 23.049505 ], [ 120.213346, 23.049183 ], [ 120.213346, 23.049134 ], [ 120.213606, 23.048824 ], [ 120.213657, 23.048825 ], [ 120.214328, 23.04932 ], [ 120.214335, 23.049451 ], [ 120.214318, 23.049478 ] ] ] } },
{ "type": "Feature", "properties": { "park_id": 455.0, "park_name": "公9", "district": "鹽水區", "village": "橋南里", "heat_risk": 100.0, "heat_rank": 1.0, "comb_pct": 0.0, "tree_pct": 0.0, "bldg_pct": 0.0, "med_inc_k": 439.0, "pop_0_12": 320.0, "risk_class": 5 }, "geometry": { "type": "Polygon", "coordinates": [ [ [ 120.264949, 23.312894 ], [ 120.264624, 23.313109 ], [ 120.264851, 23.312725 ], [ 120.264949, 23.312894 ] ] ] } },
{ "type": "Feature", "properties": { "park_id": 456.0, "park_name": "賢良公園", "district": "北區", "village": "賢北里", "heat_risk": 53.223621249444498, "heat_rank": 357.0, "comb_pct": 46.776378750555502, "tree_pct": 45.5954535333424, "bldg_pct": 1.27641380631992, "med_inc_k": 546.0, "pop_0_12": 329.0, "risk_class": 2 }, "geometry": { "type": "Polygon", "coordinates": [ [ [ 120.18371, 23.009156 ], [ 120.183626, 23.009397 ], [ 120.183255, 23.009297 ], [ 120.183432, 23.008867 ], [ 120.183066, 23.008736 ], [ 120.183308, 23.008121 ], [ 120.183357, 23.008101 ], [ 120.184056, 23.00838 ], [ 120.18371, 23.009156 ] ] ] } },
{ "type": "Feature", "properties": { "park_id": 457.0, "park_name": "賢北公園", "district": "北區", "village": "賢北里", "heat_risk": 44.162470159819001, "heat_rank": 410.0, "comb_pct": 55.837529840180999, "tree_pct": 55.837529840180999, "bldg_pct": 0.0, "med_inc_k": 546.0, "pop_0_12": 329.0, "risk_class": 1 }, "geometry": { "type": "Polygon", "coordinates": [ [ [ 120.182543, 23.00651 ], [ 120.181857, 23.006225 ], [ 120.181842, 23.006185 ], [ 120.182027, 23.005798 ], [ 120.182068, 23.005782 ], [ 120.182755, 23.006078 ], [ 120.182543, 23.00651 ] ] ] } },
{ "type": "Feature", "properties": { "park_id": 458.0, "park_name": "文靈公園", "district": "北區", "village": "文元里", "heat_risk": 41.927100169357502, "heat_rank": 420.0, "comb_pct": 58.072899830642498, "tree_pct": 58.072899830642498, "bldg_pct": 0.0, "med_inc_k": 615.0, "pop_0_12": 421.0, "risk_class": 1 }, "geometry": { "type": "Polygon", "coordinates": [ [ [ 120.197459, 23.016414 ], [ 120.197513, 23.016386 ], [ 120.197957, 23.016471 ], [ 120.198006, 23.016506 ], [ 120.197954, 23.017133 ], [ 120.197919, 23.017152 ], [ 120.197448, 23.016874 ], [ 120.197418, 23.016822 ], [ 120.197459, 23.016414 ] ] ] } },
{ "type": "Feature", "properties": { "park_id": 459.0, "park_name": "大港公園", "district": "北區", "village": "大港里", "heat_risk": 40.0092486906304, "heat_rank": 430.0, "comb_pct": 59.9907513093696, "tree_pct": 59.9907513093696, "bldg_pct": 0.0, "med_inc_k": 490.0, "pop_0_12": 363.0, "risk_class": 1 }, "geometry": { "type": "Polygon", "coordinates": [ [ [ 120.187983, 23.012636 ], [ 120.188057, 23.012094 ], [ 120.188402, 23.012122 ], [ 120.18844, 23.012165 ], [ 120.188381, 23.012778 ], [ 120.187983, 23.012636 ] ] ] } },
{ "type": "Feature", "properties": { "park_id": 460.0, "park_name": "大和公園", "district": "北區", "village": "大和里", "heat_risk": 51.131081393504999, "heat_rank": 365.0, "comb_pct": 48.868918606495001, "tree_pct": 48.842349464816301, "bldg_pct": 0.026569141678728401, "med_inc_k": 484.0, "pop_0_12": 269.0, "risk_class": 2 }, "geometry": { "type": "Polygon", "coordinates": [ [ [ 120.189059, 23.015571 ], [ 120.189399, 23.015082 ], [ 120.189954, 23.01527 ], [ 120.189532, 23.015884 ], [ 120.189059, 23.015571 ] ] ] } },
{ "type": "Feature", "properties": { "park_id": 461.0, "park_name": "光賢公園", "district": "中西區", "village": "光賢里", "heat_risk": 41.567052061408901, "heat_rank": 421.0, "comb_pct": 58.432947938591099, "tree_pct": 58.432947938591099, "bldg_pct": 0.0, "med_inc_k": 574.0, "pop_0_12": 229.0, "risk_class": 1 }, "geometry": { "type": "Polygon", "coordinates": [ [ [ 120.189958, 23.004834 ], [ 120.189947, 23.004869 ], [ 120.189116, 23.005265 ], [ 120.189082, 23.005236 ], [ 120.189179, 23.004595 ], [ 120.189223, 23.004562 ], [ 120.18982, 23.004617 ], [ 120.18986, 23.004645 ], [ 120.189958, 23.004834 ] ] ] } },
{ "type": "Feature", "properties": { "park_id": 462.0, "park_name": "元昌公園", "district": "北區", "village": "元美里", "heat_risk": 47.423055432505201, "heat_rank": 388.0, "comb_pct": 52.576944567494799, "tree_pct": 52.576944567494799, "bldg_pct": 0.0, "med_inc_k": 654.0, "pop_0_12": 332.0, "risk_class": 1 }, "geometry": { "type": "Polygon", "coordinates": [ [ [ 120.197139, 23.011264 ], [ 120.196992, 23.011641 ], [ 120.196953, 23.011667 ], [ 120.196324, 23.01162 ], [ 120.196298, 23.011592 ], [ 120.1963, 23.010971 ], [ 120.196329, 23.010938 ], [ 120.197128, 23.011225 ], [ 120.197139, 23.011264 ] ] ] } },
{ "type": "Feature", "properties": { "park_id": 463.0, "park_name": "慶平公園", "district": "安平區", "village": "建平里", "heat_risk": 61.045074478792003, "heat_rank": 300.0, "comb_pct": 38.954925521208096, "tree_pct": 38.954925521207997, "bldg_pct": 0.0, "med_inc_k": 601.0, "pop_0_12": 752.0, "risk_class": 2 }, "geometry": { "type": "Polygon", "coordinates": [ [ [ 120.180391, 22.995269 ], [ 120.180502, 22.99533 ], [ 120.180696, 22.996947 ], [ 120.179637, 22.996929 ], [ 120.179351, 22.996862 ], [ 120.179173, 22.995434 ], [ 120.180391, 22.995269 ] ] ] } },
{ "type": "Feature", "properties": { "park_id": 464.0, "park_name": "西湖公園", "district": "中西區", "village": "西湖里", "heat_risk": 37.1200153999131, "heat_rank": 443.0, "comb_pct": 62.8799846000869, "tree_pct": 62.8799846000869, "bldg_pct": 0.0, "med_inc_k": 694.0, "pop_0_12": 617.0, "risk_class": 1 }, "geometry": { "type": "Polygon", "coordinates": [ [ [ 120.184672, 22.999266 ], [ 120.184641, 22.999966 ], [ 120.184599, 22.999996 ], [ 120.18369, 22.999966 ], [ 120.183651, 22.999938 ], [ 120.183672, 22.999265 ], [ 120.183714, 22.999237 ], [ 120.18464, 22.999239 ], [ 120.184672, 22.999266 ] ] ] } },
{ "type": "Feature", "properties": { "park_id": 465.0, "park_name": "六甲多功能運動公園", "district": "六甲區", "village": "二甲里", "heat_risk": 91.442673840891104, "heat_rank": 118.0, "comb_pct": 8.5573261591088592, "tree_pct": 8.5573261591088592, "bldg_pct": 0.0, "med_inc_k": 477.0, "pop_0_12": 375.0, "risk_class": 4 }, "geometry": { "type": "Polygon", "coordinates": [ [ [ 120.343842, 23.232018 ], [ 120.34241, 23.232343 ], [ 120.342205, 23.232379 ], [ 120.341889, 23.231101 ], [ 120.343823, 23.230642 ], [ 120.344127, 23.23167 ], [ 120.34378, 23.231764 ], [ 120.343842, 23.232018 ] ] ] } },
{ "type": "Feature", "properties": { "park_id": 466.0, "park_name": "成德公園", "district": "北區", "village": "福德里", "heat_risk": 37.864654249060003, "heat_rank": 440.0, "comb_pct": 62.135345750939997, "tree_pct": 62.135345750939997, "bldg_pct": 0.0, "med_inc_k": 939.0, "pop_0_12": 1155.0, "risk_class": 1 }, "geometry": { "type": "Polygon", "coordinates": [ [ [ 120.207736, 23.013846 ], [ 120.207808, 23.013891 ], [ 120.207962, 23.014335 ], [ 120.207908, 23.014397 ], [ 120.206693, 23.014436 ], [ 120.206681, 23.013957 ], [ 120.207736, 23.013846 ] ] ] } },
{ "type": "Feature", "properties": { "park_id": 467.0, "park_name": "希望公園", "district": "北區", "village": "福德里", "heat_risk": 33.261042549591401, "heat_rank": 455.0, "comb_pct": 66.738957450408606, "tree_pct": 66.738957450408606, "bldg_pct": 0.0, "med_inc_k": 939.0, "pop_0_12": 1155.0, "risk_class": 1 }, "geometry": { "type": "Polygon", "coordinates": [ [ [ 120.205087, 23.013884 ], [ 120.204274, 23.013923 ], [ 120.204234, 23.013879 ], [ 120.204241, 23.013173 ], [ 120.204288, 23.013147 ], [ 120.205054, 23.013096 ], [ 120.205105, 23.013119 ], [ 120.205124, 23.013857 ], [ 120.205087, 23.013884 ] ] ] } },
{ "type": "Feature", "properties": { "park_id": 468.0, "park_name": "連雅堂紀念公園", "district": "北區", "village": "立人里", "heat_risk": 42.377071019988698, "heat_rank": 416.0, "comb_pct": 57.622928980011302, "tree_pct": 57.622928980011302, "bldg_pct": 0.0, "med_inc_k": 485.0, "pop_0_12": 288.0, "risk_class": 1 }, "geometry": { "type": "Polygon", "coordinates": [ [ [ 120.198533, 23.003286 ], [ 120.198463, 23.003194 ], [ 120.198365, 23.002968 ], [ 120.198391, 23.002918 ], [ 120.199383, 23.00257 ], [ 120.199892, 23.003754 ], [ 120.199876, 23.003772 ], [ 120.198533, 23.003286 ] ] ] } },
{ "type": "Feature", "properties": { "park_id": 469.0, "park_name": "烏橋公園(兒公5)", "district": "安平區", "village": "建平里", "heat_risk": 75.579858313469401, "heat_rank": 223.0, "comb_pct": 24.420141686530599, "tree_pct": 24.420141686530599, "bldg_pct": 0.0, "med_inc_k": 601.0, "pop_0_12": 752.0, "risk_class": 3 }, "geometry": { "type": "Polygon", "coordinates": [ [ [ 120.185865, 22.99201 ], [ 120.185763, 22.991277 ], [ 120.186688, 22.991155 ], [ 120.186734, 22.991198 ], [ 120.18679, 22.991215 ], [ 120.18675, 22.991891 ], [ 120.18639, 22.991891 ], [ 120.186363, 22.991832 ], [ 120.186216, 22.991839 ], [ 120.186189, 22.991904 ], [ 120.185865, 22.99201 ] ] ] } },
{ "type": "Feature", "properties": { "park_id": 470.0, "park_name": "兒童公園", "district": "學甲區", "village": "仁得里", "heat_risk": 94.136440788374699, "heat_rank": 99.0, "comb_pct": 5.8635592116253301, "tree_pct": 5.8635592116253301, "bldg_pct": 0.0, "med_inc_k": 470.0, "pop_0_12": 306.0, "risk_class": 4 }, "geometry": { "type": "Polygon", "coordinates": [ [ [ 120.177717, 23.227925 ], [ 120.177889, 23.228534 ], [ 120.177568, 23.228606 ], [ 120.177382, 23.228007 ], [ 120.177717, 23.227925 ] ] ] } },
{ "type": "Feature", "properties": { "park_id": 471.0, "park_name": "華宗紀念公園", "district": "學甲區", "village": "仁得里", "heat_risk": 60.427272550269599, "heat_rank": 304.0, "comb_pct": 39.572727449730401, "tree_pct": 39.572727449730401, "bldg_pct": 0.0, "med_inc_k": 470.0, "pop_0_12": 306.0, "risk_class": 2 }, "geometry": { "type": "Polygon", "coordinates": [ [ [ 120.181116, 23.229677 ], [ 120.181049, 23.22883 ], [ 120.181473, 23.228795 ], [ 120.181903, 23.228726 ], [ 120.18182, 23.229335 ], [ 120.181761, 23.229634 ], [ 120.181116, 23.229677 ] ] ] } },
{ "type": "Feature", "properties": { "park_id": 472.0, "park_name": "牛墟公園", "district": "善化區", "village": "南關里", "heat_risk": 77.739315687663805, "heat_rank": 213.0, "comb_pct": 22.260684312336199, "tree_pct": 22.260684312336199, "bldg_pct": 0.0, "med_inc_k": 538.0, "pop_0_12": 256.0, "risk_class": 3 }, "geometry": { "type": "Polygon", "coordinates": [ [ [ 120.287992, 23.129296 ], [ 120.288141, 23.128893 ], [ 120.288531, 23.129015 ], [ 120.288382, 23.129418 ], [ 120.287992, 23.129296 ] ] ] } },
{ "type": "Feature", "properties": { "park_id": 473.0, "park_name": "日新二號公園", "district": "南區", "village": "鹽埕里", "heat_risk": 28.569042308185701, "heat_rank": 464.0, "comb_pct": 71.430957691814299, "tree_pct": 71.430957691814299, "bldg_pct": 0.0, "med_inc_k": 419.0, "pop_0_12": 244.0, "risk_class": 1 }, "geometry": { "type": "Polygon", "coordinates": [ [ [ 120.189343, 22.974201 ], [ 120.18944, 22.97406 ], [ 120.189566, 22.973989 ], [ 120.189789, 22.974263 ], [ 120.189343, 22.974201 ] ] ] } },
{ "type": "Feature", "properties": { "park_id": 474.0, "park_name": "西港中央公園", "district": "西港區", "village": "慶安里", "heat_risk": 89.518146796597094, "heat_rank": 132.0, "comb_pct": 10.481853203402901, "tree_pct": 10.481853203402901, "bldg_pct": 0.0, "med_inc_k": 478.0, "pop_0_12": 475.0, "risk_class": 4 }, "geometry": { "type": "Polygon", "coordinates": [ [ [ 120.202182, 23.117252 ], [ 120.199646, 23.1172 ], [ 120.19971, 23.116711 ], [ 120.20232, 23.116641 ], [ 120.202182, 23.117252 ] ] ] } },
{ "type": "Feature", "properties": { "park_id": 475.0, "park_name": "二鎮森林公園", "district": "官田區", "village": "二鎮里", "heat_risk": 76.712849030329906, "heat_rank": 217.0, "comb_pct": 23.287150969670101, "tree_pct": 23.287150969670101, "bldg_pct": 0.0, "med_inc_k": 483.0, "pop_0_12": 286.0, "risk_class": 3 }, "geometry": { "type": "Polygon", "coordinates": [ [ [ 120.32427, 23.217383 ], [ 120.324617, 23.215686 ], [ 120.32491, 23.215614 ], [ 120.327491, 23.216286 ], [ 120.326959, 23.218066 ], [ 120.32427, 23.217383 ] ] ] } },
{ "type": "Feature", "properties": { "park_id": 476.0, "park_name": "武承恩公園", "district": "下營區", "village": "仁里里", "heat_risk": 82.635383041285905, "heat_rank": 178.0, "comb_pct": 17.364616958714102, "tree_pct": 17.364616958714102, "bldg_pct": 0.0, "med_inc_k": 467.0, "pop_0_12": 156.0, "risk_class": 4 }, "geometry": { "type": "Polygon", "coordinates": [ [ [ 120.261726, 23.231118 ], [ 120.262007, 23.230755 ], [ 120.262225, 23.230331 ], [ 120.26245, 23.22972 ], [ 120.262491, 23.229701 ], [ 120.262581, 23.229677 ], [ 120.262565, 23.229981 ], [ 120.262574, 23.230088 ], [ 120.262933, 23.230206 ], [ 120.262622, 23.230936 ], [ 120.262461, 23.231133 ], [ 120.262258, 23.231364 ], [ 120.26205, 23.231643 ], [ 120.261216, 23.233784 ], [ 120.260663, 23.233642 ], [ 120.260327, 23.233535 ], [ 120.260404, 23.232859 ], [ 120.260398, 23.232728 ], [ 120.260537, 23.232616 ], [ 120.260815, 23.232416 ], [ 120.260852, 23.232071 ], [ 120.261304, 23.231946 ], [ 120.261326, 23.231675 ], [ 120.261575, 23.231569 ], [ 120.261726, 23.231118 ] ] ] } },
{ "type": "Feature", "properties": { "park_id": 477.0, "park_name": "豐興公園", "district": "北區", "village": "東興里", "heat_risk": 29.936015404280301, "heat_rank": 459.0, "comb_pct": 70.063984595719702, "tree_pct": 70.063984595719702, "bldg_pct": 0.0, "med_inc_k": 550.0, "pop_0_12": 277.0, "risk_class": 1 }, "geometry": { "type": "Polygon", "coordinates": [ [ [ 120.228367, 23.001514 ], [ 120.228298, 23.001536 ], [ 120.227657, 23.001475 ], [ 120.227603, 23.001429 ], [ 120.227767, 23.001158 ], [ 120.228363, 23.001346 ], [ 120.228367, 23.001514 ] ] ] } },
{ "type": "Feature", "properties": { "park_id": 478.0, "park_name": "州北社區親子公園", "district": "安南區", "village": "州北里", "heat_risk": 45.785284111298502, "heat_rank": 400.0, "comb_pct": 54.214715888701498, "tree_pct": 54.214715888701498, "bldg_pct": 0.0, "med_inc_k": 477.0, "pop_0_12": 631.0, "risk_class": 1 }, "geometry": { "type": "Polygon", "coordinates": [ [ [ 120.215463, 23.067488 ], [ 120.215665, 23.067051 ], [ 120.216258, 23.067283 ], [ 120.216056, 23.06772 ], [ 120.215463, 23.067488 ] ] ] } },
{ "type": "Feature", "properties": { "park_id": 479.0, "park_name": "海東公園", "district": "安南區", "village": "海東里", "heat_risk": 95.511421771664601, "heat_rank": 89.0, "comb_pct": 4.4885782283354203, "tree_pct": 4.4885782283354203, "bldg_pct": 0.0, "med_inc_k": 497.0, "pop_0_12": 683.0, "risk_class": 5 }, "geometry": { "type": "Polygon", "coordinates": [ [ [ 120.18917, 23.03115 ], [ 120.189575, 23.031189 ], [ 120.189423, 23.031793 ], [ 120.189034, 23.031737 ], [ 120.18917, 23.03115 ] ] ] } },
{ "type": "Feature", "properties": { "park_id": 480.0, "park_name": "州南公園", "district": "安南區", "village": "州南里", "heat_risk": 42.8450725335261, "heat_rank": 414.0, "comb_pct": 57.1549274664739, "tree_pct": 57.1549274664739, "bldg_pct": 0.0, "med_inc_k": 521.0, "pop_0_12": 795.0, "risk_class": 1 }, "geometry": { "type": "Polygon", "coordinates": [ [ [ 120.216692, 23.062255 ], [ 120.216645, 23.062297 ], [ 120.215816, 23.062183 ], [ 120.21578, 23.062147 ], [ 120.215822, 23.061752 ], [ 120.215866, 23.061713 ], [ 120.216906, 23.061874 ], [ 120.216919, 23.061916 ], [ 120.216692, 23.062255 ] ] ] } },
{ "type": "Feature", "properties": { "park_id": 481.0, "park_name": "海德公園", "district": "安南區", "village": "海東里", "heat_risk": 72.593453280404802, "heat_rank": 243.0, "comb_pct": 27.406546719595202, "tree_pct": 27.406546719595202, "bldg_pct": 0.0, "med_inc_k": 497.0, "pop_0_12": 683.0, "risk_class": 3 }, "geometry": { "type": "Polygon", "coordinates": [ [ [ 120.188268, 23.032859 ], [ 120.188179, 23.033256 ], [ 120.187415, 23.033037 ], [ 120.187529, 23.0327 ], [ 120.188268, 23.032859 ] ] ] } },
{ "type": "Feature", "properties": { "park_id": 482.0, "park_name": "安通公園", "district": "安南區", "village": "海東里", "heat_risk": 83.842369896551602, "heat_rank": 169.0, "comb_pct": 16.157630103448401, "tree_pct": 16.157630103448401, "bldg_pct": 0.0, "med_inc_k": 497.0, "pop_0_12": 683.0, "risk_class": 4 }, "geometry": { "type": "Polygon", "coordinates": [ [ [ 120.187651, 23.029135 ], [ 120.189708, 23.029715 ], [ 120.189711, 23.029892 ], [ 120.187617, 23.029364 ], [ 120.187651, 23.029135 ] ] ] } },
{ "type": "Feature", "properties": { "park_id": 483.0, "park_name": "仁安公園", "district": "安南區", "village": "溪心里", "heat_risk": 61.2685902617824, "heat_rank": 298.0, "comb_pct": 38.7314097382176, "tree_pct": 38.505814473807497, "bldg_pct": 0.225595264410171, "med_inc_k": 493.0, "pop_0_12": 1206.0, "risk_class": 2 }, "geometry": { "type": "Polygon", "coordinates": [ [ [ 120.180498, 23.052986 ], [ 120.18117, 23.052225 ], [ 120.18155, 23.052333 ], [ 120.18153, 23.052544 ], [ 120.180877, 23.053276 ], [ 120.180498, 23.052986 ] ] ] } }
]
}
