{
"type": "FeatureCollection",
"name": "tree_shadows_1300",
"features": [
{ "type": "Feature", "properties": { "park_id": 1, "scenario": "2026-07-21 13:00:00 CST", "solar_alt": 77.169251761822295, "solar_az": 261.46828659721001, "canopy_min": 2.0 }, "geometry": { "type": "GeometryCollection", "geometries": [ { "type": "MultiPolygon", "coordinates": [ [ [ [ 120.17871, 23.16922 ], [ 120.17872, 23.16921 ], [ 120.17872, 23.16922 ], [ 120.17871, 23.16922 ] ] ], [ [ [ 120.17812, 23.16933 ], [ 120.17813, 23.1693 ], [ 120.17813, 23.16933 ], [ 120.17812, 23.16933 ] ] ], [ [ [ 120.17758, 23.16937 ], [ 120.17757, 23.16938 ], [ 120.17757, 23.16937 ], [ 120.17758, 23.16937 ] ] ], [ [ [ 120.17756, 23.1694 ], [ 120.17757, 23.16939 ], [ 120.17757, 23.1694 ], [ 120.17756, 23.1694 ] ] ], [ [ [ 120.17745, 23.16948 ], [ 120.17744, 23.16949 ], [ 120.17744, 23.16948 ], [ 120.17745, 23.16948 ] ] ], [ [ [ 120.17886, 23.16959 ], [ 120.17885, 23.1696 ], [ 120.17885, 23.16959 ], [ 120.17886, 23.16959 ] ] ], [ [ [ 120.17839, 23.16965 ], [ 120.17841, 23.16965 ], [ 120.17839, 23.16966 ], [ 120.17839, 23.16965 ] ] ], [ [ [ 120.17834, 23.16966 ], [ 120.17833, 23.16967 ], [ 120.17833, 23.16966 ], [ 120.17834, 23.16966 ] ] ] ] }, { "type": "MultiLineString", "coordinates": [ [ [ 120.17812, 23.16936 ], [ 120.17813, 23.16936 ] ], [ [ 120.17846, 23.16965 ], [ 120.17847, 23.16965 ] ], [ [ 120.17826, 23.16967 ], [ 120.17828, 23.16967 ] ], [ [ 120.17814, 23.16969 ], [ 120.17813, 23.16969 ] ], [ [ 120.17801, 23.16971 ], [ 120.178, 23.16971 ] ], [ [ 120.17795, 23.16972 ], [ 120.17794, 23.16972 ] ], [ [ 120.17788, 23.16972 ], [ 120.17787, 23.16973 ] ], [ [ 120.17862, 23.16843 ], [ 120.17862, 23.16844 ] ], [ [ 120.17868, 23.16874 ], [ 120.17868, 23.16873 ] ], [ [ 120.1788, 23.1696 ], [ 120.17879, 23.1696 ] ], [ [ 120.17873, 23.16961 ], [ 120.17872, 23.16961 ] ], [ [ 120.17867, 23.16962 ], [ 120.17866, 23.16962 ] ], [ [ 120.17859, 23.16963 ], [ 120.1786, 23.16963 ] ], [ [ 120.17852, 23.16964 ], [ 120.17854, 23.16964 ] ] ] }, { "type": "MultiPoint", "coordinates": [ [ 120.1786, 23.16835 ], [ 120.17861, 23.16839 ], [ 120.17865, 23.16856 ] ] } ] } },
{ "type": "Feature", "properties": { "park_id": 2, "scenario": "2026-07-21 13:00:00 CST", "solar_alt": 77.169251761822295, "solar_az": 261.46828659721001, "canopy_min": 2.0 }, "geometry": { "type": "GeometryCollection", "geometries": [ { "type": "MultiPolygon", "coordinates": [ [ [ [ 120.22198, 22.96874 ], [ 120.22198, 22.96867 ], [ 120.222, 22.96869 ], [ 120.22198, 22.96874 ] ] ], [ [ [ 120.22197, 22.96875 ], [ 120.22197, 22.96876 ], [ 120.22196, 22.96876 ], [ 120.22197, 22.96875 ] ] ], [ [ [ 120.22221, 22.9691 ], [ 120.22221, 22.96904 ], [ 120.22223, 22.96905 ], [ 120.22221, 22.9691 ] ] ], [ [ [ 120.22236, 22.96951 ], [ 120.22235, 22.96952 ], [ 120.22235, 22.96951 ], [ 120.22236, 22.96951 ] ] ], [ [ [ 120.22238, 22.97087 ], [ 120.22239, 22.97086 ], [ 120.22239, 22.97087 ], [ 120.22238, 22.97087 ] ] ] ] }, { "type": "Point", "coordinates": [ 120.22195, 22.9736 ] } ] } },
{ "type": "Feature", "properties": { "park_id": 3, "scenario": "2026-07-21 13:00:00 CST", "solar_alt": 77.169251761822295, "solar_az": 261.46828659721001, "canopy_min": 2.0 }, "geometry": { "type": "GeometryCollection", "geometries": [ { "type": "MultiPolygon", "coordinates": [ [ [ [ 120.22198, 22.96874 ], [ 120.22198, 22.96867 ], [ 120.222, 22.96869 ], [ 120.22198, 22.96874 ] ] ], [ [ [ 120.22197, 22.96875 ], [ 120.22197, 22.96876 ], [ 120.22196, 22.96876 ], [ 120.22197, 22.96875 ] ] ], [ [ [ 120.22221, 22.9691 ], [ 120.22221, 22.96904 ], [ 120.22223, 22.96905 ], [ 120.22221, 22.9691 ] ] ], [ [ [ 120.22236, 22.96951 ], [ 120.22235, 22.96952 ], [ 120.22235, 22.96951 ], [ 120.22236, 22.96951 ] ] ], [ [ [ 120.22238, 22.97087 ], [ 120.22239, 22.97086 ], [ 120.22239, 22.97087 ], [ 120.22238, 22.97087 ] ] ] ] }, { "type": "Point", "coordinates": [ 120.22195, 22.9736 ] } ] } },
{ "type": "Feature", "properties": { "park_id": 4, "scenario": "2026-07-21 13:00:00 CST", "solar_alt": 77.169251761822295, "solar_az": 261.46828659721001, "canopy_min": 2.0 }, "geometry": { "type": "GeometryCollection", "geometries": [ { "type": "Polygon", "coordinates": [ [ [ 120.18855, 22.97422 ], [ 120.18853, 22.97423 ], [ 120.18853, 22.97422 ], [ 120.18855, 22.97422 ] ] ] }, { "type": "Point", "coordinates": [ 120.18833, 22.97381 ] }, { "type": "Point", "coordinates": [ 120.18847, 22.97391 ] } ] } },
{ "type": "Feature", "properties": { "park_id": 6, "scenario": "2026-07-21 13:00:00 CST", "solar_alt": 77.169251761822295, "solar_az": 261.46828659721001, "canopy_min": 2.0 }, "geometry": { "type": "GeometryCollection", "geometries": [ { "type": "MultiPolygon", "coordinates": [ [ [ [ 120.22009, 22.98457 ], [ 120.22009, 22.98456 ], [ 120.2201, 22.98457 ], [ 120.22009, 22.98457 ] ] ], [ [ [ 120.2201, 22.9846 ], [ 120.2201, 22.98461 ], [ 120.22009, 22.9846 ], [ 120.2201, 22.9846 ] ] ] ] }, { "type": "MultiPoint", "coordinates": [ [ 120.22009, 22.98532 ], [ 120.22011, 22.98531 ], [ 120.22041, 22.98476 ], [ 120.22054, 22.9847 ] ] } ] } },
{ "type": "Feature", "properties": { "park_id": 10, "scenario": "2026-07-21 13:00:00 CST", "solar_alt": 77.169251761822295, "solar_az": 261.46828659721001, "canopy_min": 2.0 }, "geometry": { "type": "Point", "coordinates": [ 120.18269, 23.05117 ] } },
{ "type": "Feature", "properties": { "park_id": 12, "scenario": "2026-07-21 13:00:00 CST", "solar_alt": 77.169251761822295, "solar_az": 261.46828659721001, "canopy_min": 2.0 }, "geometry": { "type": "MultiPolygon", "coordinates": [ [ [ [ 120.18169, 23.04912 ], [ 120.18168, 23.04912 ], [ 120.18168, 23.04911 ], [ 120.18169, 23.04912 ] ] ], [ [ [ 120.18169, 23.04915 ], [ 120.18168, 23.04915 ], [ 120.18168, 23.04913 ], [ 120.18169, 23.04915 ] ] ] ] } },
{ "type": "Feature", "properties": { "park_id": 14, "scenario": "2026-07-21 13:00:00 CST", "solar_alt": 77.169251761822295, "solar_az": 261.46828659721001, "canopy_min": 2.0 }, "geometry": { "type": "Polygon", "coordinates": [ [ [ 120.21483, 23.05064 ], [ 120.21483, 23.05065 ], [ 120.21482, 23.05065 ], [ 120.21483, 23.05064 ] ] ] } },
{ "type": "Feature", "properties": { "park_id": 15, "scenario": "2026-07-21 13:00:00 CST", "solar_alt": 77.169251761822295, "solar_az": 261.46828659721001, "canopy_min": 2.0 }, "geometry": { "type": "Polygon", "coordinates": [ [ [ 120.21476, 23.05156 ], [ 120.21476, 23.05157 ], [ 120.21475, 23.05157 ], [ 120.21476, 23.05156 ] ] ] } },
{ "type": "Feature", "properties": { "park_id": 16, "scenario": "2026-07-21 13:00:00 CST", "solar_alt": 77.169251761822295, "solar_az": 261.46828659721001, "canopy_min": 2.0 }, "geometry": { "type": "MultiPolygon", "coordinates": [ [ [ [ 120.21444, 23.04455 ], [ 120.21444, 23.04454 ], [ 120.21445, 23.04454 ], [ 120.21444, 23.04455 ] ] ], [ [ [ 120.21457, 23.04471 ], [ 120.21457, 23.0447 ], [ 120.21458, 23.0447 ], [ 120.21457, 23.04471 ] ] ] ] } },
{ "type": "Feature", "properties": { "park_id": 21, "scenario": "2026-07-21 13:00:00 CST", "solar_alt": 77.169251761822295, "solar_az": 261.46828659721001, "canopy_min": 2.0 }, "geometry": { "type": "GeometryCollection", "geometries": [ { "type": "MultiPolygon", "coordinates": [ [ [ [ 120.18596, 22.99718 ], [ 120.18596, 22.99717 ], [ 120.18597, 22.99718 ], [ 120.18596, 22.99718 ] ] ], [ [ [ 120.18616, 22.99718 ], [ 120.18617, 22.99718 ], [ 120.18617, 22.99719 ], [ 120.18616, 22.99718 ] ] ], [ [ [ 120.18616, 22.9972 ], [ 120.18617, 22.9972 ], [ 120.18617, 22.99721 ], [ 120.18616, 22.9972 ] ] ] ] }, { "type": "MultiLineString", "coordinates": [ [ [ 120.18356, 22.99757 ], [ 120.18357, 22.99757 ] ], [ [ 120.1794, 22.99756 ], [ 120.17941, 22.99756 ] ], [ [ 120.1806, 22.99775 ], [ 120.18061, 22.99775 ] ], [ [ 120.18045, 22.99776 ], [ 120.18046, 22.99776 ] ] ] } ] } },
{ "type": "Feature", "properties": { "park_id": 22, "scenario": "2026-07-21 13:00:00 CST", "solar_alt": 77.169251761822295, "solar_az": 261.46828659721001, "canopy_min": 2.0 }, "geometry": { "type": "GeometryCollection", "geometries": [ { "type": "MultiPolygon", "coordinates": [ [ [ [ 120.17408, 22.9971 ], [ 120.17408, 22.99711 ], [ 120.17407, 22.99711 ], [ 120.17408, 22.9971 ] ] ], [ [ [ 120.17393, 22.99722 ], [ 120.17393, 22.99719 ], [ 120.17394, 22.99722 ], [ 120.17393, 22.99722 ] ] ] ] }, { "type": "Point", "coordinates": [ 120.17509, 22.99729 ] } ] } },
{ "type": "Feature", "properties": { "park_id": 24, "scenario": "2026-07-21 13:00:00 CST", "solar_alt": 77.169251761822295, "solar_az": 261.46828659721001, "canopy_min": 2.0 }, "geometry": { "type": "GeometryCollection", "geometries": [ { "type": "Polygon", "coordinates": [ [ [ 120.15971, 23.00182 ], [ 120.1597, 23.0018 ], [ 120.15971, 23.0018 ], [ 120.15971, 23.00182 ] ] ] }, { "type": "Point", "coordinates": [ 120.15968, 23.00178 ] } ] } },
{ "type": "Feature", "properties": { "park_id": 25, "scenario": "2026-07-21 13:00:00 CST", "solar_alt": 77.169251761822295, "solar_az": 261.46828659721001, "canopy_min": 2.0 }, "geometry": { "type": "GeometryCollection", "geometries": [ { "type": "MultiPolygon", "coordinates": [ [ [ [ 120.1644, 22.99772 ], [ 120.16441, 22.99772 ], [ 120.16441, 22.99773 ], [ 120.1644, 22.99772 ] ] ], [ [ [ 120.16513, 22.99775 ], [ 120.16513, 22.99774 ], [ 120.16514, 22.99774 ], [ 120.16513, 22.99775 ] ] ], [ [ [ 120.16707, 22.99789 ], [ 120.16706, 22.99789 ], [ 120.16706, 22.99787 ], [ 120.16707, 22.99789 ] ] ], [ [ [ 120.16717, 22.99792 ], [ 120.16716, 22.99792 ], [ 120.16716, 22.99788 ], [ 120.16717, 22.99792 ] ] ] ] }, { "type": "MultiLineString", "coordinates": [ [ [ 120.16525, 22.99775 ], [ 120.16526, 22.99775 ] ], [ [ 120.16529, 22.99776 ], [ 120.1653, 22.99776 ] ], [ [ 120.16582, 22.99779 ], [ 120.16583, 22.99779 ] ], [ [ 120.16612, 22.99781 ], [ 120.16613, 22.99781 ] ], [ [ 120.16627, 22.99782 ], [ 120.16628, 22.99782 ] ] ] } ] } },
{ "type": "Feature", "properties": { "park_id": 29, "scenario": "2026-07-21 13:00:00 CST", "solar_alt": 77.169251761822295, "solar_az": 261.46828659721001, "canopy_min": 2.0 }, "geometry": { "type": "GeometryCollection", "geometries": [ { "type": "MultiPolygon", "coordinates": [ [ [ [ 120.26953, 23.3173 ], [ 120.26952, 23.31731 ], [ 120.26952, 23.3173 ], [ 120.26953, 23.3173 ] ] ], [ [ [ 120.27085, 23.31789 ], [ 120.27085, 23.31788 ], [ 120.27087, 23.31789 ], [ 120.27085, 23.31789 ] ] ] ] }, { "type": "GeometryCollection", "geometries": [ { "type": "Point", "coordinates": [ 120.26818, 23.31709 ] }, { "type": "LineString", "coordinates": [ [ 120.26821, 23.31709 ], [ 120.26821, 23.3171 ] ] }, { "type": "LineString", "coordinates": [ [ 120.26847, 23.31712 ], [ 120.26848, 23.31712 ] ] }, { "type": "LineString", "coordinates": [ [ 120.26966, 23.31719 ], [ 120.26966, 23.31718 ] ] }, { "type": "LineString", "coordinates": [ [ 120.26959, 23.31724 ], [ 120.2696, 23.31724 ] ] }, { "type": "LineString", "coordinates": [ [ 120.26951, 23.31733 ], [ 120.26952, 23.31733 ] ] }, { "type": "LineString", "coordinates": [ [ 120.26971, 23.31713 ], [ 120.26971, 23.31712 ] ] } ] }, { "type": "MultiPoint", "coordinates": [ [ 120.26849, 23.31821 ], [ 120.26852, 23.3182 ], [ 120.26958, 23.31725 ], [ 120.26965, 23.31719 ], [ 120.26967, 23.31718 ], [ 120.26969, 23.31716 ], [ 120.2697, 23.31714 ], [ 120.26974, 23.31708 ], [ 120.26975, 23.31706 ], [ 120.26979, 23.317 ], [ 120.2698, 23.31698 ], [ 120.26985, 23.3169 ] ] } ] } },
{ "type": "Feature", "properties": { "park_id": 35, "scenario": "2026-07-21 13:00:00 CST", "solar_alt": 77.169251761822295, "solar_az": 261.46828659721001, "canopy_min": 2.0 }, "geometry": { "type": "MultiPolygon", "coordinates": [ [ [ [ 120.22451, 23.01258 ], [ 120.2245, 23.01258 ], [ 120.2245, 23.01257 ], [ 120.22451, 23.01258 ] ] ], [ [ [ 120.22417, 23.01298 ], [ 120.22418, 23.01298 ], [ 120.22418, 23.01301 ], [ 120.22417, 23.01298 ] ] ], [ [ [ 120.22417, 23.01303 ], [ 120.22418, 23.01303 ], [ 120.22418, 23.01304 ], [ 120.22417, 23.01303 ] ] ] ] } },
{ "type": "Feature", "properties": { "park_id": 36, "scenario": "2026-07-21 13:00:00 CST", "solar_alt": 77.169251761822295, "solar_az": 261.46828659721001, "canopy_min": 2.0 }, "geometry": { "type": "Polygon", "coordinates": [ [ [ 120.22448, 23.01353 ], [ 120.22448, 23.01351 ], [ 120.22449, 23.01351 ], [ 120.22448, 23.01353 ] ] ] } },
{ "type": "Feature", "properties": { "park_id": 38, "scenario": "2026-07-21 13:00:00 CST", "solar_alt": 77.169251761822295, "solar_az": 261.46828659721001, "canopy_min": 2.0 }, "geometry": { "type": "GeometryCollection", "geometries": [ { "type": "MultiPolygon", "coordinates": [ [ [ [ 120.18816, 23.00117 ], [ 120.18816, 23.0012 ], [ 120.18815, 23.00117 ], [ 120.18816, 23.00117 ] ] ], [ [ [ 120.18846, 23.00144 ], [ 120.18847, 23.00145 ], [ 120.18846, 23.00145 ], [ 120.18846, 23.00144 ] ] ] ] }, { "type": "GeometryCollection", "geometries": [ { "type": "Point", "coordinates": [ 120.18817, 23.00108 ] }, { "type": "LineString", "coordinates": [ [ 120.18819, 23.00111 ], [ 120.18819, 23.0011 ] ] }, { "type": "LineString", "coordinates": [ [ 120.18843, 23.00141 ], [ 120.18843, 23.0014 ] ] }, { "type": "LineString", "coordinates": [ [ 120.18852, 23.0016 ], [ 120.18853, 23.0016 ] ] } ] }, { "type": "MultiPoint", "coordinates": [ [ 120.18834, 23.0013 ], [ 120.18837, 23.00133 ] ] } ] } },
{ "type": "Feature", "properties": { "park_id": 39, "scenario": "2026-07-21 13:00:00 CST", "solar_alt": 77.169251761822295, "solar_az": 261.46828659721001, "canopy_min": 2.0 }, "geometry": { "type": "MultiPolygon", "coordinates": [ [ [ [ 120.19586, 23.01245 ], [ 120.19584, 23.01244 ], [ 120.19584, 23.01243 ], [ 120.19586, 23.01245 ] ] ], [ [ [ 120.19586, 23.01254 ], [ 120.19587, 23.01254 ], [ 120.19587, 23.01255 ], [ 120.19586, 23.01254 ] ] ], [ [ [ 120.19589, 23.01254 ], [ 120.1959, 23.01254 ], [ 120.1959, 23.01255 ], [ 120.19589, 23.01254 ] ] ], [ [ [ 120.19588, 23.01256 ], [ 120.1959, 23.01256 ], [ 120.1959, 23.01257 ], [ 120.19588, 23.01256 ] ] ] ] } },
{ "type": "Feature", "properties": { "park_id": 41, "scenario": "2026-07-21 13:00:00 CST", "solar_alt": 77.169251761822295, "solar_az": 261.46828659721001, "canopy_min": 2.0 }, "geometry": { "type": "GeometryCollection", "geometries": [ { "type": "LineString", "coordinates": [ [ 120.20653, 23.02061 ], [ 120.20653, 23.02062 ] ] }, { "type": "Point", "coordinates": [ 120.20654, 23.02058 ] } ] } },
{ "type": "Feature", "properties": { "park_id": 45, "scenario": "2026-07-21 13:00:00 CST", "solar_alt": 77.169251761822295, "solar_az": 261.46828659721001, "canopy_min": 2.0 }, "geometry": { "type": "MultiPolygon", "coordinates": [ [ [ [ 120.16213, 22.98606 ], [ 120.16214, 22.98606 ], [ 120.16214, 22.98607 ], [ 120.16213, 22.98606 ] ] ], [ [ [ 120.16215, 22.98608 ], [ 120.16215, 22.98611 ], [ 120.16213, 22.98611 ], [ 120.16215, 22.98608 ] ] ], [ [ [ 120.16302, 22.98637 ], [ 120.16302, 22.98639 ], [ 120.16301, 22.98639 ], [ 120.16302, 22.98637 ] ] ], [ [ [ 120.16303, 22.98643 ], [ 120.16303, 22.98642 ], [ 120.16304, 22.98642 ], [ 120.16303, 22.98643 ] ] ], [ [ [ 120.16304, 22.98644 ], [ 120.16305, 22.98644 ], [ 120.16304, 22.98648 ], [ 120.16304, 22.98644 ] ] ], [ [ [ 120.16302, 22.98647 ], [ 120.16302, 22.98648 ], [ 120.16301, 22.98648 ], [ 120.16302, 22.98647 ] ] ] ] } },
{ "type": "Feature", "properties": { "park_id": 47, "scenario": "2026-07-21 13:00:00 CST", "solar_alt": 77.169251761822295, "solar_az": 261.46828659721001, "canopy_min": 2.0 }, "geometry": { "type": "GeometryCollection", "geometries": [ { "type": "Polygon", "coordinates": [ [ [ 120.19569, 23.04114 ], [ 120.19568, 23.04113 ], [ 120.19569, 23.04113 ], [ 120.19569, 23.04114 ] ] ] }, { "type": "Point", "coordinates": [ 120.19549, 23.04143 ] } ] } },
{ "type": "Feature", "properties": { "park_id": 49, "scenario": "2026-07-21 13:00:00 CST", "solar_alt": 77.169251761822295, "solar_az": 261.46828659721001, "canopy_min": 2.0 }, "geometry": { "type": "GeometryCollection", "geometries": [ { "type": "LineString", "coordinates": [ [ 120.1987, 23.0426 ], [ 120.1987, 23.04262 ] ] }, { "type": "Point", "coordinates": [ 120.19791, 23.04188 ] } ] } },
{ "type": "Feature", "properties": { "park_id": 53, "scenario": "2026-07-21 13:00:00 CST", "solar_alt": 77.169251761822295, "solar_az": 261.46828659721001, "canopy_min": 2.0 }, "geometry": { "type": "GeometryCollection", "geometries": [ { "type": "Point", "coordinates": [ 120.28136, 22.92153 ] }, { "type": "MultiPoint", "coordinates": [ [ 120.28147, 22.92178 ], [ 120.28148, 22.92181 ], [ 120.28155, 22.92197 ] ] } ] } },
{ "type": "Feature", "properties": { "park_id": 61, "scenario": "2026-07-21 13:00:00 CST", "solar_alt": 77.169251761822295, "solar_az": 261.46828659721001, "canopy_min": 2.0 }, "geometry": { "type": "Polygon", "coordinates": [ [ [ 120.21982, 23.01328 ], [ 120.21982, 23.01332 ], [ 120.21981, 23.01332 ], [ 120.21982, 23.01328 ] ] ] } },
{ "type": "Feature", "properties": { "park_id": 62, "scenario": "2026-07-21 13:00:00 CST", "solar_alt": 77.169251761822295, "solar_az": 261.46828659721001, "canopy_min": 2.0 }, "geometry": { "type": "GeometryCollection", "geometries": [ { "type": "LineString", "coordinates": [ [ 120.20732, 23.03655 ], [ 120.20731, 23.03655 ] ] }, { "type": "LineString", "coordinates": [ [ 120.20824, 23.0366 ], [ 120.20824, 23.03659 ] ] }, { "type": "Point", "coordinates": [ 120.20818, 23.03654 ] } ] } },
{ "type": "Feature", "properties": { "park_id": 64, "scenario": "2026-07-21 13:00:00 CST", "solar_alt": 77.169251761822295, "solar_az": 261.46828659721001, "canopy_min": 2.0 }, "geometry": { "type": "GeometryCollection", "geometries": [ { "type": "Point", "coordinates": [ 120.20468, 23.03758 ] }, { "type": "Point", "coordinates": [ 120.20465, 23.0376 ] } ] } },
{ "type": "Feature", "properties": { "park_id": 66, "scenario": "2026-07-21 13:00:00 CST", "solar_alt": 77.169251761822295, "solar_az": 261.46828659721001, "canopy_min": 2.0 }, "geometry": { "type": "GeometryCollection", "geometries": [ { "type": "Point", "coordinates": [ 120.20568, 23.03252 ] }, { "type": "Point", "coordinates": [ 120.20574, 23.03253 ] } ] } },
{ "type": "Feature", "properties": { "park_id": 67, "scenario": "2026-07-21 13:00:00 CST", "solar_alt": 77.169251761822295, "solar_az": 261.46828659721001, "canopy_min": 2.0 }, "geometry": { "type": "Point", "coordinates": [ 120.20912, 23.0334 ] } },
{ "type": "Feature", "properties": { "park_id": 72, "scenario": "2026-07-21 13:00:00 CST", "solar_alt": 77.169251761822295, "solar_az": 261.46828659721001, "canopy_min": 2.0 }, "geometry": { "type": "GeometryCollection", "geometries": [ { "type": "Polygon", "coordinates": [ [ [ 120.24754, 23.0143 ], [ 120.24752, 23.0143 ], [ 120.24752, 23.01429 ], [ 120.24754, 23.0143 ] ] ] }, { "type": "GeometryCollection", "geometries": [ { "type": "Point", "coordinates": [ 120.2474, 23.01418 ] }, { "type": "LineString", "coordinates": [ [ 120.24741, 23.01419 ], [ 120.24741, 23.01418 ] ] } ] }, { "type": "MultiPoint", "coordinates": [ [ 120.24742, 23.01419 ], [ 120.24743, 23.0142 ] ] } ] } },
{ "type": "Feature", "properties": { "park_id": 73, "scenario": "2026-07-21 13:00:00 CST", "solar_alt": 77.169251761822295, "solar_az": 261.46828659721001, "canopy_min": 2.0 }, "geometry": { "type": "MultiPolygon", "coordinates": [ [ [ [ 120.22262, 22.98946 ], [ 120.22262, 22.98945 ], [ 120.22263, 22.98945 ], [ 120.22262, 22.98946 ] ] ], [ [ [ 120.22257, 22.98953 ], [ 120.22257, 22.98952 ], [ 120.22258, 22.98952 ], [ 120.22257, 22.98953 ] ] ] ] } },
{ "type": "Feature", "properties": { "park_id": 75, "scenario": "2026-07-21 13:00:00 CST", "solar_alt": 77.169251761822295, "solar_az": 261.46828659721001, "canopy_min": 2.0 }, "geometry": { "type": "MultiPolygon", "coordinates": [ [ [ [ 120.23004, 22.9745 ], [ 120.23004, 22.97448 ], [ 120.23006, 22.97449 ], [ 120.23004, 22.9745 ] ] ], [ [ [ 120.22994, 22.97456 ], [ 120.22993, 22.97461 ], [ 120.22991, 22.97457 ], [ 120.22994, 22.97456 ] ] ] ] } },
{ "type": "Feature", "properties": { "park_id": 76, "scenario": "2026-07-21 13:00:00 CST", "solar_alt": 77.169251761822295, "solar_az": 261.46828659721001, "canopy_min": 2.0 }, "geometry": { "type": "Polygon", "coordinates": [ [ [ 120.17872, 22.94229 ], [ 120.17873, 22.94229 ], [ 120.17873, 22.9423 ], [ 120.17872, 22.94229 ] ] ] } },
{ "type": "Feature", "properties": { "park_id": 77, "scenario": "2026-07-21 13:00:00 CST", "solar_alt": 77.169251761822295, "solar_az": 261.46828659721001, "canopy_min": 2.0 }, "geometry": { "type": "Polygon", "coordinates": [ [ [ 120.24325, 22.97693 ], [ 120.24325, 22.97692 ], [ 120.24326, 22.97692 ], [ 120.24325, 22.97693 ] ] ] } },
{ "type": "Feature", "properties": { "park_id": 84, "scenario": "2026-07-21 13:00:00 CST", "solar_alt": 77.169251761822295, "solar_az": 261.46828659721001, "canopy_min": 2.0 }, "geometry": { "type": "Polygon", "coordinates": [ [ [ 120.28465, 22.92711 ], [ 120.28464, 22.92711 ], [ 120.28464, 22.9271 ], [ 120.28465, 22.92711 ] ] ] } },
{ "type": "Feature", "properties": { "park_id": 86, "scenario": "2026-07-21 13:00:00 CST", "solar_alt": 77.169251761822295, "solar_az": 261.46828659721001, "canopy_min": 2.0 }, "geometry": { "type": "GeometryCollection", "geometries": [ { "type": "Point", "coordinates": [ 120.28955, 22.93201 ] }, { "type": "Point", "coordinates": [ 120.28954, 22.93202 ] } ] } },
{ "type": "Feature", "properties": { "park_id": 90, "scenario": "2026-07-21 13:00:00 CST", "solar_alt": 77.169251761822295, "solar_az": 261.46828659721001, "canopy_min": 2.0 }, "geometry": { "type": "GeometryCollection", "geometries": [ { "type": "Point", "coordinates": [ 120.24202, 22.97428 ] }, { "type": "MultiPoint", "coordinates": [ [ 120.24193, 22.97431 ], [ 120.24196, 22.9743 ], [ 120.24199, 22.97429 ] ] } ] } },
{ "type": "Feature", "properties": { "park_id": 91, "scenario": "2026-07-21 13:00:00 CST", "solar_alt": 77.169251761822295, "solar_az": 261.46828659721001, "canopy_min": 2.0 }, "geometry": { "type": "GeometryCollection", "geometries": [ { "type": "MultiPolygon", "coordinates": [ [ [ [ 120.17264, 23.15836 ], [ 120.17265, 23.15836 ], [ 120.17265, 23.15837 ], [ 120.17264, 23.15836 ] ] ], [ [ [ 120.17252, 23.15929 ], [ 120.17254, 23.15929 ], [ 120.17254, 23.1593 ], [ 120.17252, 23.15929 ] ] ], [ [ [ 120.17247, 23.16019 ], [ 120.17248, 23.16019 ], [ 120.17248, 23.16021 ], [ 120.17247, 23.16019 ] ] ], [ [ [ 120.1727, 23.16327 ], [ 120.17271, 23.16327 ], [ 120.17271, 23.16328 ], [ 120.1727, 23.16327 ] ] ] ] }, { "type": "MultiLineString", "coordinates": [ [ [ 120.17284, 23.15726 ], [ 120.17284, 23.15727 ] ], [ [ 120.17261, 23.15919 ], [ 120.17261, 23.15921 ] ], [ [ 120.17259, 23.15943 ], [ 120.17259, 23.15945 ] ], [ [ 120.17258, 23.16169 ], [ 120.17258, 23.16167 ] ], [ [ 120.1726, 23.16259 ], [ 120.1726, 23.1625 ] ], [ [ 120.17286, 23.15708 ], [ 120.17286, 23.15709 ] ] ] }, { "type": "MultiPoint", "coordinates": [ [ 120.17262, 23.15909 ], [ 120.17295, 23.15631 ], [ 120.17296, 23.15623 ], [ 120.17326, 23.16561 ], [ 120.17327, 23.16562 ], [ 120.17367, 23.16597 ], [ 120.17368, 23.16598 ], [ 120.17369, 23.16599 ], [ 120.1737, 23.166 ] ] } ] } },
{ "type": "Feature", "properties": { "park_id": 94, "scenario": "2026-07-21 13:00:00 CST", "solar_alt": 77.169251761822295, "solar_az": 261.46828659721001, "canopy_min": 2.0 }, "geometry": { "type": "GeometryCollection", "geometries": [ { "type": "MultiPolygon", "coordinates": [ [ [ [ 120.16919, 22.99497 ], [ 120.16918, 22.99497 ], [ 120.16918, 22.99496 ], [ 120.16919, 22.99497 ] ] ], [ [ [ 120.16922, 22.99502 ], [ 120.16923, 22.99502 ], [ 120.16923, 22.99504 ], [ 120.16922, 22.99502 ] ] ], [ [ [ 120.16925, 22.99513 ], [ 120.16925, 22.99512 ], [ 120.16926, 22.99512 ], [ 120.16925, 22.99513 ] ] ] ] }, { "type": "Point", "coordinates": [ 120.16858, 22.99548 ] } ] } },
{ "type": "Feature", "properties": { "park_id": 99, "scenario": "2026-07-21 13:00:00 CST", "solar_alt": 77.169251761822295, "solar_az": 261.46828659721001, "canopy_min": 2.0 }, "geometry": { "type": "MultiLineString", "coordinates": [ [ [ 120.1854, 22.92859 ], [ 120.18541, 22.92859 ] ], [ [ 120.18573, 22.92866 ], [ 120.18572, 22.92866 ] ], [ [ 120.18577, 22.92867 ], [ 120.18576, 22.92867 ] ] ] } },
{ "type": "Feature", "properties": { "park_id": 100, "scenario": "2026-07-21 13:00:00 CST", "solar_alt": 77.169251761822295, "solar_az": 261.46828659721001, "canopy_min": 2.0 }, "geometry": { "type": "MultiPolygon", "coordinates": [ [ [ [ 120.20112, 22.9774 ], [ 120.20112, 22.97741 ], [ 120.20111, 22.97741 ], [ 120.20112, 22.9774 ] ] ], [ [ [ 120.20079, 22.97774 ], [ 120.20079, 22.97773 ], [ 120.2008, 22.97773 ], [ 120.20079, 22.97774 ] ] ], [ [ [ 120.20078, 22.97797 ], [ 120.20078, 22.97796 ], [ 120.2008, 22.97796 ], [ 120.20078, 22.97797 ] ] ] ] } },
{ "type": "Feature", "properties": { "park_id": 105, "scenario": "2026-07-21 13:00:00 CST", "solar_alt": 77.169251761822295, "solar_az": 261.46828659721001, "canopy_min": 2.0 }, "geometry": { "type": "MultiPolygon", "coordinates": [ [ [ [ 120.23414, 23.02177 ], [ 120.23413, 23.02177 ], [ 120.23413, 23.02175 ], [ 120.23414, 23.02177 ] ] ], [ [ [ 120.23415, 23.02195 ], [ 120.23414, 23.02195 ], [ 120.23414, 23.02194 ], [ 120.23415, 23.02195 ] ] ] ] } },
{ "type": "Feature", "properties": { "park_id": 107, "scenario": "2026-07-21 13:00:00 CST", "solar_alt": 77.169251761822295, "solar_az": 261.46828659721001, "canopy_min": 2.0 }, "geometry": { "type": "MultiPolygon", "coordinates": [ [ [ [ 120.2155, 23.04676 ], [ 120.2155, 23.04674 ], [ 120.21551, 23.04674 ], [ 120.2155, 23.04676 ] ] ], [ [ [ 120.2155, 23.04681 ], [ 120.2155, 23.0468 ], [ 120.21551, 23.0468 ], [ 120.2155, 23.04681 ] ] ] ] } },
{ "type": "Feature", "properties": { "park_id": 108, "scenario": "2026-07-21 13:00:00 CST", "solar_alt": 77.169251761822295, "solar_az": 261.46828659721001, "canopy_min": 2.0 }, "geometry": { "type": "MultiPolygon", "coordinates": [ [ [ [ 120.2155, 23.04676 ], [ 120.2155, 23.04674 ], [ 120.21551, 23.04674 ], [ 120.2155, 23.04676 ] ] ], [ [ [ 120.2155, 23.04681 ], [ 120.2155, 23.0468 ], [ 120.21551, 23.0468 ], [ 120.2155, 23.04681 ] ] ] ] } },
{ "type": "Feature", "properties": { "park_id": 111, "scenario": "2026-07-21 13:00:00 CST", "solar_alt": 77.169251761822295, "solar_az": 261.46828659721001, "canopy_min": 2.0 }, "geometry": { "type": "MultiPolygon", "coordinates": [ [ [ [ 120.20329, 22.98618 ], [ 120.2033, 22.98618 ], [ 120.2033, 22.98619 ], [ 120.20329, 22.98618 ] ] ], [ [ [ 120.20314, 22.98629 ], [ 120.20315, 22.98629 ], [ 120.20315, 22.98631 ], [ 120.20314, 22.98629 ] ] ] ] } },
{ "type": "Feature", "properties": { "park_id": 112, "scenario": "2026-07-21 13:00:00 CST", "solar_alt": 77.169251761822295, "solar_az": 261.46828659721001, "canopy_min": 2.0 }, "geometry": { "type": "Polygon", "coordinates": [ [ [ 120.23689, 23.01976 ], [ 120.23688, 23.01976 ], [ 120.23688, 23.01972 ], [ 120.23689, 23.01976 ] ] ] } },
{ "type": "Feature", "properties": { "park_id": 113, "scenario": "2026-07-21 13:00:00 CST", "solar_alt": 77.169251761822295, "solar_az": 261.46828659721001, "canopy_min": 2.0 }, "geometry": { "type": "Polygon", "coordinates": [ [ [ 120.1815, 22.93338 ], [ 120.1815, 22.93337 ], [ 120.18151, 22.93337 ], [ 120.1815, 22.93338 ] ] ] } },
{ "type": "Feature", "properties": { "park_id": 114, "scenario": "2026-07-21 13:00:00 CST", "solar_alt": 77.169251761822295, "solar_az": 261.46828659721001, "canopy_min": 2.0 }, "geometry": { "type": "GeometryCollection", "geometries": [ { "type": "MultiPolygon", "coordinates": [ [ [ [ 120.15748, 22.99347 ], [ 120.15749, 22.99348 ], [ 120.15748, 22.99348 ], [ 120.15748, 22.99347 ] ] ], [ [ [ 120.15729, 22.99411 ], [ 120.1573, 22.9941 ], [ 120.1573, 22.99411 ], [ 120.15729, 22.99411 ] ] ], [ [ [ 120.1573, 22.99413 ], [ 120.15731, 22.99412 ], [ 120.15731, 22.99413 ], [ 120.1573, 22.99413 ] ] ], [ [ [ 120.15739, 22.99417 ], [ 120.1574, 22.99416 ], [ 120.1574, 22.99417 ], [ 120.15739, 22.99417 ] ] ], [ [ [ 120.1574, 22.99419 ], [ 120.15741, 22.99418 ], [ 120.15741, 22.99419 ], [ 120.1574, 22.99419 ] ] ], [ [ [ 120.16262, 22.99543 ], [ 120.16263, 22.99541 ], [ 120.16263, 22.99543 ], [ 120.16262, 22.99543 ] ] ], [ [ [ 120.16315, 22.99567 ], [ 120.16314, 22.99566 ], [ 120.16315, 22.99566 ], [ 120.16315, 22.99567 ] ] ], [ [ [ 120.16346, 22.99737 ], [ 120.16345, 22.9974 ], [ 120.16345, 22.99737 ], [ 120.16346, 22.99737 ] ] ] ] }, { "type": "MultiLineString", "coordinates": [ [ [ 120.15748, 22.99423 ], [ 120.15748, 22.99424 ] ], [ [ 120.15838, 22.99381 ], [ 120.15839, 22.99381 ] ], [ [ 120.15842, 22.99382 ], [ 120.15843, 22.99382 ] ], [ [ 120.15988, 22.99417 ], [ 120.15989, 22.99417 ] ] ] }, { "type": "MultiPoint", "coordinates": [ [ 120.15811, 22.99374 ], [ 120.15815, 22.99375 ], [ 120.15835, 22.9938 ], [ 120.15981, 22.99415 ], [ 120.15985, 22.99416 ] ] } ] } },
{ "type": "Feature", "properties": { "park_id": 115, "scenario": "2026-07-21 13:00:00 CST", "solar_alt": 77.169251761822295, "solar_az": 261.46828659721001, "canopy_min": 2.0 }, "geometry": { "type": "GeometryCollection", "geometries": [ { "type": "MultiPolygon", "coordinates": [ [ [ [ 120.15748, 22.99347 ], [ 120.15749, 22.99348 ], [ 120.15748, 22.99348 ], [ 120.15748, 22.99347 ] ] ], [ [ [ 120.15729, 22.99411 ], [ 120.1573, 22.9941 ], [ 120.1573, 22.99411 ], [ 120.15729, 22.99411 ] ] ], [ [ [ 120.1573, 22.99413 ], [ 120.15731, 22.99412 ], [ 120.15731, 22.99413 ], [ 120.1573, 22.99413 ] ] ], [ [ [ 120.15739, 22.99417 ], [ 120.1574, 22.99416 ], [ 120.1574, 22.99417 ], [ 120.15739, 22.99417 ] ] ], [ [ [ 120.1574, 22.99419 ], [ 120.15741, 22.99418 ], [ 120.15741, 22.99419 ], [ 120.1574, 22.99419 ] ] ], [ [ [ 120.16262, 22.99543 ], [ 120.16263, 22.99541 ], [ 120.16263, 22.99543 ], [ 120.16262, 22.99543 ] ] ], [ [ [ 120.16315, 22.99567 ], [ 120.16314, 22.99566 ], [ 120.16315, 22.99566 ], [ 120.16315, 22.99567 ] ] ], [ [ [ 120.16346, 22.99737 ], [ 120.16345, 22.9974 ], [ 120.16345, 22.99737 ], [ 120.16346, 22.99737 ] ] ] ] }, { "type": "MultiLineString", "coordinates": [ [ [ 120.15748, 22.99423 ], [ 120.15748, 22.99424 ] ], [ [ 120.15838, 22.99381 ], [ 120.15839, 22.99381 ] ], [ [ 120.15842, 22.99382 ], [ 120.15843, 22.99382 ] ], [ [ 120.15988, 22.99417 ], [ 120.15989, 22.99417 ] ] ] }, { "type": "MultiPoint", "coordinates": [ [ 120.15811, 22.99374 ], [ 120.15815, 22.99375 ], [ 120.15835, 22.9938 ], [ 120.15981, 22.99415 ], [ 120.15985, 22.99416 ] ] } ] } },
{ "type": "Feature", "properties": { "park_id": 119, "scenario": "2026-07-21 13:00:00 CST", "solar_alt": 77.169251761822295, "solar_az": 261.46828659721001, "canopy_min": 2.0 }, "geometry": { "type": "MultiPolygon", "coordinates": [ [ [ [ 120.26143, 22.97262 ], [ 120.26141, 22.97262 ], [ 120.26141, 22.97259 ], [ 120.26143, 22.97262 ] ] ], [ [ [ 120.26143, 22.97266 ], [ 120.26142, 22.97266 ], [ 120.26142, 22.97264 ], [ 120.26143, 22.97266 ] ] ] ] } },
{ "type": "Feature", "properties": { "park_id": 120, "scenario": "2026-07-21 13:00:00 CST", "solar_alt": 77.169251761822295, "solar_az": 261.46828659721001, "canopy_min": 2.0 }, "geometry": { "type": "MultiPolygon", "coordinates": [ [ [ [ 120.26148, 22.97137 ], [ 120.26148, 22.97136 ], [ 120.26149, 22.97136 ], [ 120.26148, 22.97137 ] ] ], [ [ [ 120.2615, 22.97151 ], [ 120.2615, 22.9715 ], [ 120.26151, 22.9715 ], [ 120.2615, 22.97151 ] ] ] ] } },
{ "type": "Feature", "properties": { "park_id": 121, "scenario": "2026-07-21 13:00:00 CST", "solar_alt": 77.169251761822295, "solar_az": 261.46828659721001, "canopy_min": 2.0 }, "geometry": { "type": "Point", "coordinates": [ 120.26195, 23.01164 ] } },
{ "type": "Feature", "properties": { "park_id": 122, "scenario": "2026-07-21 13:00:00 CST", "solar_alt": 77.169251761822295, "solar_az": 261.46828659721001, "canopy_min": 2.0 }, "geometry": { "type": "Polygon", "coordinates": [ [ [ 120.26054, 23.00768 ], [ 120.26053, 23.00762 ], [ 120.26055, 23.00763 ], [ 120.26054, 23.00768 ] ] ] } },
{ "type": "Feature", "properties": { "park_id": 125, "scenario": "2026-07-21 13:00:00 CST", "solar_alt": 77.169251761822295, "solar_az": 261.46828659721001, "canopy_min": 2.0 }, "geometry": { "type": "GeometryCollection", "geometries": [ { "type": "MultiPolygon", "coordinates": [ [ [ [ 120.23242, 22.9751 ], [ 120.23242, 22.97511 ], [ 120.23241, 22.9751 ], [ 120.23242, 22.9751 ] ] ], [ [ [ 120.23235, 22.97518 ], [ 120.23236, 22.97518 ], [ 120.23236, 22.97519 ], [ 120.23235, 22.97518 ] ] ], [ [ [ 120.2323, 22.97536 ], [ 120.23231, 22.97536 ], [ 120.23231, 22.97537 ], [ 120.2323, 22.97536 ] ] ] ] }, { "type": "LineString", "coordinates": [ [ 120.23235, 22.97517 ], [ 120.23236, 22.97517 ] ] } ] } },
{ "type": "Feature", "properties": { "park_id": 127, "scenario": "2026-07-21 13:00:00 CST", "solar_alt": 77.169251761822295, "solar_az": 261.46828659721001, "canopy_min": 2.0 }, "geometry": { "type": "Point", "coordinates": [ 120.23632, 22.9799 ] } },
{ "type": "Feature", "properties": { "park_id": 129, "scenario": "2026-07-21 13:00:00 CST", "solar_alt": 77.169251761822295, "solar_az": 261.46828659721001, "canopy_min": 2.0 }, "geometry": { "type": "Polygon", "coordinates": [ [ [ 120.25008, 23.19087 ], [ 120.25008, 23.19086 ], [ 120.25009, 23.19086 ], [ 120.25008, 23.19087 ] ] ] } },
{ "type": "Feature", "properties": { "park_id": 131, "scenario": "2026-07-21 13:00:00 CST", "solar_alt": 77.169251761822295, "solar_az": 261.46828659721001, "canopy_min": 2.0 }, "geometry": { "type": "MultiPolygon", "coordinates": [ [ [ [ 120.2232, 22.99662 ], [ 120.22321, 22.99662 ], [ 120.22321, 22.99666 ], [ 120.2232, 22.99662 ] ] ], [ [ [ 120.22318, 22.99666 ], [ 120.22319, 22.99666 ], [ 120.22319, 22.99667 ], [ 120.22318, 22.99666 ] ] ], [ [ [ 120.22321, 22.99682 ], [ 120.22321, 22.9968 ], [ 120.22322, 22.9968 ], [ 120.22321, 22.99682 ] ] ], [ [ [ 120.22324, 22.99683 ], [ 120.22323, 22.99688 ], [ 120.22322, 22.99688 ], [ 120.22324, 22.99683 ] ] ] ] } },
{ "type": "Feature", "properties": { "park_id": 136, "scenario": "2026-07-21 13:00:00 CST", "solar_alt": 77.169251761822295, "solar_az": 261.46828659721001, "canopy_min": 2.0 }, "geometry": { "type": "MultiPolygon", "coordinates": [ [ [ [ 120.16734, 22.98776 ], [ 120.16734, 22.98774 ], [ 120.16735, 22.98774 ], [ 120.16734, 22.98776 ] ] ], [ [ [ 120.16739, 22.9879 ], [ 120.16737, 22.98787 ], [ 120.16736, 22.98774 ], [ 120.16739, 22.9879 ] ] ], [ [ [ 120.16738, 22.98796 ], [ 120.16736, 22.98796 ], [ 120.16737, 22.9879 ], [ 120.16738, 22.98796 ] ] ] ] } },
{ "type": "Feature", "properties": { "park_id": 137, "scenario": "2026-07-21 13:00:00 CST", "solar_alt": 77.169251761822295, "solar_az": 261.46828659721001, "canopy_min": 2.0 }, "geometry": { "type": "GeometryCollection", "geometries": [ { "type": "MultiPolygon", "coordinates": [ [ [ [ 120.14555, 22.99901 ], [ 120.14554, 22.99903 ], [ 120.14554, 22.99901 ], [ 120.14555, 22.99901 ] ] ], [ [ [ 120.14505, 22.99904 ], [ 120.14506, 22.99904 ], [ 120.14505, 22.99908 ], [ 120.14505, 22.99904 ] ] ], [ [ [ 120.14557, 22.99908 ], [ 120.14558, 22.99908 ], [ 120.14557, 22.99909 ], [ 120.14557, 22.99908 ] ] ], [ [ [ 120.14538, 22.99909 ], [ 120.14539, 22.99909 ], [ 120.14538, 22.9991 ], [ 120.14538, 22.99909 ] ] ], [ [ [ 120.14557, 22.99909 ], [ 120.14558, 22.99909 ], [ 120.14557, 22.99912 ], [ 120.14557, 22.99909 ] ] ], [ [ [ 120.14539, 22.99911 ], [ 120.1454, 22.99911 ], [ 120.14539, 22.99915 ], [ 120.14539, 22.99911 ] ] ], [ [ [ 120.1458, 22.99961 ], [ 120.14581, 22.99961 ], [ 120.1458, 22.99962 ], [ 120.1458, 22.99961 ] ] ], [ [ [ 120.14675, 22.9995 ], [ 120.14673, 22.99948 ], [ 120.14675, 22.99947 ], [ 120.14675, 22.9995 ] ] ], [ [ [ 120.14717, 22.99949 ], [ 120.14719, 22.99949 ], [ 120.14717, 22.99953 ], [ 120.14717, 22.99949 ] ] ], [ [ [ 120.14731, 22.99951 ], [ 120.14732, 22.99951 ], [ 120.14731, 22.99952 ], [ 120.14731, 22.99951 ] ] ], [ [ [ 120.14736, 22.99957 ], [ 120.14736, 22.9996 ], [ 120.14734, 22.99959 ], [ 120.14736, 22.99957 ] ] ], [ [ [ 120.14613, 22.99966 ], [ 120.14614, 22.99966 ], [ 120.14613, 22.99967 ], [ 120.14613, 22.99966 ] ] ], [ [ [ 120.14708, 23.00023 ], [ 120.14709, 23.00023 ], [ 120.14708, 23.00024 ], [ 120.14708, 23.00023 ] ] ], [ [ [ 120.15098, 23.00063 ], [ 120.15098, 23.00067 ], [ 120.15096, 23.00066 ], [ 120.15098, 23.00063 ] ] ] ] }, { "type": "MultiPoint", "coordinates": [ [ 120.14588, 22.99907 ], [ 120.15441, 23.0025 ] ] } ] } },
{ "type": "Feature", "properties": { "park_id": 140, "scenario": "2026-07-21 13:00:00 CST", "solar_alt": 77.169251761822295, "solar_az": 261.46828659721001, "canopy_min": 2.0 }, "geometry": { "type": "Polygon", "coordinates": [ [ [ 120.19672, 22.96732 ], [ 120.19672, 22.96727 ], [ 120.19674, 22.96728 ], [ 120.19672, 22.96732 ] ] ] } },
{ "type": "Feature", "properties": { "park_id": 141, "scenario": "2026-07-21 13:00:00 CST", "solar_alt": 77.169251761822295, "solar_az": 261.46828659721001, "canopy_min": 2.0 }, "geometry": { "type": "MultiPolygon", "coordinates": [ [ [ [ 120.19712, 22.96778 ], [ 120.19711, 22.96778 ], [ 120.19711, 22.96777 ], [ 120.19712, 22.96778 ] ] ], [ [ [ 120.19713, 22.9678 ], [ 120.19712, 22.9678 ], [ 120.19712, 22.96779 ], [ 120.19713, 22.9678 ] ] ] ] } },
{ "type": "Feature", "properties": { "park_id": 144, "scenario": "2026-07-21 13:00:00 CST", "solar_alt": 77.169251761822295, "solar_az": 261.46828659721001, "canopy_min": 2.0 }, "geometry": { "type": "GeometryCollection", "geometries": [ { "type": "MultiPolygon", "coordinates": [ [ [ [ 120.22258, 22.98275 ], [ 120.22259, 22.98275 ], [ 120.22259, 22.98277 ], [ 120.22258, 22.98275 ] ] ], [ [ [ 120.2243, 22.983 ], [ 120.22429, 22.98301 ], [ 120.22429, 22.983 ], [ 120.2243, 22.983 ] ] ], [ [ [ 120.22349, 22.98364 ], [ 120.22348, 22.98363 ], [ 120.2235, 22.98363 ], [ 120.22349, 22.98364 ] ] ], [ [ [ 120.22352, 22.98365 ], [ 120.22352, 22.98367 ], [ 120.2235, 22.98367 ], [ 120.22352, 22.98365 ] ] ], [ [ [ 120.2234, 22.98367 ], [ 120.22339, 22.98368 ], [ 120.22339, 22.98367 ], [ 120.2234, 22.98367 ] ] ], [ [ [ 120.22353, 22.98367 ], [ 120.22356, 22.98373 ], [ 120.22354, 22.98373 ], [ 120.22353, 22.98367 ] ] ] ] }, { "type": "LineString", "coordinates": [ [ 120.22428, 22.98298 ], [ 120.22428, 22.98299 ] ] }, { "type": "Point", "coordinates": [ 120.22297, 22.9829 ] } ] } },
{ "type": "Feature", "properties": { "park_id": 145, "scenario": "2026-07-21 13:00:00 CST", "solar_alt": 77.169251761822295, "solar_az": 261.46828659721001, "canopy_min": 2.0 }, "geometry": { "type": "GeometryCollection", "geometries": [ { "type": "MultiPolygon", "coordinates": [ [ [ [ 120.22257, 22.98502 ], [ 120.22259, 22.98514 ], [ 120.22257, 22.9851 ], [ 120.22257, 22.98502 ] ] ], [ [ [ 120.22261, 22.98514 ], [ 120.22261, 22.98515 ], [ 120.2226, 22.98514 ], [ 120.22261, 22.98514 ] ] ] ] }, { "type": "LineString", "coordinates": [ [ 120.22261, 22.98511 ], [ 120.2226, 22.98511 ] ] }, { "type": "Point", "coordinates": [ 120.22261, 22.98513 ] } ] } },
{ "type": "Feature", "properties": { "park_id": 146, "scenario": "2026-07-21 13:00:00 CST", "solar_alt": 77.169251761822295, "solar_az": 261.46828659721001, "canopy_min": 2.0 }, "geometry": { "type": "MultiPolygon", "coordinates": [ [ [ [ 120.18144, 23.00411 ], [ 120.18145, 23.00411 ], [ 120.18145, 23.00412 ], [ 120.18144, 23.00411 ] ] ], [ [ [ 120.18144, 23.00413 ], [ 120.18145, 23.00413 ], [ 120.18145, 23.00415 ], [ 120.18144, 23.00413 ] ] ], [ [ [ 120.18144, 23.00418 ], [ 120.18144, 23.00417 ], [ 120.18145, 23.00417 ], [ 120.18144, 23.00418 ] ] ], [ [ [ 120.18171, 23.00418 ], [ 120.18171, 23.00417 ], [ 120.18172, 23.00417 ], [ 120.18171, 23.00418 ] ] ] ] } },
{ "type": "Feature", "properties": { "park_id": 150, "scenario": "2026-07-21 13:00:00 CST", "solar_alt": 77.169251761822295, "solar_az": 261.46828659721001, "canopy_min": 2.0 }, "geometry": { "type": "GeometryCollection", "geometries": [ { "type": "MultiLineString", "coordinates": [ [ [ 120.20891, 22.9675 ], [ 120.20889, 22.96753 ] ], [ [ 120.20887, 22.96758 ], [ 120.20887, 22.96757 ] ] ] }, { "type": "MultiPoint", "coordinates": [ [ 120.20888, 22.96756 ], [ 120.20889, 22.96754 ] ] } ] } },
{ "type": "Feature", "properties": { "park_id": 151, "scenario": "2026-07-21 13:00:00 CST", "solar_alt": 77.169251761822295, "solar_az": 261.46828659721001, "canopy_min": 2.0 }, "geometry": { "type": "GeometryCollection", "geometries": [ { "type": "MultiLineString", "coordinates": [ [ [ 120.20891, 22.9675 ], [ 120.20889, 22.96753 ] ], [ [ 120.20887, 22.96758 ], [ 120.20887, 22.96757 ] ] ] }, { "type": "MultiPoint", "coordinates": [ [ 120.20888, 22.96756 ], [ 120.20889, 22.96754 ] ] } ] } },
{ "type": "Feature", "properties": { "park_id": 152, "scenario": "2026-07-21 13:00:00 CST", "solar_alt": 77.169251761822295, "solar_az": 261.46828659721001, "canopy_min": 2.0 }, "geometry": { "type": "GeometryCollection", "geometries": [ { "type": "Polygon", "coordinates": [ [ [ 120.19031, 22.99556 ], [ 120.19032, 22.99555 ], [ 120.19032, 22.99556 ], [ 120.19031, 22.99556 ] ] ] }, { "type": "Point", "coordinates": [ 120.19142, 22.99531 ] } ] } },
{ "type": "Feature", "properties": { "park_id": 156, "scenario": "2026-07-21 13:00:00 CST", "solar_alt": 77.169251761822295, "solar_az": 261.46828659721001, "canopy_min": 2.0 }, "geometry": { "type": "GeometryCollection", "geometries": [ { "type": "MultiLineString", "coordinates": [ [ [ 120.34322, 22.95645 ], [ 120.34322, 22.95646 ] ], [ [ 120.34336, 22.95668 ], [ 120.34336, 22.95667 ] ], [ [ 120.34336, 22.95768 ], [ 120.34336, 22.95769 ] ] ] }, { "type": "Point", "coordinates": [ 120.34335, 22.9566 ] } ] } },
{ "type": "Feature", "properties": { "park_id": 158, "scenario": "2026-07-21 13:00:00 CST", "solar_alt": 77.169251761822295, "solar_az": 261.46828659721001, "canopy_min": 2.0 }, "geometry": { "type": "MultiPolygon", "coordinates": [ [ [ [ 120.23875, 22.97447 ], [ 120.23876, 22.97447 ], [ 120.23876, 22.97448 ], [ 120.23875, 22.97447 ] ] ], [ [ [ 120.23897, 22.97447 ], [ 120.23896, 22.9745 ], [ 120.23895, 22.9745 ], [ 120.23897, 22.97447 ] ] ], [ [ [ 120.23873, 22.97451 ], [ 120.23873, 22.97452 ], [ 120.23872, 22.97452 ], [ 120.23873, 22.97451 ] ] ], [ [ [ 120.23857, 22.97485 ], [ 120.23858, 22.97485 ], [ 120.23859, 22.97488 ], [ 120.23857, 22.97485 ] ] ], [ [ [ 120.23858, 22.9749 ], [ 120.23858, 22.97491 ], [ 120.23857, 22.97491 ], [ 120.23858, 22.9749 ] ] ], [ [ [ 120.23835, 22.97495 ], [ 120.23835, 22.97496 ], [ 120.23834, 22.97496 ], [ 120.23835, 22.97495 ] ] ] ] } },
{ "type": "Feature", "properties": { "park_id": 159, "scenario": "2026-07-21 13:00:00 CST", "solar_alt": 77.169251761822295, "solar_az": 261.46828659721001, "canopy_min": 2.0 }, "geometry": { "type": "GeometryCollection", "geometries": [ { "type": "MultiPolygon", "coordinates": [ [ [ [ 120.14561, 22.99172 ], [ 120.1456, 22.99174 ], [ 120.14558, 22.99174 ], [ 120.1456, 22.99171 ], [ 120.14561, 22.99172 ] ] ], [ [ [ 120.14481, 22.99251 ], [ 120.1448, 22.99249 ], [ 120.14481, 22.99249 ], [ 120.14481, 22.99251 ] ] ], [ [ [ 120.14477, 22.99262 ], [ 120.14479, 22.99263 ], [ 120.14476, 22.99265 ], [ 120.14477, 22.99262 ] ] ], [ [ [ 120.14467, 22.99269 ], [ 120.14467, 22.9927 ], [ 120.14466, 22.99269 ], [ 120.14467, 22.99269 ] ] ], [ [ [ 120.14446, 22.99291 ], [ 120.14446, 22.99292 ], [ 120.14445, 22.99291 ], [ 120.14446, 22.99291 ] ] ], [ [ [ 120.14347, 22.99382 ], [ 120.14346, 22.99381 ], [ 120.14347, 22.99381 ], [ 120.14347, 22.99382 ] ] ], [ [ [ 120.1465, 22.99026 ], [ 120.14651, 22.99032 ], [ 120.14649, 22.99026 ], [ 120.1465, 22.99026 ] ] ], [ [ [ 120.1465, 22.99039 ], [ 120.1465, 22.99044 ], [ 120.14649, 22.99038 ], [ 120.1465, 22.99039 ] ] ], [ [ [ 120.14649, 22.99075 ], [ 120.14649, 22.99076 ], [ 120.14649, 22.99077 ], [ 120.14648, 22.99076 ], [ 120.14649, 22.99075 ] ] ], [ [ [ 120.14564, 22.99168 ], [ 120.14564, 22.99169 ], [ 120.14563, 22.99168 ], [ 120.14564, 22.99168 ] ] ] ] }, { "type": "MultiLineString", "coordinates": [ [ [ 120.14648, 22.99076 ], [ 120.14649, 22.99076 ] ], [ [ 120.14488, 22.99256 ], [ 120.14489, 22.99256 ] ], [ [ 120.14488, 22.99257 ], [ 120.14487, 22.99257 ] ] ] }, { "type": "MultiPoint", "coordinates": [ [ 120.14298, 22.99435 ], [ 120.14299, 22.99434 ], [ 120.143, 22.99433 ] ] } ] } },
{ "type": "Feature", "properties": { "park_id": 160, "scenario": "2026-07-21 13:00:00 CST", "solar_alt": 77.169251761822295, "solar_az": 261.46828659721001, "canopy_min": 2.0 }, "geometry": { "type": "GeometryCollection", "geometries": [ { "type": "MultiPolygon", "coordinates": [ [ [ [ 120.14561, 22.99172 ], [ 120.1456, 22.99174 ], [ 120.14558, 22.99174 ], [ 120.1456, 22.99171 ], [ 120.14561, 22.99172 ] ] ], [ [ [ 120.14481, 22.99251 ], [ 120.1448, 22.99249 ], [ 120.14481, 22.99249 ], [ 120.14481, 22.99251 ] ] ], [ [ [ 120.14477, 22.99262 ], [ 120.14479, 22.99263 ], [ 120.14476, 22.99265 ], [ 120.14477, 22.99262 ] ] ], [ [ [ 120.14467, 22.99269 ], [ 120.14467, 22.9927 ], [ 120.14466, 22.99269 ], [ 120.14467, 22.99269 ] ] ], [ [ [ 120.14446, 22.99291 ], [ 120.14446, 22.99292 ], [ 120.14445, 22.99291 ], [ 120.14446, 22.99291 ] ] ], [ [ [ 120.14347, 22.99382 ], [ 120.14346, 22.99381 ], [ 120.14347, 22.99381 ], [ 120.14347, 22.99382 ] ] ], [ [ [ 120.1465, 22.99026 ], [ 120.14651, 22.99032 ], [ 120.14649, 22.99026 ], [ 120.1465, 22.99026 ] ] ], [ [ [ 120.1465, 22.99039 ], [ 120.1465, 22.99044 ], [ 120.14649, 22.99038 ], [ 120.1465, 22.99039 ] ] ], [ [ [ 120.14649, 22.99075 ], [ 120.14649, 22.99076 ], [ 120.14649, 22.99077 ], [ 120.14648, 22.99076 ], [ 120.14649, 22.99075 ] ] ], [ [ [ 120.14564, 22.99168 ], [ 120.14564, 22.99169 ], [ 120.14563, 22.99168 ], [ 120.14564, 22.99168 ] ] ] ] }, { "type": "MultiLineString", "coordinates": [ [ [ 120.14648, 22.99076 ], [ 120.14649, 22.99076 ] ], [ [ 120.14488, 22.99256 ], [ 120.14489, 22.99256 ] ], [ [ 120.14488, 22.99257 ], [ 120.14487, 22.99257 ] ] ] }, { "type": "MultiPoint", "coordinates": [ [ 120.14298, 22.99435 ], [ 120.14299, 22.99434 ], [ 120.143, 22.99433 ] ] } ] } },
{ "type": "Feature", "properties": { "park_id": 161, "scenario": "2026-07-21 13:00:00 CST", "solar_alt": 77.169251761822295, "solar_az": 261.46828659721001, "canopy_min": 2.0 }, "geometry": { "type": "GeometryCollection", "geometries": [ { "type": "Polygon", "coordinates": [ [ [ 120.1669, 22.98332 ], [ 120.16691, 22.98332 ], [ 120.1669, 22.98333 ], [ 120.1669, 22.98332 ] ] ] }, { "type": "MultiLineString", "coordinates": [ [ [ 120.16683, 22.98333 ], [ 120.16682, 22.98333 ] ], [ [ 120.16665, 22.98335 ], [ 120.16666, 22.98335 ] ] ] } ] } },
{ "type": "Feature", "properties": { "park_id": 166, "scenario": "2026-07-21 13:00:00 CST", "solar_alt": 77.169251761822295, "solar_az": 261.46828659721001, "canopy_min": 2.0 }, "geometry": { "type": "MultiPolygon", "coordinates": [ [ [ [ 120.20235, 23.00788 ], [ 120.20235, 23.00795 ], [ 120.20234, 23.00795 ], [ 120.20235, 23.00788 ] ] ], [ [ [ 120.20239, 23.00818 ], [ 120.20239, 23.00816 ], [ 120.2024, 23.00816 ], [ 120.20239, 23.00818 ] ] ], [ [ [ 120.20241, 23.0082 ], [ 120.20241, 23.00817 ], [ 120.20242, 23.00817 ], [ 120.20241, 23.0082 ] ] ], [ [ [ 120.20236, 23.00826 ], [ 120.20236, 23.00825 ], [ 120.20238, 23.00825 ], [ 120.20236, 23.00826 ] ] ] ] } },
{ "type": "Feature", "properties": { "park_id": 167, "scenario": "2026-07-21 13:00:00 CST", "solar_alt": 77.169251761822295, "solar_az": 261.46828659721001, "canopy_min": 2.0 }, "geometry": { "type": "GeometryCollection", "geometries": [ { "type": "LineString", "coordinates": [ [ 120.19281, 23.02802 ], [ 120.19281, 23.02803 ] ] }, { "type": "Point", "coordinates": [ 120.1928, 23.02807 ] } ] } },
{ "type": "Feature", "properties": { "park_id": 168, "scenario": "2026-07-21 13:00:00 CST", "solar_alt": 77.169251761822295, "solar_az": 261.46828659721001, "canopy_min": 2.0 }, "geometry": { "type": "Polygon", "coordinates": [ [ [ 120.20028, 23.02451 ], [ 120.20027, 23.02451 ], [ 120.20027, 23.0245 ], [ 120.20028, 23.02451 ] ] ] } },
{ "type": "Feature", "properties": { "park_id": 169, "scenario": "2026-07-21 13:00:00 CST", "solar_alt": 77.169251761822295, "solar_az": 261.46828659721001, "canopy_min": 2.0 }, "geometry": { "type": "GeometryCollection", "geometries": [ { "type": "Polygon", "coordinates": [ [ [ 120.18816, 23.02727 ], [ 120.18817, 23.02728 ], [ 120.18816, 23.02728 ], [ 120.18816, 23.02727 ] ] ] }, { "type": "GeometryCollection", "geometries": [ { "type": "Point", "coordinates": [ 120.18788, 23.02722 ] }, { "type": "LineString", "coordinates": [ [ 120.18793, 23.02723 ], [ 120.18792, 23.02723 ] ] }, { "type": "LineString", "coordinates": [ [ 120.18798, 23.02724 ], [ 120.18797, 23.02724 ] ] } ] }, { "type": "Point", "coordinates": [ 120.18821, 23.02728 ] } ] } },
{ "type": "Feature", "properties": { "park_id": 170, "scenario": "2026-07-21 13:00:00 CST", "solar_alt": 77.169251761822295, "solar_az": 261.46828659721001, "canopy_min": 2.0 }, "geometry": { "type": "GeometryCollection", "geometries": [ { "type": "MultiPolygon", "coordinates": [ [ [ [ 120.20335, 23.0191 ], [ 120.20335, 23.01909 ], [ 120.20336, 23.0191 ], [ 120.20335, 23.0191 ] ] ], [ [ [ 120.20338, 23.01917 ], [ 120.20338, 23.01913 ], [ 120.20339, 23.01913 ], [ 120.20338, 23.01917 ] ] ] ] }, { "type": "Point", "coordinates": [ 120.20337, 23.0192 ] } ] } },
{ "type": "Feature", "properties": { "park_id": 171, "scenario": "2026-07-21 13:00:00 CST", "solar_alt": 77.169251761822295, "solar_az": 261.46828659721001, "canopy_min": 2.0 }, "geometry": { "type": "GeometryCollection", "geometries": [ { "type": "MultiPolygon", "coordinates": [ [ [ [ 120.1904, 22.92588 ], [ 120.19041, 22.92577 ], [ 120.19044, 22.92585 ], [ 120.1904, 22.92588 ] ] ], [ [ [ 120.19025, 22.92606 ], [ 120.19026, 22.92596 ], [ 120.19027, 22.92596 ], [ 120.19025, 22.92606 ] ] ], [ [ [ 120.19028, 22.92603 ], [ 120.19028, 22.92604 ], [ 120.19027, 22.92604 ], [ 120.19028, 22.92603 ] ] ] ] }, { "type": "LineString", "coordinates": [ [ 120.19056, 22.92578 ], [ 120.19056, 22.92579 ] ] } ] } },
{ "type": "Feature", "properties": { "park_id": 177, "scenario": "2026-07-21 13:00:00 CST", "solar_alt": 77.169251761822295, "solar_az": 261.46828659721001, "canopy_min": 2.0 }, "geometry": { "type": "GeometryCollection", "geometries": [ { "type": "Point", "coordinates": [ 120.21152, 23.01065 ] }, { "type": "Point", "coordinates": [ 120.21149, 23.01066 ] } ] } },
{ "type": "Feature", "properties": { "park_id": 180, "scenario": "2026-07-21 13:00:00 CST", "solar_alt": 77.169251761822295, "solar_az": 261.46828659721001, "canopy_min": 2.0 }, "geometry": { "type": "GeometryCollection", "geometries": [ { "type": "MultiPolygon", "coordinates": [ [ [ [ 120.23636, 22.99373 ], [ 120.23636, 22.9937 ], [ 120.23638, 22.9937 ], [ 120.23636, 22.99373 ] ] ], [ [ [ 120.23685, 22.99465 ], [ 120.23685, 22.99466 ], [ 120.23684, 22.99466 ], [ 120.23685, 22.99465 ] ] ], [ [ [ 120.23622, 22.99598 ], [ 120.23622, 22.99597 ], [ 120.23623, 22.99597 ], [ 120.23622, 22.99598 ] ] ], [ [ [ 120.23624, 22.99601 ], [ 120.23624, 22.99602 ], [ 120.23623, 22.99602 ], [ 120.23624, 22.99601 ] ] ] ] }, { "type": "MultiLineString", "coordinates": [ [ [ 120.23668, 22.99597 ], [ 120.23667, 22.99597 ] ], [ [ 120.23641, 22.99614 ], [ 120.2364, 22.99614 ] ] ] } ] } },
{ "type": "Feature", "properties": { "park_id": 181, "scenario": "2026-07-21 13:00:00 CST", "solar_alt": 77.169251761822295, "solar_az": 261.46828659721001, "canopy_min": 2.0 }, "geometry": { "type": "Polygon", "coordinates": [ [ [ 120.19819, 23.0274 ], [ 120.19819, 23.02742 ], [ 120.19818, 23.02742 ], [ 120.19819, 23.0274 ] ] ] } },
{ "type": "Feature", "properties": { "park_id": 182, "scenario": "2026-07-21 13:00:00 CST", "solar_alt": 77.169251761822295, "solar_az": 261.46828659721001, "canopy_min": 2.0 }, "geometry": { "type": "LineString", "coordinates": [ [ 120.41791, 23.34458 ], [ 120.41791, 23.3446 ] ] } },
{ "type": "Feature", "properties": { "park_id": 183, "scenario": "2026-07-21 13:00:00 CST", "solar_alt": 77.169251761822295, "solar_az": 261.46828659721001, "canopy_min": 2.0 }, "geometry": { "type": "MultiLineString", "coordinates": [ [ [ 120.30989, 23.27397 ], [ 120.30988, 23.27397 ] ], [ [ 120.30987, 23.27398 ], [ 120.30986, 23.27398 ] ] ] } },
{ "type": "Feature", "properties": { "park_id": 184, "scenario": "2026-07-21 13:00:00 CST", "solar_alt": 77.169251761822295, "solar_az": 261.46828659721001, "canopy_min": 2.0 }, "geometry": { "type": "GeometryCollection", "geometries": [ { "type": "GeometryCollection", "geometries": [ { "type": "LineString", "coordinates": [ [ 120.18504, 22.98564 ], [ 120.18505, 22.98564 ] ] }, { "type": "Point", "coordinates": [ 120.18476, 22.98541 ] } ] }, { "type": "MultiPoint", "coordinates": [ [ 120.18483, 22.98547 ], [ 120.1849, 22.98552 ], [ 120.18502, 22.98562 ], [ 120.18503, 22.98563 ], [ 120.18509, 22.98568 ], [ 120.1851, 22.98568 ], [ 120.18511, 22.98569 ] ] } ] } },
{ "type": "Feature", "properties": { "park_id": 193, "scenario": "2026-07-21 13:00:00 CST", "solar_alt": 77.169251761822295, "solar_az": 261.46828659721001, "canopy_min": 2.0 }, "geometry": { "type": "MultiPolygon", "coordinates": [ [ [ [ 120.20031, 23.0671 ], [ 120.20031, 23.06708 ], [ 120.20032, 23.06708 ], [ 120.20031, 23.0671 ] ] ], [ [ [ 120.20032, 23.06715 ], [ 120.2003, 23.06717 ], [ 120.2003, 23.06713 ], [ 120.20032, 23.06715 ] ] ] ] } },
{ "type": "Feature", "properties": { "park_id": 194, "scenario": "2026-07-21 13:00:00 CST", "solar_alt": 77.169251761822295, "solar_az": 261.46828659721001, "canopy_min": 2.0 }, "geometry": { "type": "MultiPolygon", "coordinates": [ [ [ [ 120.20031, 23.0671 ], [ 120.20031, 23.06708 ], [ 120.20032, 23.06708 ], [ 120.20031, 23.0671 ] ] ], [ [ [ 120.20032, 23.06715 ], [ 120.2003, 23.06717 ], [ 120.2003, 23.06713 ], [ 120.20032, 23.06715 ] ] ] ] } },
{ "type": "Feature", "properties": { "park_id": 195, "scenario": "2026-07-21 13:00:00 CST", "solar_alt": 77.169251761822295, "solar_az": 261.46828659721001, "canopy_min": 2.0 }, "geometry": { "type": "Polygon", "coordinates": [ [ [ 120.19552, 23.03412 ], [ 120.19551, 23.03412 ], [ 120.19551, 23.03411 ], [ 120.19552, 23.03412 ] ] ] } },
{ "type": "Feature", "properties": { "park_id": 197, "scenario": "2026-07-21 13:00:00 CST", "solar_alt": 77.169251761822295, "solar_az": 261.46828659721001, "canopy_min": 2.0 }, "geometry": { "type": "Polygon", "coordinates": [ [ [ 120.18613, 22.98644 ], [ 120.18613, 22.98645 ], [ 120.18612, 22.98645 ], [ 120.18613, 22.98644 ] ] ] } },
{ "type": "Feature", "properties": { "park_id": 198, "scenario": "2026-07-21 13:00:00 CST", "solar_alt": 77.169251761822295, "solar_az": 261.46828659721001, "canopy_min": 2.0 }, "geometry": { "type": "GeometryCollection", "geometries": [ { "type": "Polygon", "coordinates": [ [ [ 120.24617, 22.98174 ], [ 120.24616, 22.98173 ], [ 120.24617, 22.98173 ], [ 120.24617, 22.98174 ] ] ] }, { "type": "LineString", "coordinates": [ [ 120.24664, 22.98173 ], [ 120.24666, 22.98173 ] ] } ] } },
{ "type": "Feature", "properties": { "park_id": 199, "scenario": "2026-07-21 13:00:00 CST", "solar_alt": 77.169251761822295, "solar_az": 261.46828659721001, "canopy_min": 2.0 }, "geometry": { "type": "Polygon", "coordinates": [ [ [ 120.23632, 22.99958 ], [ 120.23632, 22.99951 ], [ 120.23634, 22.99953 ], [ 120.23632, 22.99958 ] ] ] } },
{ "type": "Feature", "properties": { "park_id": 200, "scenario": "2026-07-21 13:00:00 CST", "solar_alt": 77.169251761822295, "solar_az": 261.46828659721001, "canopy_min": 2.0 }, "geometry": { "type": "GeometryCollection", "geometries": [ { "type": "MultiLineString", "coordinates": [ [ [ 120.25936, 22.96784 ], [ 120.25936, 22.96789 ] ], [ [ 120.25937, 22.96802 ], [ 120.25937, 22.96803 ] ] ] }, { "type": "Point", "coordinates": [ 120.25936, 22.96801 ] } ] } },
{ "type": "Feature", "properties": { "park_id": 201, "scenario": "2026-07-21 13:00:00 CST", "solar_alt": 77.169251761822295, "solar_az": 261.46828659721001, "canopy_min": 2.0 }, "geometry": { "type": "GeometryCollection", "geometries": [ { "type": "Polygon", "coordinates": [ [ [ 120.19949, 23.0274 ], [ 120.1995, 23.02739 ], [ 120.1995, 23.0274 ], [ 120.19949, 23.0274 ] ] ] }, { "type": "LineString", "coordinates": [ [ 120.19948, 23.02737 ], [ 120.19949, 23.02737 ] ] } ] } },
{ "type": "Feature", "properties": { "park_id": 202, "scenario": "2026-07-21 13:00:00 CST", "solar_alt": 77.169251761822295, "solar_az": 261.46828659721001, "canopy_min": 2.0 }, "geometry": { "type": "Polygon", "coordinates": [ [ [ 120.22678, 23.06355 ], [ 120.22676, 23.06355 ], [ 120.22677, 23.06351 ], [ 120.22678, 23.06355 ] ] ] } },
{ "type": "Feature", "properties": { "park_id": 205, "scenario": "2026-07-21 13:00:00 CST", "solar_alt": 77.169251761822295, "solar_az": 261.46828659721001, "canopy_min": 2.0 }, "geometry": { "type": "LineString", "coordinates": [ [ 120.18157, 23.00136 ], [ 120.18157, 23.00138 ] ] } },
{ "type": "Feature", "properties": { "park_id": 206, "scenario": "2026-07-21 13:00:00 CST", "solar_alt": 77.169251761822295, "solar_az": 261.46828659721001, "canopy_min": 2.0 }, "geometry": { "type": "GeometryCollection", "geometries": [ { "type": "MultiPolygon", "coordinates": [ [ [ [ 120.23413, 23.0603 ], [ 120.23414, 23.0603 ], [ 120.23414, 23.06032 ], [ 120.23413, 23.0603 ] ] ], [ [ [ 120.23414, 23.06033 ], [ 120.23415, 23.06033 ], [ 120.23415, 23.06034 ], [ 120.23414, 23.06033 ] ] ], [ [ [ 120.23414, 23.06035 ], [ 120.23415, 23.06035 ], [ 120.23415, 23.06037 ], [ 120.23414, 23.06035 ] ] ], [ [ [ 120.23458, 23.06048 ], [ 120.23459, 23.06048 ], [ 120.23459, 23.06049 ], [ 120.23458, 23.06048 ] ] ] ] }, { "type": "Point", "coordinates": [ 120.23771, 23.05807 ] }, { "type": "MultiPoint", "coordinates": [ [ 120.23765, 23.05876 ], [ 120.23772, 23.05808 ] ] } ] } },
{ "type": "Feature", "properties": { "park_id": 208, "scenario": "2026-07-21 13:00:00 CST", "solar_alt": 77.169251761822295, "solar_az": 261.46828659721001, "canopy_min": 2.0 }, "geometry": { "type": "LineString", "coordinates": [ [ 120.18881, 22.96729 ], [ 120.18882, 22.96729 ] ] } },
{ "type": "Feature", "properties": { "park_id": 210, "scenario": "2026-07-21 13:00:00 CST", "solar_alt": 77.169251761822295, "solar_az": 261.46828659721001, "canopy_min": 2.0 }, "geometry": { "type": "GeometryCollection", "geometries": [ { "type": "Polygon", "coordinates": [ [ [ 120.22444, 22.98943 ], [ 120.22445, 22.98946 ], [ 120.22444, 22.98946 ], [ 120.22444, 22.98943 ] ] ] }, { "type": "LineString", "coordinates": [ [ 120.22437, 22.98964 ], [ 120.22438, 22.98964 ] ] }, { "type": "Point", "coordinates": [ 120.2244, 22.98963 ] } ] } },
{ "type": "Feature", "properties": { "park_id": 211, "scenario": "2026-07-21 13:00:00 CST", "solar_alt": 77.169251761822295, "solar_az": 261.46828659721001, "canopy_min": 2.0 }, "geometry": { "type": "LineString", "coordinates": [ [ 120.22413, 22.98785 ], [ 120.22414, 22.98785 ] ] } },
{ "type": "Feature", "properties": { "park_id": 212, "scenario": "2026-07-21 13:00:00 CST", "solar_alt": 77.169251761822295, "solar_az": 261.46828659721001, "canopy_min": 2.0 }, "geometry": { "type": "MultiPolygon", "coordinates": [ [ [ [ 120.22519, 22.9876 ], [ 120.2252, 22.9876 ], [ 120.2252, 22.98763 ], [ 120.22519, 22.9876 ] ] ], [ [ [ 120.22511, 22.98779 ], [ 120.22512, 22.98771 ], [ 120.22515, 22.98773 ], [ 120.22511, 22.98779 ] ] ] ] } },
{ "type": "Feature", "properties": { "park_id": 213, "scenario": "2026-07-21 13:00:00 CST", "solar_alt": 77.169251761822295, "solar_az": 261.46828659721001, "canopy_min": 2.0 }, "geometry": { "type": "GeometryCollection", "geometries": [ { "type": "LineString", "coordinates": [ [ 120.17993, 22.92043 ], [ 120.17994, 22.92043 ] ] }, { "type": "Point", "coordinates": [ 120.1799, 22.92042 ] } ] } },
{ "type": "Feature", "properties": { "park_id": 215, "scenario": "2026-07-21 13:00:00 CST", "solar_alt": 77.169251761822295, "solar_az": 261.46828659721001, "canopy_min": 2.0 }, "geometry": { "type": "GeometryCollection", "geometries": [ { "type": "MultiPolygon", "coordinates": [ [ [ [ 120.23113, 22.97801 ], [ 120.23114, 22.97798 ], [ 120.23114, 22.97801 ], [ 120.23113, 22.97801 ] ] ], [ [ [ 120.23113, 22.97808 ], [ 120.23112, 22.97808 ], [ 120.23114, 22.97806 ], [ 120.23113, 22.97808 ] ] ], [ [ [ 120.23114, 22.97807 ], [ 120.23115, 22.97807 ], [ 120.23114, 22.97809 ], [ 120.23114, 22.97807 ] ] ], [ [ [ 120.23112, 22.97809 ], [ 120.23113, 22.97811 ], [ 120.23111, 22.97811 ], [ 120.23112, 22.97809 ] ] ], [ [ [ 120.23102, 22.97843 ], [ 120.23102, 22.97838 ], [ 120.23103, 22.97843 ], [ 120.23102, 22.97843 ] ] ], [ [ [ 120.23105, 22.97857 ], [ 120.23105, 22.97856 ], [ 120.23106, 22.97857 ], [ 120.23105, 22.97857 ] ] ], [ [ [ 120.23104, 22.97858 ], [ 120.23105, 22.9786 ], [ 120.23104, 22.9786 ], [ 120.23104, 22.97858 ] ] ], [ [ [ 120.23117, 22.978 ], [ 120.23115, 22.978 ], [ 120.23117, 22.97794 ], [ 120.23117, 22.978 ] ] ], [ [ [ 120.23159, 22.97809 ], [ 120.23159, 22.97808 ], [ 120.2316, 22.97809 ], [ 120.23159, 22.97809 ] ] ], [ [ [ 120.23159, 22.97812 ], [ 120.23159, 22.97811 ], [ 120.2316, 22.97812 ], [ 120.23159, 22.97812 ] ] ], [ [ [ 120.23147, 22.97829 ], [ 120.23147, 22.97828 ], [ 120.23148, 22.97829 ], [ 120.23147, 22.97829 ] ] ], [ [ [ 120.2312, 22.97844 ], [ 120.2312, 22.97843 ], [ 120.23121, 22.97844 ], [ 120.2312, 22.97844 ] ] ], [ [ [ 120.23148, 22.97865 ], [ 120.23148, 22.97864 ], [ 120.23149, 22.97865 ], [ 120.23148, 22.97865 ] ] ] ] }, { "type": "LineString", "coordinates": [ [ 120.23145, 22.97867 ], [ 120.23145, 22.97868 ] ] } ] } },
{ "type": "Feature", "properties": { "park_id": 216, "scenario": "2026-07-21 13:00:00 CST", "solar_alt": 77.169251761822295, "solar_az": 261.46828659721001, "canopy_min": 2.0 }, "geometry": { "type": "MultiPolygon", "coordinates": [ [ [ [ 120.20037, 22.97797 ], [ 120.20036, 22.97797 ], [ 120.20036, 22.97793 ], [ 120.20037, 22.97797 ] ] ], [ [ [ 120.20039, 22.97878 ], [ 120.20038, 22.97883 ], [ 120.20037, 22.97883 ], [ 120.20039, 22.97878 ] ] ] ] } },
{ "type": "Feature", "properties": { "park_id": 217, "scenario": "2026-07-21 13:00:00 CST", "solar_alt": 77.169251761822295, "solar_az": 261.46828659721001, "canopy_min": 2.0 }, "geometry": { "type": "Point", "coordinates": [ 120.1971, 22.96937 ] } },
{ "type": "Feature", "properties": { "park_id": 218, "scenario": "2026-07-21 13:00:00 CST", "solar_alt": 77.169251761822295, "solar_az": 261.46828659721001, "canopy_min": 2.0 }, "geometry": { "type": "MultiPolygon", "coordinates": [ [ [ [ 120.18733, 22.96665 ], [ 120.1873, 22.96666 ], [ 120.18731, 22.96661 ], [ 120.18733, 22.96665 ] ] ], [ [ [ 120.1873, 22.96671 ], [ 120.18732, 22.96672 ], [ 120.18733, 22.96683 ], [ 120.1873, 22.96671 ] ] ] ] } },
{ "type": "Feature", "properties": { "park_id": 221, "scenario": "2026-07-21 13:00:00 CST", "solar_alt": 77.169251761822295, "solar_az": 261.46828659721001, "canopy_min": 2.0 }, "geometry": { "type": "GeometryCollection", "geometries": [ { "type": "MultiPolygon", "coordinates": [ [ [ [ 120.2155, 22.97583 ], [ 120.2155, 22.97584 ], [ 120.21549, 22.97583 ], [ 120.2155, 22.97583 ] ] ], [ [ [ 120.21544, 22.97626 ], [ 120.21545, 22.97626 ], [ 120.21545, 22.97628 ], [ 120.21544, 22.97626 ] ] ], [ [ [ 120.21558, 22.97626 ], [ 120.21559, 22.97626 ], [ 120.21559, 22.97628 ], [ 120.21558, 22.97626 ] ] ] ] }, { "type": "LineString", "coordinates": [ [ 120.21549, 22.97581 ], [ 120.2155, 22.97581 ] ] } ] } },
{ "type": "Feature", "properties": { "park_id": 222, "scenario": "2026-07-21 13:00:00 CST", "solar_alt": 77.169251761822295, "solar_az": 261.46828659721001, "canopy_min": 2.0 }, "geometry": { "type": "GeometryCollection", "geometries": [ { "type": "Polygon", "coordinates": [ [ [ 120.18721, 23.0074 ], [ 120.1872, 23.0074 ], [ 120.1872, 23.00739 ], [ 120.18721, 23.0074 ] ] ] }, { "type": "Point", "coordinates": [ 120.18718, 23.00739 ] } ] } },
{ "type": "Feature", "properties": { "park_id": 223, "scenario": "2026-07-21 13:00:00 CST", "solar_alt": 77.169251761822295, "solar_az": 261.46828659721001, "canopy_min": 2.0 }, "geometry": { "type": "GeometryCollection", "geometries": [ { "type": "MultiPolygon", "coordinates": [ [ [ [ 120.18292, 22.98381 ], [ 120.18291, 22.98381 ], [ 120.18291, 22.9838 ], [ 120.18292, 22.98381 ] ] ], [ [ [ 120.18174, 22.98401 ], [ 120.18173, 22.98401 ], [ 120.18173, 22.98399 ], [ 120.18174, 22.98401 ] ] ], [ [ [ 120.18246, 22.98427 ], [ 120.18245, 22.98427 ], [ 120.18245, 22.98425 ], [ 120.18246, 22.98427 ] ] ], [ [ [ 120.18245, 22.98429 ], [ 120.18246, 22.98429 ], [ 120.18246, 22.98431 ], [ 120.18245, 22.98429 ] ] ] ] }, { "type": "Point", "coordinates": [ 120.18375, 22.98441 ] } ] } },
{ "type": "Feature", "properties": { "park_id": 227, "scenario": "2026-07-21 13:00:00 CST", "solar_alt": 77.169251761822295, "solar_az": 261.46828659721001, "canopy_min": 2.0 }, "geometry": { "type": "GeometryCollection", "geometries": [ { "type": "Polygon", "coordinates": [ [ [ 120.23307, 22.97746 ], [ 120.23307, 22.97745 ], [ 120.23308, 22.97745 ], [ 120.23307, 22.97746 ] ] ] }, { "type": "MultiLineString", "coordinates": [ [ [ 120.23325, 22.97708 ], [ 120.23325, 22.9771 ] ], [ [ 120.23318, 22.97736 ], [ 120.23318, 22.97737 ] ], [ [ 120.23317, 22.97738 ], [ 120.23317, 22.97739 ] ] ] }, { "type": "MultiPoint", "coordinates": [ [ 120.23301, 22.9775 ], [ 120.23314, 22.97741 ], [ 120.23319, 22.97735 ], [ 120.23324, 22.97722 ] ] } ] } },
{ "type": "Feature", "properties": { "park_id": 230, "scenario": "2026-07-21 13:00:00 CST", "solar_alt": 77.169251761822295, "solar_az": 261.46828659721001, "canopy_min": 2.0 }, "geometry": { "type": "Polygon", "coordinates": [ [ [ 120.15864, 23.00027 ], [ 120.15863, 23.00027 ], [ 120.15863, 23.00026 ], [ 120.15864, 23.00027 ] ] ] } },
{ "type": "Feature", "properties": { "park_id": 231, "scenario": "2026-07-21 13:00:00 CST", "solar_alt": 77.169251761822295, "solar_az": 261.46828659721001, "canopy_min": 2.0 }, "geometry": { "type": "GeometryCollection", "geometries": [ { "type": "LineString", "coordinates": [ [ 120.15971, 22.97669 ], [ 120.15971, 22.9767 ] ] }, { "type": "Point", "coordinates": [ 120.15968, 22.97676 ] } ] } },
{ "type": "Feature", "properties": { "park_id": 233, "scenario": "2026-07-21 13:00:00 CST", "solar_alt": 77.169251761822295, "solar_az": 261.46828659721001, "canopy_min": 2.0 }, "geometry": { "type": "MultiPolygon", "coordinates": [ [ [ [ 120.23539, 22.98158 ], [ 120.23539, 22.98156 ], [ 120.2354, 22.98157 ], [ 120.23539, 22.98158 ] ] ], [ [ [ 120.23537, 22.9816 ], [ 120.23537, 22.98156 ], [ 120.23538, 22.98156 ], [ 120.23537, 22.9816 ] ] ] ] } },
{ "type": "Feature", "properties": { "park_id": 235, "scenario": "2026-07-21 13:00:00 CST", "solar_alt": 77.169251761822295, "solar_az": 261.46828659721001, "canopy_min": 2.0 }, "geometry": { "type": "GeometryCollection", "geometries": [ { "type": "MultiPolygon", "coordinates": [ [ [ [ 120.19945, 22.98853 ], [ 120.19944, 22.98853 ], [ 120.19944, 22.98851 ], [ 120.19945, 22.98853 ] ] ], [ [ [ 120.19947, 22.98858 ], [ 120.19946, 22.98858 ], [ 120.19945, 22.98853 ], [ 120.19947, 22.98858 ] ] ], [ [ [ 120.19934, 22.98878 ], [ 120.1993, 22.98879 ], [ 120.19933, 22.98869 ], [ 120.19934, 22.98878 ] ] ], [ [ [ 120.19908, 22.98874 ], [ 120.19908, 22.98875 ], [ 120.19907, 22.98875 ], [ 120.19908, 22.98874 ] ] ] ] }, { "type": "LineString", "coordinates": [ [ 120.1992, 22.98879 ], [ 120.19921, 22.98879 ] ] } ] } },
{ "type": "Feature", "properties": { "park_id": 236, "scenario": "2026-07-21 13:00:00 CST", "solar_alt": 77.169251761822295, "solar_az": 261.46828659721001, "canopy_min": 2.0 }, "geometry": { "type": "LineString", "coordinates": [ [ 120.29725, 23.3097 ], [ 120.29726, 23.3097 ] ] } },
{ "type": "Feature", "properties": { "park_id": 239, "scenario": "2026-07-21 13:00:00 CST", "solar_alt": 77.169251761822295, "solar_az": 261.46828659721001, "canopy_min": 2.0 }, "geometry": { "type": "LineString", "coordinates": [ [ 120.30009, 23.30818 ], [ 120.30008, 23.30818 ] ] } },
{ "type": "Feature", "properties": { "park_id": 241, "scenario": "2026-07-21 13:00:00 CST", "solar_alt": 77.169251761822295, "solar_az": 261.46828659721001, "canopy_min": 2.0 }, "geometry": { "type": "GeometryCollection", "geometries": [ { "type": "Polygon", "coordinates": [ [ [ 120.29747, 23.30834 ], [ 120.29746, 23.30835 ], [ 120.29746, 23.30834 ], [ 120.29747, 23.30834 ] ] ] }, { "type": "MultiLineString", "coordinates": [ [ [ 120.29759, 23.30834 ], [ 120.29761, 23.30834 ] ], [ [ 120.29732, 23.30835 ], [ 120.29733, 23.30835 ] ] ] }, { "type": "MultiPoint", "coordinates": [ [ 120.29677, 23.30839 ], [ 120.29705, 23.30837 ] ] } ] } },
{ "type": "Feature", "properties": { "park_id": 242, "scenario": "2026-07-21 13:00:00 CST", "solar_alt": 77.169251761822295, "solar_az": 261.46828659721001, "canopy_min": 2.0 }, "geometry": { "type": "MultiPolygon", "coordinates": [ [ [ [ 120.21529, 23.012 ], [ 120.21529, 23.01201 ], [ 120.21528, 23.01201 ], [ 120.21529, 23.012 ] ] ], [ [ [ 120.21532, 23.01208 ], [ 120.2153, 23.01209 ], [ 120.21528, 23.01202 ], [ 120.21532, 23.01208 ] ] ] ] } },
{ "type": "Feature", "properties": { "park_id": 243, "scenario": "2026-07-21 13:00:00 CST", "solar_alt": 77.169251761822295, "solar_az": 261.46828659721001, "canopy_min": 2.0 }, "geometry": { "type": "GeometryCollection", "geometries": [ { "type": "Polygon", "coordinates": [ [ [ 120.29583, 23.30845 ], [ 120.29582, 23.30846 ], [ 120.29582, 23.30845 ], [ 120.29583, 23.30845 ] ] ] }, { "type": "MultiLineString", "coordinates": [ [ [ 120.29631, 23.30842 ], [ 120.29633, 23.30842 ] ], [ [ 120.2962, 23.30843 ], [ 120.29618, 23.30843 ] ] ] } ] } },
{ "type": "Feature", "properties": { "park_id": 244, "scenario": "2026-07-21 13:00:00 CST", "solar_alt": 77.169251761822295, "solar_az": 261.46828659721001, "canopy_min": 2.0 }, "geometry": { "type": "MultiPolygon", "coordinates": [ [ [ [ 120.21596, 23.01196 ], [ 120.21596, 23.01194 ], [ 120.21597, 23.01194 ], [ 120.21596, 23.01196 ] ] ], [ [ [ 120.21592, 23.01209 ], [ 120.21592, 23.01208 ], [ 120.21593, 23.01208 ], [ 120.21592, 23.01209 ] ] ], [ [ [ 120.21598, 23.01219 ], [ 120.21598, 23.01217 ], [ 120.21599, 23.01217 ], [ 120.21598, 23.01219 ] ] ], [ [ [ 120.21596, 23.01222 ], [ 120.21596, 23.01221 ], [ 120.21597, 23.01221 ], [ 120.21596, 23.01222 ] ] ] ] } },
{ "type": "Feature", "properties": { "park_id": 245, "scenario": "2026-07-21 13:00:00 CST", "solar_alt": 77.169251761822295, "solar_az": 261.46828659721001, "canopy_min": 2.0 }, "geometry": { "type": "GeometryCollection", "geometries": [ { "type": "LineString", "coordinates": [ [ 120.2947, 23.30853 ], [ 120.29469, 23.30853 ] ] }, { "type": "Point", "coordinates": [ 120.29483, 23.30852 ] } ] } },
{ "type": "Feature", "properties": { "park_id": 246, "scenario": "2026-07-21 13:00:00 CST", "solar_alt": 77.169251761822295, "solar_az": 261.46828659721001, "canopy_min": 2.0 }, "geometry": { "type": "GeometryCollection", "geometries": [ { "type": "GeometryCollection", "geometries": [ { "type": "LineString", "coordinates": [ [ 120.14879, 22.98903 ], [ 120.14879, 22.98902 ] ] }, { "type": "LineString", "coordinates": [ [ 120.14853, 22.9892 ], [ 120.14853, 22.98919 ] ] }, { "type": "Point", "coordinates": [ 120.14883, 22.989 ] } ] }, { "type": "MultiPoint", "coordinates": [ [ 120.14824, 22.98939 ], [ 120.14849, 22.98922 ], [ 120.14864, 22.98912 ] ] } ] } },
{ "type": "Feature", "properties": { "park_id": 247, "scenario": "2026-07-21 13:00:00 CST", "solar_alt": 77.169251761822295, "solar_az": 261.46828659721001, "canopy_min": 2.0 }, "geometry": { "type": "Polygon", "coordinates": [ [ [ 120.23437, 23.01835 ], [ 120.23438, 23.01827 ], [ 120.2344, 23.01829 ], [ 120.23437, 23.01835 ] ] ] } },
{ "type": "Feature", "properties": { "park_id": 252, "scenario": "2026-07-21 13:00:00 CST", "solar_alt": 77.169251761822295, "solar_az": 261.46828659721001, "canopy_min": 2.0 }, "geometry": { "type": "Point", "coordinates": [ 120.20106, 23.00401 ] } },
{ "type": "Feature", "properties": { "park_id": 258, "scenario": "2026-07-21 13:00:00 CST", "solar_alt": 77.169251761822295, "solar_az": 261.46828659721001, "canopy_min": 2.0 }, "geometry": { "type": "MultiPolygon", "coordinates": [ [ [ [ 120.25637, 23.09266 ], [ 120.25637, 23.09265 ], [ 120.25638, 23.09265 ], [ 120.25637, 23.09266 ] ] ], [ [ [ 120.25636, 23.09272 ], [ 120.25635, 23.09272 ], [ 120.25635, 23.09271 ], [ 120.25636, 23.09272 ] ] ] ] } },
{ "type": "Feature", "properties": { "park_id": 260, "scenario": "2026-07-21 13:00:00 CST", "solar_alt": 77.169251761822295, "solar_az": 261.46828659721001, "canopy_min": 2.0 }, "geometry": { "type": "GeometryCollection", "geometries": [ { "type": "Point", "coordinates": [ 120.22787, 23.0187 ] }, { "type": "Point", "coordinates": [ 120.22784, 23.01873 ] } ] } },
{ "type": "Feature", "properties": { "park_id": 263, "scenario": "2026-07-21 13:00:00 CST", "solar_alt": 77.169251761822295, "solar_az": 261.46828659721001, "canopy_min": 2.0 }, "geometry": { "type": "MultiPolygon", "coordinates": [ [ [ [ 120.19785, 23.01274 ], [ 120.19785, 23.01272 ], [ 120.19786, 23.01272 ], [ 120.19785, 23.01274 ] ] ], [ [ [ 120.19785, 23.01275 ], [ 120.19786, 23.01275 ], [ 120.19786, 23.01277 ], [ 120.19785, 23.01275 ] ] ], [ [ [ 120.1981, 23.01327 ], [ 120.19812, 23.01327 ], [ 120.19811, 23.01331 ], [ 120.1981, 23.01327 ] ] ] ] } },
{ "type": "Feature", "properties": { "park_id": 264, "scenario": "2026-07-21 13:00:00 CST", "solar_alt": 77.169251761822295, "solar_az": 261.46828659721001, "canopy_min": 2.0 }, "geometry": { "type": "LineString", "coordinates": [ [ 120.18113, 22.99096 ], [ 120.18113, 22.99095 ] ] } },
{ "type": "Feature", "properties": { "park_id": 266, "scenario": "2026-07-21 13:00:00 CST", "solar_alt": 77.169251761822295, "solar_az": 261.46828659721001, "canopy_min": 2.0 }, "geometry": { "type": "Point", "coordinates": [ 120.21986, 23.01374 ] } },
{ "type": "Feature", "properties": { "park_id": 268, "scenario": "2026-07-21 13:00:00 CST", "solar_alt": 77.169251761822295, "solar_az": 261.46828659721001, "canopy_min": 2.0 }, "geometry": { "type": "GeometryCollection", "geometries": [ { "type": "Point", "coordinates": [ 120.21398, 22.99271 ] }, { "type": "Point", "coordinates": [ 120.21384, 22.99282 ] } ] } },
{ "type": "Feature", "properties": { "park_id": 269, "scenario": "2026-07-21 13:00:00 CST", "solar_alt": 77.169251761822295, "solar_az": 261.46828659721001, "canopy_min": 2.0 }, "geometry": { "type": "GeometryCollection", "geometries": [ { "type": "MultiLineString", "coordinates": [ [ [ 120.21534, 22.9966 ], [ 120.21533, 22.9966 ] ], [ [ 120.21529, 22.99661 ], [ 120.21528, 22.99661 ] ], [ [ 120.21522, 22.99662 ], [ 120.21523, 22.99662 ] ], [ [ 120.21517, 22.99663 ], [ 120.21518, 22.99663 ] ] ] }, { "type": "Point", "coordinates": [ 120.21513, 22.99664 ] } ] } },
{ "type": "Feature", "properties": { "park_id": 270, "scenario": "2026-07-21 13:00:00 CST", "solar_alt": 77.169251761822295, "solar_az": 261.46828659721001, "canopy_min": 2.0 }, "geometry": { "type": "MultiPolygon", "coordinates": [ [ [ [ 120.19618, 22.97646 ], [ 120.19619, 22.97646 ], [ 120.19619, 22.97647 ], [ 120.19618, 22.97646 ] ] ], [ [ [ 120.19618, 22.97648 ], [ 120.19619, 22.97648 ], [ 120.19619, 22.97649 ], [ 120.19618, 22.97648 ] ] ], [ [ [ 120.19622, 22.97649 ], [ 120.19623, 22.97656 ], [ 120.1962, 22.97654 ], [ 120.19622, 22.97649 ] ] ], [ [ [ 120.19629, 22.97662 ], [ 120.19629, 22.97659 ], [ 120.19631, 22.97659 ], [ 120.19629, 22.97662 ] ] ], [ [ [ 120.19628, 22.97661 ], [ 120.19627, 22.97661 ], [ 120.19627, 22.9766 ], [ 120.19628, 22.97661 ] ] ] ] } },
{ "type": "Feature", "properties": { "park_id": 271, "scenario": "2026-07-21 13:00:00 CST", "solar_alt": 77.169251761822295, "solar_az": 261.46828659721001, "canopy_min": 2.0 }, "geometry": { "type": "GeometryCollection", "geometries": [ { "type": "MultiPolygon", "coordinates": [ [ [ [ 120.24569, 23.00266 ], [ 120.24569, 23.00265 ], [ 120.2457, 23.00265 ], [ 120.24569, 23.00266 ] ] ], [ [ [ 120.24402, 23.00303 ], [ 120.24401, 23.00303 ], [ 120.24401, 23.00299 ], [ 120.24402, 23.00303 ] ] ], [ [ [ 120.24341, 23.00401 ], [ 120.24342, 23.00401 ], [ 120.24342, 23.00403 ], [ 120.24341, 23.00401 ] ] ], [ [ [ 120.2434, 23.00404 ], [ 120.24341, 23.00404 ], [ 120.24341, 23.00407 ], [ 120.2434, 23.00404 ] ] ] ] }, { "type": "MultiLineString", "coordinates": [ [ [ 120.2449, 23.00191 ], [ 120.24491, 23.00191 ] ], [ [ 120.24511, 23.00192 ], [ 120.2451, 23.00192 ] ], [ [ 120.2456, 23.00267 ], [ 120.24561, 23.00267 ] ], [ [ 120.24457, 23.00324 ], [ 120.24457, 23.00325 ] ] ] }, { "type": "Point", "coordinates": [ 120.24565, 23.00266 ] } ] } },
{ "type": "Feature", "properties": { "park_id": 274, "scenario": "2026-07-21 13:00:00 CST", "solar_alt": 77.169251761822295, "solar_az": 261.46828659721001, "canopy_min": 2.0 }, "geometry": { "type": "GeometryCollection", "geometries": [ { "type": "MultiPolygon", "coordinates": [ [ [ [ 120.36155, 22.9616 ], [ 120.36154, 22.9616 ], [ 120.36154, 22.96159 ], [ 120.36155, 22.9616 ] ] ], [ [ [ 120.36158, 22.96169 ], [ 120.36158, 22.96168 ], [ 120.36159, 22.96169 ], [ 120.36158, 22.96169 ] ] ] ] }, { "type": "GeometryCollection", "geometries": [ { "type": "Point", "coordinates": [ 120.36042, 22.96078 ] }, { "type": "LineString", "coordinates": [ [ 120.36143, 22.96133 ], [ 120.36143, 22.96132 ] ] }, { "type": "LineString", "coordinates": [ [ 120.36049, 22.96139 ], [ 120.3605, 22.96139 ] ] }, { "type": "LineString", "coordinates": [ [ 120.36151, 22.96151 ], [ 120.36151, 22.9615 ] ] }, { "type": "LineString", "coordinates": [ [ 120.36154, 22.96157 ], [ 120.36153, 22.96157 ] ] }, { "type": "LineString", "coordinates": [ [ 120.36155, 22.96162 ], [ 120.36155, 22.96161 ] ] }, { "type": "LineString", "coordinates": [ [ 120.36157, 22.96164 ], [ 120.36156, 22.96164 ] ] }, { "type": "LineString", "coordinates": [ [ 120.36159, 22.9617 ], [ 120.36159, 22.96171 ] ] }, { "type": "LineString", "coordinates": [ [ 120.36162, 22.96178 ], [ 120.36162, 22.96177 ] ] }, { "type": "LineString", "coordinates": [ [ 120.36161, 22.96182 ], [ 120.36161, 22.96181 ] ] } ] }, { "type": "MultiPoint", "coordinates": [ [ 120.3614, 22.96125 ], [ 120.36141, 22.96128 ], [ 120.36142, 22.9613 ], [ 120.36146, 22.96231 ], [ 120.36149, 22.96146 ], [ 120.36149, 22.96221 ], [ 120.3615, 22.96148 ], [ 120.3615, 22.96218 ], [ 120.36152, 22.96152 ], [ 120.36152, 22.96211 ], [ 120.36153, 22.96155 ], [ 120.36153, 22.96208 ], [ 120.36155, 22.96201 ], [ 120.36156, 22.96198 ], [ 120.36157, 22.96166 ], [ 120.36158, 22.96191 ], [ 120.36159, 22.96188 ], [ 120.3616, 22.96173 ], [ 120.36161, 22.96175 ] ] } ] } },
{ "type": "Feature", "properties": { "park_id": 283, "scenario": "2026-07-21 13:00:00 CST", "solar_alt": 77.169251761822295, "solar_az": 261.46828659721001, "canopy_min": 2.0 }, "geometry": { "type": "GeometryCollection", "geometries": [ { "type": "Polygon", "coordinates": [ [ [ 120.25807, 23.02033 ], [ 120.25806, 23.02034 ], [ 120.25806, 23.02033 ], [ 120.25807, 23.02033 ] ] ] }, { "type": "GeometryCollection", "geometries": [ { "type": "Point", "coordinates": [ 120.25894, 23.01895 ] }, { "type": "LineString", "coordinates": [ [ 120.25897, 23.01904 ], [ 120.25898, 23.01904 ] ] } ] }, { "type": "MultiPoint", "coordinates": [ [ 120.25896, 23.019 ], [ 120.26001, 23.02028 ], [ 120.26012, 23.02031 ] ] } ] } },
{ "type": "Feature", "properties": { "park_id": 284, "scenario": "2026-07-21 13:00:00 CST", "solar_alt": 77.169251761822295, "solar_az": 261.46828659721001, "canopy_min": 2.0 }, "geometry": { "type": "GeometryCollection", "geometries": [ { "type": "MultiLineString", "coordinates": [ [ [ 120.24236, 22.99066 ], [ 120.24235, 22.99066 ] ], [ [ 120.24484, 22.99095 ], [ 120.24483, 22.99095 ] ], [ [ 120.24419, 22.99096 ], [ 120.2442, 22.99096 ] ], [ [ 120.24386, 22.99097 ], [ 120.24387, 22.99097 ] ] ] }, { "type": "Point", "coordinates": [ 120.24256, 22.9907 ] } ] } },
{ "type": "Feature", "properties": { "park_id": 286, "scenario": "2026-07-21 13:00:00 CST", "solar_alt": 77.169251761822295, "solar_az": 261.46828659721001, "canopy_min": 2.0 }, "geometry": { "type": "GeometryCollection", "geometries": [ { "type": "MultiPolygon", "coordinates": [ [ [ [ 120.22956, 22.97545 ], [ 120.22956, 22.97544 ], [ 120.22957, 22.97544 ], [ 120.22956, 22.97545 ] ] ], [ [ [ 120.22972, 22.97546 ], [ 120.22972, 22.9755 ], [ 120.22971, 22.9755 ], [ 120.22972, 22.97546 ] ] ], [ [ [ 120.22996, 22.97563 ], [ 120.22996, 22.97557 ], [ 120.22998, 22.97558 ], [ 120.22996, 22.97563 ] ] ], [ [ [ 120.22996, 22.97566 ], [ 120.22996, 22.97564 ], [ 120.22997, 22.97564 ], [ 120.22996, 22.97566 ] ] ] ] }, { "type": "LineString", "coordinates": [ [ 120.23001, 22.97572 ], [ 120.23001, 22.97573 ] ] }, { "type": "Point", "coordinates": [ 120.22999, 22.97577 ] } ] } },
{ "type": "Feature", "properties": { "park_id": 287, "scenario": "2026-07-21 13:00:00 CST", "solar_alt": 77.169251761822295, "solar_az": 261.46828659721001, "canopy_min": 2.0 }, "geometry": { "type": "Polygon", "coordinates": [ [ [ 120.21021, 23.0303 ], [ 120.2102, 23.0303 ], [ 120.2102, 23.03029 ], [ 120.21021, 23.0303 ] ] ] } },
{ "type": "Feature", "properties": { "park_id": 288, "scenario": "2026-07-21 13:00:00 CST", "solar_alt": 77.169251761822295, "solar_az": 261.46828659721001, "canopy_min": 2.0 }, "geometry": { "type": "LineString", "coordinates": [ [ 120.16784, 23.00104 ], [ 120.16783, 23.00102 ] ] } },
{ "type": "Feature", "properties": { "park_id": 289, "scenario": "2026-07-21 13:00:00 CST", "solar_alt": 77.169251761822295, "solar_az": 261.46828659721001, "canopy_min": 2.0 }, "geometry": { "type": "Point", "coordinates": [ 120.21733, 23.0156 ] } },
{ "type": "Feature", "properties": { "park_id": 295, "scenario": "2026-07-21 13:00:00 CST", "solar_alt": 77.169251761822295, "solar_az": 261.46828659721001, "canopy_min": 2.0 }, "geometry": { "type": "GeometryCollection", "geometries": [ { "type": "MultiPolygon", "coordinates": [ [ [ [ 120.53436, 23.09153 ], [ 120.53435, 23.09153 ], [ 120.53435, 23.09152 ], [ 120.53436, 23.09153 ] ] ], [ [ [ 120.53689, 23.09275 ], [ 120.53689, 23.09274 ], [ 120.5369, 23.09274 ], [ 120.53689, 23.09275 ] ] ], [ [ [ 120.53688, 23.09278 ], [ 120.53688, 23.09277 ], [ 120.53689, 23.09277 ], [ 120.53688, 23.09278 ] ] ], [ [ [ 120.53686, 23.09282 ], [ 120.53687, 23.09282 ], [ 120.53686, 23.09283 ], [ 120.53686, 23.09282 ] ] ], [ [ [ 120.53683, 23.09291 ], [ 120.53683, 23.0929 ], [ 120.53684, 23.0929 ], [ 120.53683, 23.09291 ] ] ], [ [ [ 120.53638, 23.09355 ], [ 120.53638, 23.09354 ], [ 120.53639, 23.09354 ], [ 120.53638, 23.09355 ] ] ] ] }, { "type": "MultiLineString", "coordinates": [ [ [ 120.53548, 23.09087 ], [ 120.53549, 23.09087 ] ], [ [ 120.53558, 23.09088 ], [ 120.53559, 23.09088 ] ], [ [ 120.53577, 23.0909 ], [ 120.53578, 23.0909 ] ], [ [ 120.53277, 23.0941 ], [ 120.53276, 23.0941 ] ], [ [ 120.53266, 23.09411 ], [ 120.53265, 23.09411 ] ], [ [ 120.53254, 23.09412 ], [ 120.53253, 23.09412 ] ], [ [ 120.53243, 23.09413 ], [ 120.53244, 23.09413 ] ], [ [ 120.5322, 23.09415 ], [ 120.53222, 23.09415 ] ], [ [ 120.53546, 23.09418 ], [ 120.53547, 23.09418 ] ], [ [ 120.53629, 23.09115 ], [ 120.53628, 23.09115 ] ], [ [ 120.53663, 23.09133 ], [ 120.53664, 23.09133 ] ], [ [ 120.53662, 23.09328 ], [ 120.53662, 23.09329 ] ], [ [ 120.53621, 23.09372 ], [ 120.53621, 23.09373 ] ], [ [ 120.53693, 23.09262 ], [ 120.53693, 23.09263 ] ], [ [ 120.5369, 23.09272 ], [ 120.53691, 23.09272 ] ], [ [ 120.53687, 23.0928 ], [ 120.53688, 23.0928 ] ], [ [ 120.53685, 23.09285 ], [ 120.53686, 23.09285 ] ], [ [ 120.53684, 23.09288 ], [ 120.53685, 23.09288 ] ], [ [ 120.53682, 23.09293 ], [ 120.53683, 23.09293 ] ] ] }, { "type": "MultiPoint", "coordinates": [ [ 120.5356, 23.09414 ], [ 120.53562, 23.09413 ], [ 120.53568, 23.09089 ], [ 120.53585, 23.09092 ], [ 120.53593, 23.09097 ], [ 120.53602, 23.09101 ], [ 120.53602, 23.09391 ], [ 120.53611, 23.09382 ], [ 120.53612, 23.09381 ], [ 120.53622, 23.09372 ], [ 120.53637, 23.0912 ], [ 120.5364, 23.09353 ], [ 120.53646, 23.09124 ], [ 120.53648, 23.09345 ], [ 120.53649, 23.09344 ], [ 120.5365, 23.09343 ], [ 120.53655, 23.09129 ], [ 120.53669, 23.09319 ], [ 120.53672, 23.09138 ], [ 120.53675, 23.0914 ], [ 120.53678, 23.09141 ], [ 120.5368, 23.09299 ], [ 120.53681, 23.09143 ], [ 120.53681, 23.09296 ], [ 120.53691, 23.09269 ], [ 120.53695, 23.09256 ], [ 120.53696, 23.09253 ], [ 120.53698, 23.09246 ], [ 120.537, 23.0924 ] ] } ] } },
{ "type": "Feature", "properties": { "park_id": 297, "scenario": "2026-07-21 13:00:00 CST", "solar_alt": 77.169251761822295, "solar_az": 261.46828659721001, "canopy_min": 2.0 }, "geometry": { "type": "GeometryCollection", "geometries": [ { "type": "Polygon", "coordinates": [ [ [ 120.48615, 23.17761 ], [ 120.48614, 23.17762 ], [ 120.48614, 23.17761 ], [ 120.48615, 23.17761 ] ] ] }, { "type": "LineString", "coordinates": [ [ 120.48607, 23.17758 ], [ 120.48608, 23.17758 ] ] } ] } },
{ "type": "Feature", "properties": { "park_id": 298, "scenario": "2026-07-21 13:00:00 CST", "solar_alt": 77.169251761822295, "solar_az": 261.46828659721001, "canopy_min": 2.0 }, "geometry": { "type": "GeometryCollection", "geometries": [ { "type": "MultiPolygon", "coordinates": [ [ [ [ 120.23223, 22.98966 ], [ 120.23222, 22.98964 ], [ 120.23223, 22.98964 ], [ 120.23223, 22.98966 ] ] ], [ [ [ 120.23224, 22.99132 ], [ 120.23222, 22.99134 ], [ 120.23222, 22.9913 ], [ 120.23224, 22.9913 ], [ 120.23224, 22.99132 ] ] ], [ [ [ 120.23134, 22.99149 ], [ 120.23134, 22.99147 ], [ 120.23135, 22.99149 ], [ 120.23134, 22.99149 ] ] ], [ [ [ 120.23135, 22.99244 ], [ 120.23136, 22.99246 ], [ 120.23134, 22.99246 ], [ 120.23135, 22.99244 ] ] ], [ [ [ 120.2314, 22.99256 ], [ 120.2314, 22.99255 ], [ 120.23141, 22.99256 ], [ 120.2314, 22.99256 ] ] ], [ [ [ 120.23142, 22.99257 ], [ 120.23142, 22.99256 ], [ 120.23143, 22.99257 ], [ 120.23142, 22.99257 ] ] ], [ [ [ 120.23143, 22.99257 ], [ 120.23144, 22.99258 ], [ 120.23143, 22.99258 ], [ 120.23143, 22.99257 ] ] ], [ [ [ 120.23225, 22.98976 ], [ 120.23226, 22.98976 ], [ 120.23225, 22.98977 ], [ 120.23225, 22.98976 ] ] ], [ [ [ 120.23228, 22.99004 ], [ 120.23226, 22.99004 ], [ 120.23228, 22.98999 ], [ 120.23228, 22.99004 ] ] ], [ [ [ 120.23226, 22.99006 ], [ 120.23226, 22.99005 ], [ 120.23227, 22.99006 ], [ 120.23226, 22.99006 ] ] ], [ [ [ 120.23234, 22.99063 ], [ 120.23234, 22.9907 ], [ 120.23232, 22.99063 ], [ 120.23234, 22.99063 ] ] ], [ [ [ 120.23232, 22.9908 ], [ 120.23232, 22.99074 ], [ 120.23234, 22.9908 ], [ 120.23232, 22.9908 ] ] ], [ [ [ 120.23253, 22.99231 ], [ 120.23252, 22.99231 ], [ 120.23253, 22.9923 ], [ 120.23253, 22.99231 ] ] ] ] }, { "type": "LineString", "coordinates": [ [ 120.23136, 22.99151 ], [ 120.23135, 22.99151 ] ] } ] } },
{ "type": "Feature", "properties": { "park_id": 300, "scenario": "2026-07-21 13:00:00 CST", "solar_alt": 77.169251761822295, "solar_az": 261.46828659721001, "canopy_min": 2.0 }, "geometry": { "type": "GeometryCollection", "geometries": [ { "type": "Polygon", "coordinates": [ [ [ 120.21142, 22.9777 ], [ 120.21143, 22.97769 ], [ 120.21143, 22.9777 ], [ 120.21142, 22.9777 ] ] ] }, { "type": "Point", "coordinates": [ 120.2122, 22.97713 ] } ] } },
{ "type": "Feature", "properties": { "park_id": 301, "scenario": "2026-07-21 13:00:00 CST", "solar_alt": 77.169251761822295, "solar_az": 261.46828659721001, "canopy_min": 2.0 }, "geometry": { "type": "GeometryCollection", "geometries": [ { "type": "Polygon", "coordinates": [ [ [ 120.21142, 22.9777 ], [ 120.21143, 22.97769 ], [ 120.21143, 22.9777 ], [ 120.21142, 22.9777 ] ] ] }, { "type": "Point", "coordinates": [ 120.2122, 22.97713 ] } ] } },
{ "type": "Feature", "properties": { "park_id": 303, "scenario": "2026-07-21 13:00:00 CST", "solar_alt": 77.169251761822295, "solar_az": 261.46828659721001, "canopy_min": 2.0 }, "geometry": { "type": "MultiPolygon", "coordinates": [ [ [ [ 120.23017, 22.99765 ], [ 120.23018, 22.99765 ], [ 120.23018, 22.99766 ], [ 120.23017, 22.99765 ] ] ], [ [ [ 120.23028, 22.99779 ], [ 120.23029, 22.99779 ], [ 120.23029, 22.9978 ], [ 120.23028, 22.99779 ] ] ] ] } },
{ "type": "Feature", "properties": { "park_id": 304, "scenario": "2026-07-21 13:00:00 CST", "solar_alt": 77.169251761822295, "solar_az": 261.46828659721001, "canopy_min": 2.0 }, "geometry": { "type": "GeometryCollection", "geometries": [ { "type": "MultiPolygon", "coordinates": [ [ [ [ 120.22885, 22.9972 ], [ 120.22886, 22.99719 ], [ 120.22886, 22.9972 ], [ 120.22885, 22.9972 ] ] ], [ [ [ 120.22885, 22.99721 ], [ 120.22886, 22.99723 ], [ 120.22885, 22.99723 ], [ 120.22885, 22.99721 ] ] ], [ [ [ 120.22886, 22.99762 ], [ 120.22885, 22.99761 ], [ 120.22886, 22.99761 ], [ 120.22886, 22.99762 ] ] ], [ [ [ 120.22886, 22.99767 ], [ 120.22886, 22.99765 ], [ 120.22887, 22.99767 ], [ 120.22886, 22.99767 ] ] ], [ [ [ 120.22887, 22.99769 ], [ 120.22887, 22.99768 ], [ 120.22888, 22.99769 ], [ 120.22887, 22.99769 ] ] ], [ [ [ 120.2289, 22.99782 ], [ 120.22891, 22.99783 ], [ 120.2289, 22.99783 ], [ 120.2289, 22.99782 ] ] ], [ [ [ 120.22908, 22.99715 ], [ 120.22907, 22.99715 ], [ 120.22908, 22.99714 ], [ 120.22908, 22.99715 ] ] ], [ [ [ 120.22903, 22.9976 ], [ 120.22905, 22.9976 ], [ 120.22903, 22.99763 ], [ 120.22903, 22.9976 ] ] ], [ [ [ 120.22902, 22.99763 ], [ 120.22901, 22.99764 ], [ 120.22901, 22.99763 ], [ 120.22902, 22.99763 ] ] ], [ [ [ 120.22923, 22.99767 ], [ 120.22923, 22.99769 ], [ 120.22922, 22.99767 ], [ 120.22923, 22.99767 ] ] ], [ [ [ 120.22901, 22.99781 ], [ 120.22901, 22.99776 ], [ 120.22902, 22.99781 ], [ 120.22901, 22.99781 ] ] ] ] }, { "type": "LineString", "coordinates": [ [ 120.22885, 22.99725 ], [ 120.22884, 22.99725 ] ] } ] } },
{ "type": "Feature", "properties": { "park_id": 309, "scenario": "2026-07-21 13:00:00 CST", "solar_alt": 77.169251761822295, "solar_az": 261.46828659721001, "canopy_min": 2.0 }, "geometry": { "type": "Point", "coordinates": [ 120.20702, 23.06179 ] } },
{ "type": "Feature", "properties": { "park_id": 310, "scenario": "2026-07-21 13:00:00 CST", "solar_alt": 77.169251761822295, "solar_az": 261.46828659721001, "canopy_min": 2.0 }, "geometry": { "type": "GeometryCollection", "geometries": [ { "type": "MultiLineString", "coordinates": [ [ [ 120.18989, 22.98801 ], [ 120.1899, 22.98801 ] ], [ [ 120.18988, 22.98803 ], [ 120.18989, 22.98803 ] ], [ [ 120.18986, 22.98809 ], [ 120.18986, 22.9881 ] ], [ [ 120.18985, 22.98812 ], [ 120.18985, 22.98811 ] ] ] }, { "type": "Point", "coordinates": [ 120.18987, 22.98808 ] } ] } },
{ "type": "Feature", "properties": { "park_id": 311, "scenario": "2026-07-21 13:00:00 CST", "solar_alt": 77.169251761822295, "solar_az": 261.46828659721001, "canopy_min": 2.0 }, "geometry": { "type": "Polygon", "coordinates": [ [ [ 120.19184, 22.97857 ], [ 120.19185, 22.97852 ], [ 120.19187, 22.97854 ], [ 120.19184, 22.97857 ] ] ] } },
{ "type": "Feature", "properties": { "park_id": 312, "scenario": "2026-07-21 13:00:00 CST", "solar_alt": 77.169251761822295, "solar_az": 261.46828659721001, "canopy_min": 2.0 }, "geometry": { "type": "MultiPolygon", "coordinates": [ [ [ [ 120.19358, 22.97977 ], [ 120.19357, 22.97977 ], [ 120.19357, 22.97976 ], [ 120.19358, 22.97977 ] ] ], [ [ [ 120.19356, 22.97978 ], [ 120.19358, 22.97978 ], [ 120.19358, 22.97979 ], [ 120.19356, 22.97978 ] ] ], [ [ [ 120.19357, 22.97982 ], [ 120.19358, 22.97982 ], [ 120.19358, 22.97984 ], [ 120.19357, 22.97982 ] ] ] ] } },
{ "type": "Feature", "properties": { "park_id": 317, "scenario": "2026-07-21 13:00:00 CST", "solar_alt": 77.169251761822295, "solar_az": 261.46828659721001, "canopy_min": 2.0 }, "geometry": { "type": "Point", "coordinates": [ 120.41661, 23.34655 ] } },
{ "type": "Feature", "properties": { "park_id": 318, "scenario": "2026-07-21 13:00:00 CST", "solar_alt": 77.169251761822295, "solar_az": 261.46828659721001, "canopy_min": 2.0 }, "geometry": { "type": "GeometryCollection", "geometries": [ { "type": "MultiPolygon", "coordinates": [ [ [ [ 120.24525, 22.98802 ], [ 120.24525, 22.988 ], [ 120.24526, 22.988 ], [ 120.24525, 22.98802 ] ] ], [ [ [ 120.24613, 22.98799 ], [ 120.24612, 22.98805 ], [ 120.24611, 22.98805 ], [ 120.24613, 22.98799 ] ] ], [ [ [ 120.24619, 22.98813 ], [ 120.24618, 22.98813 ], [ 120.24618, 22.98812 ], [ 120.24619, 22.98813 ] ] ], [ [ [ 120.24682, 22.98887 ], [ 120.2468, 22.98887 ], [ 120.24681, 22.98882 ], [ 120.24682, 22.98887 ] ] ] ] }, { "type": "MultiLineString", "coordinates": [ [ [ 120.24526, 22.98805 ], [ 120.24525, 22.98808 ] ], [ [ 120.24708, 22.98904 ], [ 120.24708, 22.98905 ] ] ] } ] } },
{ "type": "Feature", "properties": { "park_id": 320, "scenario": "2026-07-21 13:00:00 CST", "solar_alt": 77.169251761822295, "solar_az": 261.46828659721001, "canopy_min": 2.0 }, "geometry": { "type": "Polygon", "coordinates": [ [ [ 120.24207, 22.9829 ], [ 120.24207, 22.98293 ], [ 120.24206, 22.98293 ], [ 120.24207, 22.9829 ] ] ] } },
{ "type": "Feature", "properties": { "park_id": 321, "scenario": "2026-07-21 13:00:00 CST", "solar_alt": 77.169251761822295, "solar_az": 261.46828659721001, "canopy_min": 2.0 }, "geometry": { "type": "Polygon", "coordinates": [ [ [ 120.24103, 22.9859 ], [ 120.24103, 22.98592 ], [ 120.24102, 22.98592 ], [ 120.24103, 22.9859 ] ] ] } },
{ "type": "Feature", "properties": { "park_id": 322, "scenario": "2026-07-21 13:00:00 CST", "solar_alt": 77.169251761822295, "solar_az": 261.46828659721001, "canopy_min": 2.0 }, "geometry": { "type": "GeometryCollection", "geometries": [ { "type": "MultiPolygon", "coordinates": [ [ [ [ 120.2137, 22.97266 ], [ 120.2137, 22.97269 ], [ 120.21369, 22.97266 ], [ 120.2137, 22.97266 ] ] ], [ [ [ 120.21371, 22.97269 ], [ 120.21371, 22.9727 ], [ 120.2137, 22.97269 ], [ 120.21371, 22.97269 ] ] ] ] }, { "type": "GeometryCollection", "geometries": [ { "type": "Point", "coordinates": [ 120.21327, 22.97254 ] }, { "type": "LineString", "coordinates": [ [ 120.21331, 22.97255 ], [ 120.2133, 22.97255 ] ] }, { "type": "LineString", "coordinates": [ [ 120.21333, 22.97256 ], [ 120.21332, 22.97256 ] ] } ] }, { "type": "Point", "coordinates": [ 120.21346, 22.97259 ] } ] } },
{ "type": "Feature", "properties": { "park_id": 323, "scenario": "2026-07-21 13:00:00 CST", "solar_alt": 77.169251761822295, "solar_az": 261.46828659721001, "canopy_min": 2.0 }, "geometry": { "type": "LineString", "coordinates": [ [ 120.21224, 22.97425 ], [ 120.21225, 22.97425 ] ] } },
{ "type": "Feature", "properties": { "park_id": 324, "scenario": "2026-07-21 13:00:00 CST", "solar_alt": 77.169251761822295, "solar_az": 261.46828659721001, "canopy_min": 2.0 }, "geometry": { "type": "GeometryCollection", "geometries": [ { "type": "Polygon", "coordinates": [ [ [ 120.21988, 22.97631 ], [ 120.21989, 22.9763 ], [ 120.21989, 22.97631 ], [ 120.21988, 22.97631 ] ] ] }, { "type": "Point", "coordinates": [ 120.21993, 22.97646 ] } ] } },
{ "type": "Feature", "properties": { "park_id": 325, "scenario": "2026-07-21 13:00:00 CST", "solar_alt": 77.169251761822295, "solar_az": 261.46828659721001, "canopy_min": 2.0 }, "geometry": { "type": "MultiPolygon", "coordinates": [ [ [ [ 120.22783, 22.97501 ], [ 120.22782, 22.97501 ], [ 120.22782, 22.975 ], [ 120.22783, 22.97501 ] ] ], [ [ [ 120.22783, 22.97501 ], [ 120.22784, 22.97501 ], [ 120.22784, 22.97503 ], [ 120.22783, 22.97501 ] ] ] ] } },
{ "type": "Feature", "properties": { "park_id": 328, "scenario": "2026-07-21 13:00:00 CST", "solar_alt": 77.169251761822295, "solar_az": 261.46828659721001, "canopy_min": 2.0 }, "geometry": { "type": "GeometryCollection", "geometries": [ { "type": "Polygon", "coordinates": [ [ [ 120.32448, 23.31631 ], [ 120.32449, 23.31628 ], [ 120.32449, 23.31631 ], [ 120.32448, 23.31631 ] ] ] }, { "type": "LineString", "coordinates": [ [ 120.32488, 23.3157 ], [ 120.32488, 23.31573 ] ] } ] } },
{ "type": "Feature", "properties": { "park_id": 329, "scenario": "2026-07-21 13:00:00 CST", "solar_alt": 77.169251761822295, "solar_az": 261.46828659721001, "canopy_min": 2.0 }, "geometry": { "type": "GeometryCollection", "geometries": [ { "type": "MultiPolygon", "coordinates": [ [ [ [ 120.31599, 23.30896 ], [ 120.31599, 23.30897 ], [ 120.31598, 23.30896 ], [ 120.31599, 23.30896 ] ] ], [ [ [ 120.316, 23.30898 ], [ 120.31602, 23.30898 ], [ 120.31602, 23.309 ], [ 120.316, 23.30898 ] ] ], [ [ [ 120.316, 23.30931 ], [ 120.31602, 23.30931 ], [ 120.31602, 23.30933 ], [ 120.316, 23.30931 ] ] ] ] }, { "type": "MultiLineString", "coordinates": [ [ [ 120.31397, 23.30814 ], [ 120.31398, 23.30815 ] ], [ [ 120.31415, 23.30816 ], [ 120.31416, 23.30816 ] ], [ [ 120.31504, 23.30877 ], [ 120.31505, 23.30877 ] ], [ [ 120.31509, 23.30878 ], [ 120.3151, 23.30878 ] ] ] }, { "type": "MultiPoint", "coordinates": [ [ 120.31499, 23.30877 ], [ 120.31616, 23.30996 ] ] } ] } },
{ "type": "Feature", "properties": { "park_id": 332, "scenario": "2026-07-21 13:00:00 CST", "solar_alt": 77.169251761822295, "solar_az": 261.46828659721001, "canopy_min": 2.0 }, "geometry": { "type": "MultiPolygon", "coordinates": [ [ [ [ 120.19864, 22.98789 ], [ 120.19864, 22.9879 ], [ 120.19863, 22.9879 ], [ 120.19864, 22.98789 ] ] ], [ [ [ 120.19931, 22.98814 ], [ 120.19931, 22.98816 ], [ 120.1993, 22.98816 ], [ 120.19931, 22.98814 ] ] ] ] } },
{ "type": "Feature", "properties": { "park_id": 333, "scenario": "2026-07-21 13:00:00 CST", "solar_alt": 77.169251761822295, "solar_az": 261.46828659721001, "canopy_min": 2.0 }, "geometry": { "type": "GeometryCollection", "geometries": [ { "type": "MultiPolygon", "coordinates": [ [ [ [ 120.15756, 22.98132 ], [ 120.15755, 22.98134 ], [ 120.15755, 22.98132 ], [ 120.15756, 22.98132 ] ] ], [ [ [ 120.15747, 22.9818 ], [ 120.15748, 22.98176 ], [ 120.15748, 22.9818 ], [ 120.15747, 22.9818 ] ] ], [ [ [ 120.15747, 22.98182 ], [ 120.15748, 22.98181 ], [ 120.15748, 22.98182 ], [ 120.15747, 22.98182 ] ] ], [ [ [ 120.15748, 22.98185 ], [ 120.15747, 22.98185 ], [ 120.15748, 22.98184 ], [ 120.15748, 22.98185 ] ] ], [ [ [ 120.15748, 22.9819 ], [ 120.15747, 22.9819 ], [ 120.15748, 22.98187 ], [ 120.15748, 22.9819 ] ] ], [ [ [ 120.15748, 22.98195 ], [ 120.15747, 22.98191 ], [ 120.15748, 22.98191 ], [ 120.15748, 22.98195 ] ] ], [ [ [ 120.16303, 22.97516 ], [ 120.16302, 22.97516 ], [ 120.16303, 22.97515 ], [ 120.16303, 22.97516 ] ] ], [ [ [ 120.16302, 22.97518 ], [ 120.16301, 22.97518 ], [ 120.16302, 22.97517 ], [ 120.16302, 22.97518 ] ] ], [ [ [ 120.16273, 22.97526 ], [ 120.16274, 22.97525 ], [ 120.16274, 22.97526 ], [ 120.16273, 22.97526 ] ] ], [ [ [ 120.16287, 22.97526 ], [ 120.16286, 22.97526 ], [ 120.16287, 22.97525 ], [ 120.16287, 22.97526 ] ] ], [ [ [ 120.163, 22.97535 ], [ 120.16298, 22.97535 ], [ 120.163, 22.97531 ], [ 120.163, 22.97535 ] ] ] ] }, { "type": "MultiLineString", "coordinates": [ [ [ 120.15905, 22.98014 ], [ 120.15904, 22.98014 ] ], [ [ 120.15792, 22.98147 ], [ 120.15793, 22.98147 ] ], [ [ 120.15963, 22.97944 ], [ 120.15964, 22.97944 ] ] ] }, { "type": "MultiPoint", "coordinates": [ [ 120.1579, 22.98151 ], [ 120.15812, 22.98124 ], [ 120.15816, 22.98119 ], [ 120.15819, 22.98116 ], [ 120.15822, 22.98112 ], [ 120.15829, 22.98104 ], [ 120.15832, 22.981 ], [ 120.15911, 22.98006 ], [ 120.15914, 22.98002 ], [ 120.15921, 22.97994 ], [ 120.15924, 22.97991 ], [ 120.15931, 22.97983 ], [ 120.15954, 22.97956 ], [ 120.16056, 22.97834 ], [ 120.16427, 22.9737 ] ] } ] } },
{ "type": "Feature", "properties": { "park_id": 336, "scenario": "2026-07-21 13:00:00 CST", "solar_alt": 77.169251761822295, "solar_az": 261.46828659721001, "canopy_min": 2.0 }, "geometry": { "type": "MultiPolygon", "coordinates": [ [ [ [ 120.2224, 22.992 ], [ 120.22238, 22.99201 ], [ 120.22236, 22.99193 ], [ 120.2224, 22.992 ] ] ], [ [ [ 120.22238, 22.99202 ], [ 120.22236, 22.99202 ], [ 120.22236, 22.99201 ], [ 120.22238, 22.99202 ] ] ] ] } },
{ "type": "Feature", "properties": { "park_id": 338, "scenario": "2026-07-21 13:00:00 CST", "solar_alt": 77.169251761822295, "solar_az": 261.46828659721001, "canopy_min": 2.0 }, "geometry": { "type": "GeometryCollection", "geometries": [ { "type": "MultiPolygon", "coordinates": [ [ [ [ 120.18507, 22.96102 ], [ 120.18507, 22.96104 ], [ 120.18506, 22.96102 ], [ 120.18507, 22.96102 ] ] ], [ [ [ 120.18503, 22.96111 ], [ 120.18503, 22.9611 ], [ 120.18505, 22.96111 ], [ 120.18503, 22.96111 ] ] ] ] }, { "type": "LineString", "coordinates": [ [ 120.18507, 22.96101 ], [ 120.18506, 22.96101 ] ] } ] } },
{ "type": "Feature", "properties": { "park_id": 339, "scenario": "2026-07-21 13:00:00 CST", "solar_alt": 77.169251761822295, "solar_az": 261.46828659721001, "canopy_min": 2.0 }, "geometry": { "type": "MultiPolygon", "coordinates": [ [ [ [ 120.18744, 22.96186 ], [ 120.18744, 22.96185 ], [ 120.18745, 22.96185 ], [ 120.18744, 22.96186 ] ] ], [ [ [ 120.18727, 22.96195 ], [ 120.18724, 22.96195 ], [ 120.18724, 22.96191 ], [ 120.18727, 22.96195 ] ] ] ] } },
{ "type": "Feature", "properties": { "park_id": 343, "scenario": "2026-07-21 13:00:00 CST", "solar_alt": 77.169251761822295, "solar_az": 261.46828659721001, "canopy_min": 2.0 }, "geometry": { "type": "Polygon", "coordinates": [ [ [ 120.18608, 22.97284 ], [ 120.18608, 22.97283 ], [ 120.18609, 22.97283 ], [ 120.18608, 22.97284 ] ] ] } },
{ "type": "Feature", "properties": { "park_id": 344, "scenario": "2026-07-21 13:00:00 CST", "solar_alt": 77.169251761822295, "solar_az": 261.46828659721001, "canopy_min": 2.0 }, "geometry": { "type": "GeometryCollection", "geometries": [ { "type": "Point", "coordinates": [ 120.40482, 23.31776 ] }, { "type": "MultiPoint", "coordinates": [ [ 120.40394, 23.31923 ], [ 120.40404, 23.3192 ], [ 120.40499, 23.31823 ], [ 120.405, 23.31825 ] ] } ] } },
{ "type": "Feature", "properties": { "park_id": 345, "scenario": "2026-07-21 13:00:00 CST", "solar_alt": 77.169251761822295, "solar_az": 261.46828659721001, "canopy_min": 2.0 }, "geometry": { "type": "GeometryCollection", "geometries": [ { "type": "Polygon", "coordinates": [ [ [ 120.19253, 22.99554 ], [ 120.19252, 22.99556 ], [ 120.19252, 22.99554 ], [ 120.19253, 22.99554 ] ] ] }, { "type": "MultiLineString", "coordinates": [ [ [ 120.19253, 22.99557 ], [ 120.19252, 22.99557 ] ], [ [ 120.19245, 22.99558 ], [ 120.19246, 22.99558 ] ] ] }, { "type": "Point", "coordinates": [ 120.19238, 22.9956 ] } ] } },
{ "type": "Feature", "properties": { "park_id": 346, "scenario": "2026-07-21 13:00:00 CST", "solar_alt": 77.169251761822295, "solar_az": 261.46828659721001, "canopy_min": 2.0 }, "geometry": { "type": "GeometryCollection", "geometries": [ { "type": "LineString", "coordinates": [ [ 120.19182, 22.99273 ], [ 120.19182, 22.99274 ] ] }, { "type": "MultiPoint", "coordinates": [ [ 120.19186, 22.99288 ], [ 120.19187, 22.99292 ] ] } ] } },
{ "type": "Feature", "properties": { "park_id": 347, "scenario": "2026-07-21 13:00:00 CST", "solar_alt": 77.169251761822295, "solar_az": 261.46828659721001, "canopy_min": 2.0 }, "geometry": { "type": "GeometryCollection", "geometries": [ { "type": "Polygon", "coordinates": [ [ [ 120.16813, 22.99894 ], [ 120.16812, 22.99895 ], [ 120.16812, 22.99894 ], [ 120.16813, 22.99894 ] ] ] }, { "type": "MultiLineString", "coordinates": [ [ [ 120.16811, 22.9987 ], [ 120.1681, 22.9987 ] ], [ [ 120.16839, 22.99872 ], [ 120.1684, 22.99872 ] ] ] } ] } },
{ "type": "Feature", "properties": { "park_id": 348, "scenario": "2026-07-21 13:00:00 CST", "solar_alt": 77.169251761822295, "solar_az": 261.46828659721001, "canopy_min": 2.0 }, "geometry": { "type": "LineString", "coordinates": [ [ 120.18638, 22.98589 ], [ 120.18638, 22.9859 ] ] } },
{ "type": "Feature", "properties": { "park_id": 349, "scenario": "2026-07-21 13:00:00 CST", "solar_alt": 77.169251761822295, "solar_az": 261.46828659721001, "canopy_min": 2.0 }, "geometry": { "type": "GeometryCollection", "geometries": [ { "type": "MultiPolygon", "coordinates": [ [ [ [ 120.21596, 23.00594 ], [ 120.21596, 23.00593 ], [ 120.21597, 23.00593 ], [ 120.21596, 23.00594 ] ] ], [ [ [ 120.21598, 23.00596 ], [ 120.21598, 23.00594 ], [ 120.21599, 23.00594 ], [ 120.21598, 23.00596 ] ] ], [ [ [ 120.21598, 23.00597 ], [ 120.216, 23.00596 ], [ 120.216, 23.00601 ], [ 120.21598, 23.00597 ] ] ], [ [ [ 120.21588, 23.00626 ], [ 120.21589, 23.00626 ], [ 120.21589, 23.00627 ], [ 120.21588, 23.00626 ] ] ] ] }, { "type": "Point", "coordinates": [ 120.21633, 23.00602 ] } ] } },
{ "type": "Feature", "properties": { "park_id": 353, "scenario": "2026-07-21 13:00:00 CST", "solar_alt": 77.169251761822295, "solar_az": 261.46828659721001, "canopy_min": 2.0 }, "geometry": { "type": "GeometryCollection", "geometries": [ { "type": "GeometryCollection", "geometries": [ { "type": "LineString", "coordinates": [ [ 120.14767, 23.03601 ], [ 120.14766, 23.03601 ] ] }, { "type": "Point", "coordinates": [ 120.14678, 23.03523 ] } ] }, { "type": "MultiPoint", "coordinates": [ [ 120.14679, 23.03524 ], [ 120.14764, 23.03599 ], [ 120.14765, 23.036 ] ] } ] } },
{ "type": "Feature", "properties": { "park_id": 355, "scenario": "2026-07-21 13:00:00 CST", "solar_alt": 77.169251761822295, "solar_az": 261.46828659721001, "canopy_min": 2.0 }, "geometry": { "type": "GeometryCollection", "geometries": [ { "type": "MultiPolygon", "coordinates": [ [ [ [ 120.25391, 23.09573 ], [ 120.25391, 23.0957 ], [ 120.25392, 23.0957 ], [ 120.25391, 23.09573 ] ] ], [ [ [ 120.25301, 23.09717 ], [ 120.253, 23.09716 ], [ 120.25301, 23.09716 ], [ 120.25301, 23.09717 ] ] ], [ [ [ 120.25403, 23.09832 ], [ 120.25402, 23.0983 ], [ 120.25403, 23.0983 ], [ 120.25403, 23.09832 ] ] ], [ [ [ 120.25401, 23.09884 ], [ 120.25401, 23.09886 ], [ 120.254, 23.09886 ], [ 120.25401, 23.09884 ] ] ], [ [ [ 120.25427, 23.09907 ], [ 120.25429, 23.09897 ], [ 120.2543, 23.09905 ], [ 120.25427, 23.09907 ] ] ], [ [ [ 120.25428, 23.09918 ], [ 120.25427, 23.09916 ], [ 120.25428, 23.09916 ], [ 120.25428, 23.09918 ] ] ] ] }, { "type": "LineString", "coordinates": [ [ 120.25427, 23.09897 ], [ 120.25426, 23.09897 ] ] } ] } },
{ "type": "Feature", "properties": { "park_id": 356, "scenario": "2026-07-21 13:00:00 CST", "solar_alt": 77.169251761822295, "solar_az": 261.46828659721001, "canopy_min": 2.0 }, "geometry": { "type": "GeometryCollection", "geometries": [ { "type": "MultiPolygon", "coordinates": [ [ [ [ 120.22316, 22.93179 ], [ 120.22316, 22.93178 ], [ 120.22317, 22.93179 ], [ 120.22316, 22.93179 ] ] ], [ [ [ 120.22309, 22.93187 ], [ 120.22308, 22.93187 ], [ 120.22308, 22.93186 ], [ 120.22309, 22.93187 ] ] ], [ [ [ 120.22239, 22.93191 ], [ 120.22239, 22.93187 ], [ 120.2224, 22.93187 ], [ 120.22239, 22.93191 ] ] ], [ [ [ 120.22281, 22.93192 ], [ 120.22281, 22.9319 ], [ 120.22282, 22.93192 ], [ 120.22281, 22.93192 ] ] ], [ [ [ 120.22254, 22.93196 ], [ 120.22253, 22.93196 ], [ 120.22253, 22.93194 ], [ 120.22254, 22.93196 ] ] ], [ [ [ 120.22253, 22.93197 ], [ 120.22253, 22.93198 ], [ 120.22252, 22.93198 ], [ 120.22253, 22.93197 ] ] ], [ [ [ 120.22316, 22.93207 ], [ 120.22316, 22.93206 ], [ 120.22317, 22.93207 ], [ 120.22316, 22.93207 ] ] ], [ [ [ 120.22256, 22.93487 ], [ 120.22258, 22.93486 ], [ 120.22258, 22.93488 ], [ 120.22256, 22.93487 ] ] ], [ [ [ 120.22256, 22.93491 ], [ 120.22255, 22.93491 ], [ 120.22255, 22.93489 ], [ 120.22256, 22.93491 ] ] ], [ [ [ 120.22264, 22.9352 ], [ 120.22264, 22.93519 ], [ 120.22265, 22.9352 ], [ 120.22264, 22.9352 ] ] ], [ [ [ 120.22135, 22.93583 ], [ 120.22135, 22.93582 ], [ 120.22136, 22.93582 ], [ 120.22135, 22.93583 ] ] ], [ [ [ 120.22135, 22.93584 ], [ 120.22134, 22.93584 ], [ 120.22134, 22.93583 ], [ 120.22135, 22.93584 ] ] ], [ [ [ 120.22265, 22.93719 ], [ 120.22265, 22.93718 ], [ 120.22266, 22.93719 ], [ 120.22265, 22.93719 ] ] ], [ [ [ 120.22335, 22.93174 ], [ 120.22335, 22.93172 ], [ 120.22336, 22.93172 ], [ 120.22335, 22.93174 ] ] ], [ [ [ 120.22336, 22.9318 ], [ 120.22335, 22.9318 ], [ 120.22335, 22.93175 ], [ 120.22336, 22.9318 ] ] ], [ [ [ 120.22329, 22.93205 ], [ 120.22329, 22.93206 ], [ 120.22328, 22.93205 ], [ 120.22329, 22.93205 ] ] ], [ [ [ 120.22339, 22.93214 ], [ 120.22339, 22.93213 ], [ 120.2234, 22.93213 ], [ 120.22339, 22.93214 ] ] ], [ [ [ 120.22338, 22.93226 ], [ 120.22337, 22.93226 ], [ 120.22337, 22.93225 ], [ 120.22338, 22.93226 ] ] ], [ [ [ 120.22417, 22.93289 ], [ 120.22417, 22.93288 ], [ 120.22418, 22.93289 ], [ 120.22417, 22.93289 ] ] ], [ [ [ 120.2258, 22.93303 ], [ 120.2258, 22.93302 ], [ 120.22581, 22.93302 ], [ 120.2258, 22.93303 ] ] ], [ [ [ 120.22713, 22.93623 ], [ 120.22713, 22.93622 ], [ 120.22714, 22.93622 ], [ 120.22713, 22.93623 ] ] ], [ [ [ 120.22683, 22.93626 ], [ 120.22682, 22.93626 ], [ 120.22682, 22.93625 ], [ 120.22683, 22.93626 ] ] ], [ [ [ 120.22747, 22.9363 ], [ 120.22748, 22.9363 ], [ 120.22748, 22.93631 ], [ 120.22747, 22.9363 ] ] ], [ [ [ 120.22331, 22.93717 ], [ 120.22331, 22.93719 ], [ 120.2233, 22.93719 ], [ 120.22331, 22.93717 ] ] ], [ [ [ 120.22359, 22.93733 ], [ 120.22359, 22.93734 ], [ 120.22358, 22.93734 ], [ 120.22359, 22.93733 ] ] ] ] }, { "type": "MultiLineString", "coordinates": [ [ [ 120.2231, 22.93686 ], [ 120.2231, 22.93687 ] ], [ [ 120.22632, 22.93311 ], [ 120.22631, 22.93311 ] ], [ [ 120.2285, 22.93477 ], [ 120.2285, 22.93478 ] ], [ [ 120.22838, 22.93504 ], [ 120.22838, 22.93503 ] ], [ [ 120.22821, 22.9354 ], [ 120.22821, 22.93541 ] ] ] }, { "type": "MultiPoint", "coordinates": [ [ 120.22814, 22.93556 ], [ 120.22822, 22.93539 ], [ 120.22834, 22.93512 ], [ 120.22836, 22.93508 ], [ 120.2284, 22.93499 ], [ 120.22841, 22.93497 ], [ 120.22852, 22.93473 ] ] } ] } },
{ "type": "Feature", "properties": { "park_id": 357, "scenario": "2026-07-21 13:00:00 CST", "solar_alt": 77.169251761822295, "solar_az": 261.46828659721001, "canopy_min": 2.0 }, "geometry": { "type": "Polygon", "coordinates": [ [ [ 120.2593, 23.18086 ], [ 120.25929, 23.18086 ], [ 120.25929, 23.18083 ], [ 120.2593, 23.18086 ] ] ] } },
{ "type": "Feature", "properties": { "park_id": 358, "scenario": "2026-07-21 13:00:00 CST", "solar_alt": 77.169251761822295, "solar_az": 261.46828659721001, "canopy_min": 2.0 }, "geometry": { "type": "Point", "coordinates": [ 120.20941, 22.98831 ] } },
{ "type": "Feature", "properties": { "park_id": 361, "scenario": "2026-07-21 13:00:00 CST", "solar_alt": 77.169251761822295, "solar_az": 261.46828659721001, "canopy_min": 2.0 }, "geometry": { "type": "MultiPolygon", "coordinates": [ [ [ [ 120.20583, 23.0203 ], [ 120.20584, 23.0203 ], [ 120.20584, 23.02031 ], [ 120.20583, 23.0203 ] ] ], [ [ [ 120.20583, 23.02035 ], [ 120.20582, 23.02035 ], [ 120.20582, 23.02034 ], [ 120.20583, 23.02035 ] ] ], [ [ [ 120.20573, 23.0207 ], [ 120.20572, 23.0207 ], [ 120.20572, 23.02066 ], [ 120.20573, 23.0207 ] ] ] ] } },
{ "type": "Feature", "properties": { "park_id": 362, "scenario": "2026-07-21 13:00:00 CST", "solar_alt": 77.169251761822295, "solar_az": 261.46828659721001, "canopy_min": 2.0 }, "geometry": { "type": "GeometryCollection", "geometries": [ { "type": "MultiPolygon", "coordinates": [ [ [ [ 120.20802, 23.02112 ], [ 120.20803, 23.02112 ], [ 120.20802, 23.02113 ], [ 120.20802, 23.02112 ] ] ], [ [ [ 120.20801, 23.02113 ], [ 120.20801, 23.02114 ], [ 120.208, 23.02113 ], [ 120.20801, 23.02113 ] ] ] ] }, { "type": "LineString", "coordinates": [ [ 120.20789, 23.02114 ], [ 120.2079, 23.02114 ] ] } ] } },
{ "type": "Feature", "properties": { "park_id": 364, "scenario": "2026-07-21 13:00:00 CST", "solar_alt": 77.169251761822295, "solar_az": 261.46828659721001, "canopy_min": 2.0 }, "geometry": { "type": "GeometryCollection", "geometries": [ { "type": "MultiPolygon", "coordinates": [ [ [ [ 120.18581, 22.99396 ], [ 120.18582, 22.99396 ], [ 120.18582, 22.99397 ], [ 120.18581, 22.99396 ] ] ], [ [ [ 120.18521, 22.994 ], [ 120.18521, 22.99402 ], [ 120.18519, 22.99401 ], [ 120.18521, 22.994 ] ] ], [ [ [ 120.18522, 22.99404 ], [ 120.18523, 22.99404 ], [ 120.18523, 22.99405 ], [ 120.18522, 22.99404 ] ] ], [ [ [ 120.18503, 22.99408 ], [ 120.18502, 22.99404 ], [ 120.18504, 22.99404 ], [ 120.18503, 22.99408 ] ] ] ] }, { "type": "Point", "coordinates": [ 120.18529, 22.9945 ] } ] } },
{ "type": "Feature", "properties": { "park_id": 365, "scenario": "2026-07-21 13:00:00 CST", "solar_alt": 77.169251761822295, "solar_az": 261.46828659721001, "canopy_min": 2.0 }, "geometry": { "type": "MultiPolygon", "coordinates": [ [ [ [ 120.17601, 22.98449 ], [ 120.17602, 22.98449 ], [ 120.17602, 22.9845 ], [ 120.17601, 22.98449 ] ] ], [ [ [ 120.17602, 22.98455 ], [ 120.176, 22.98455 ], [ 120.176, 22.98453 ], [ 120.17602, 22.98455 ] ] ], [ [ [ 120.17644, 22.98454 ], [ 120.17645, 22.98454 ], [ 120.17645, 22.98455 ], [ 120.17644, 22.98454 ] ] ], [ [ [ 120.17645, 22.98456 ], [ 120.17646, 22.98456 ], [ 120.17646, 22.98457 ], [ 120.17645, 22.98456 ] ] ] ] } },
{ "type": "Feature", "properties": { "park_id": 366, "scenario": "2026-07-21 13:00:00 CST", "solar_alt": 77.169251761822295, "solar_az": 261.46828659721001, "canopy_min": 2.0 }, "geometry": { "type": "MultiLineString", "coordinates": [ [ [ 120.18447, 22.98534 ], [ 120.18446, 22.98534 ] ], [ [ 120.18437, 22.98535 ], [ 120.18438, 22.98535 ] ], [ [ 120.18428, 22.98536 ], [ 120.18429, 22.98536 ] ] ] } },
{ "type": "Feature", "properties": { "park_id": 367, "scenario": "2026-07-21 13:00:00 CST", "solar_alt": 77.169251761822295, "solar_az": 261.46828659721001, "canopy_min": 2.0 }, "geometry": { "type": "MultiPolygon", "coordinates": [ [ [ [ 120.17662, 22.9928 ], [ 120.17662, 22.99279 ], [ 120.17663, 22.99279 ], [ 120.17662, 22.9928 ] ] ], [ [ [ 120.17602, 22.99287 ], [ 120.17602, 22.99286 ], [ 120.17603, 22.99286 ], [ 120.17602, 22.99287 ] ] ] ] } },
{ "type": "Feature", "properties": { "park_id": 368, "scenario": "2026-07-21 13:00:00 CST", "solar_alt": 77.169251761822295, "solar_az": 261.46828659721001, "canopy_min": 2.0 }, "geometry": { "type": "MultiPolygon", "coordinates": [ [ [ [ 120.1764, 22.98845 ], [ 120.1764, 22.98843 ], [ 120.17641, 22.98843 ], [ 120.1764, 22.98845 ] ] ], [ [ [ 120.17619, 22.98845 ], [ 120.1762, 22.98845 ], [ 120.1762, 22.98846 ], [ 120.17619, 22.98845 ] ] ], [ [ [ 120.17661, 22.98902 ], [ 120.17661, 22.98899 ], [ 120.17663, 22.98901 ], [ 120.17661, 22.98902 ] ] ] ] } },
{ "type": "Feature", "properties": { "park_id": 369, "scenario": "2026-07-21 13:00:00 CST", "solar_alt": 77.169251761822295, "solar_az": 261.46828659721001, "canopy_min": 2.0 }, "geometry": { "type": "GeometryCollection", "geometries": [ { "type": "MultiPolygon", "coordinates": [ [ [ [ 120.21757, 22.98323 ], [ 120.21758, 22.98323 ], [ 120.21757, 22.98324 ], [ 120.21757, 22.98323 ] ] ], [ [ [ 120.2178, 22.98341 ], [ 120.2178, 22.9834 ], [ 120.21781, 22.9834 ], [ 120.2178, 22.98341 ] ] ], [ [ [ 120.21783, 22.9835 ], [ 120.21782, 22.9835 ], [ 120.21782, 22.98348 ], [ 120.21783, 22.9835 ] ] ] ] }, { "type": "GeometryCollection", "geometries": [ { "type": "Point", "coordinates": [ 120.21809, 22.98304 ] }, { "type": "LineString", "coordinates": [ [ 120.2188, 22.98334 ], [ 120.21881, 22.98334 ] ] }, { "type": "LineString", "coordinates": [ [ 120.21783, 22.98351 ], [ 120.21783, 22.9835 ] ] }, { "type": "LineString", "coordinates": [ [ 120.21853, 22.984 ], [ 120.21852, 22.984 ] ] } ] }, { "type": "MultiPoint", "coordinates": [ [ 120.21812, 22.98305 ], [ 120.21932, 22.98377 ] ] } ] } },
{ "type": "Feature", "properties": { "park_id": 370, "scenario": "2026-07-21 13:00:00 CST", "solar_alt": 77.169251761822295, "solar_az": 261.46828659721001, "canopy_min": 2.0 }, "geometry": { "type": "GeometryCollection", "geometries": [ { "type": "Point", "coordinates": [ 120.30096, 23.3121 ] }, { "type": "MultiPoint", "coordinates": [ [ 120.30093, 23.31213 ], [ 120.30094, 23.31212 ], [ 120.30095, 23.31211 ] ] } ] } },
{ "type": "Feature", "properties": { "park_id": 371, "scenario": "2026-07-21 13:00:00 CST", "solar_alt": 77.169251761822295, "solar_az": 261.46828659721001, "canopy_min": 2.0 }, "geometry": { "type": "GeometryCollection", "geometries": [ { "type": "MultiPolygon", "coordinates": [ [ [ [ 120.22347, 23.00567 ], [ 120.22348, 23.00567 ], [ 120.22348, 23.0057 ], [ 120.22347, 23.00567 ] ] ], [ [ [ 120.22347, 23.00573 ], [ 120.22348, 23.00573 ], [ 120.22348, 23.00574 ], [ 120.22347, 23.00573 ] ] ], [ [ [ 120.22335, 23.00623 ], [ 120.22335, 23.00624 ], [ 120.22334, 23.00624 ], [ 120.22335, 23.00623 ] ] ], [ [ [ 120.22339, 23.00643 ], [ 120.2234, 23.00643 ], [ 120.2234, 23.00647 ], [ 120.22339, 23.00643 ] ] ] ] }, { "type": "GeometryCollection", "geometries": [ { "type": "Point", "coordinates": [ 120.22368, 23.00559 ] }, { "type": "LineString", "coordinates": [ [ 120.22331, 23.00638 ], [ 120.22332, 23.00638 ] ] } ] }, { "type": "Point", "coordinates": [ 120.22395, 23.00624 ] } ] } },
{ "type": "Feature", "properties": { "park_id": 375, "scenario": "2026-07-21 13:00:00 CST", "solar_alt": 77.169251761822295, "solar_az": 261.46828659721001, "canopy_min": 2.0 }, "geometry": { "type": "GeometryCollection", "geometries": [ { "type": "Polygon", "coordinates": [ [ [ 120.12459, 23.03639 ], [ 120.1246, 23.03641 ], [ 120.12459, 23.03641 ], [ 120.12459, 23.03639 ] ] ] }, { "type": "Point", "coordinates": [ 120.12343, 23.03581 ] } ] } },
{ "type": "Feature", "properties": { "park_id": 376, "scenario": "2026-07-21 13:00:00 CST", "solar_alt": 77.169251761822295, "solar_az": 261.46828659721001, "canopy_min": 2.0 }, "geometry": { "type": "Point", "coordinates": [ 120.21918, 22.98071 ] } },
{ "type": "Feature", "properties": { "park_id": 379, "scenario": "2026-07-21 13:00:00 CST", "solar_alt": 77.169251761822295, "solar_az": 261.46828659721001, "canopy_min": 2.0 }, "geometry": { "type": "MultiPolygon", "coordinates": [ [ [ [ 120.20146, 23.00691 ], [ 120.20145, 23.00691 ], [ 120.20145, 23.0069 ], [ 120.20146, 23.00691 ] ] ], [ [ [ 120.20146, 23.00691 ], [ 120.20147, 23.00691 ], [ 120.20147, 23.00692 ], [ 120.20146, 23.00691 ] ] ], [ [ [ 120.20157, 23.00697 ], [ 120.20157, 23.00696 ], [ 120.20158, 23.00696 ], [ 120.20157, 23.00697 ] ] ] ] } },
{ "type": "Feature", "properties": { "park_id": 380, "scenario": "2026-07-21 13:00:00 CST", "solar_alt": 77.169251761822295, "solar_az": 261.46828659721001, "canopy_min": 2.0 }, "geometry": { "type": "LineString", "coordinates": [ [ 120.19864, 23.01839 ], [ 120.19865, 23.01839 ] ] } },
{ "type": "Feature", "properties": { "park_id": 381, "scenario": "2026-07-21 13:00:00 CST", "solar_alt": 77.169251761822295, "solar_az": 261.46828659721001, "canopy_min": 2.0 }, "geometry": { "type": "GeometryCollection", "geometries": [ { "type": "MultiPolygon", "coordinates": [ [ [ [ 120.20126, 23.01981 ], [ 120.20125, 23.01981 ], [ 120.20126, 23.01978 ], [ 120.20126, 23.01981 ] ] ], [ [ [ 120.20114, 23.02001 ], [ 120.20115, 23.02001 ], [ 120.20114, 23.02003 ], [ 120.20114, 23.02001 ] ] ] ] }, { "type": "GeometryCollection", "geometries": [ { "type": "Point", "coordinates": [ 120.20129, 23.01973 ] }, { "type": "LineString", "coordinates": [ [ 120.20121, 23.01996 ], [ 120.20122, 23.01989 ] ] } ] }, { "type": "MultiPoint", "coordinates": [ [ 120.20117, 23.02012 ], [ 120.20118, 23.02009 ] ] } ] } },
{ "type": "Feature", "properties": { "park_id": 384, "scenario": "2026-07-21 13:00:00 CST", "solar_alt": 77.169251761822295, "solar_az": 261.46828659721001, "canopy_min": 2.0 }, "geometry": { "type": "GeometryCollection", "geometries": [ { "type": "MultiLineString", "coordinates": [ [ [ 120.18848, 22.99286 ], [ 120.18849, 22.99286 ] ], [ [ 120.18843, 22.99287 ], [ 120.18844, 22.99287 ] ], [ [ 120.18834, 22.99289 ], [ 120.18835, 22.99289 ] ], [ [ 120.18792, 22.99297 ], [ 120.18793, 22.99297 ] ] ] }, { "type": "MultiPoint", "coordinates": [ [ 120.1883, 22.9929 ], [ 120.18839, 22.99288 ] ] } ] } },
{ "type": "Feature", "properties": { "park_id": 385, "scenario": "2026-07-21 13:00:00 CST", "solar_alt": 77.169251761822295, "solar_az": 261.46828659721001, "canopy_min": 2.0 }, "geometry": { "type": "GeometryCollection", "geometries": [ { "type": "Polygon", "coordinates": [ [ [ 120.18623, 22.96925 ], [ 120.18624, 22.96926 ], [ 120.18623, 22.96926 ], [ 120.18623, 22.96925 ] ] ] }, { "type": "MultiLineString", "coordinates": [ [ [ 120.18533, 22.96933 ], [ 120.18534, 22.9693 ] ], [ [ 120.18533, 22.96959 ], [ 120.18534, 22.96959 ] ] ] } ] } },
{ "type": "Feature", "properties": { "park_id": 386, "scenario": "2026-07-21 13:00:00 CST", "solar_alt": 77.169251761822295, "solar_az": 261.46828659721001, "canopy_min": 2.0 }, "geometry": { "type": "GeometryCollection", "geometries": [ { "type": "LineString", "coordinates": [ [ 120.33242, 22.9678 ], [ 120.33243, 22.9678 ] ] }, { "type": "Point", "coordinates": [ 120.33237, 22.96772 ] } ] } },
{ "type": "Feature", "properties": { "park_id": 387, "scenario": "2026-07-21 13:00:00 CST", "solar_alt": 77.169251761822295, "solar_az": 261.46828659721001, "canopy_min": 2.0 }, "geometry": { "type": "GeometryCollection", "geometries": [ { "type": "MultiPolygon", "coordinates": [ [ [ [ 120.18457, 22.97494 ], [ 120.18458, 22.97494 ], [ 120.18457, 22.97495 ], [ 120.18457, 22.97494 ] ] ], [ [ [ 120.18477, 22.97577 ], [ 120.18478, 22.97577 ], [ 120.18477, 22.97578 ], [ 120.18477, 22.97577 ] ] ] ] }, { "type": "MultiLineString", "coordinates": [ [ [ 120.185, 22.97402 ], [ 120.18501, 22.97402 ] ], [ [ 120.18509, 22.97406 ], [ 120.18508, 22.97406 ] ], [ [ 120.18515, 22.97424 ], [ 120.18515, 22.97423 ] ], [ [ 120.18516, 22.97429 ], [ 120.18516, 22.97428 ] ], [ [ 120.18519, 22.97444 ], [ 120.18519, 22.97443 ] ], [ [ 120.1852, 22.97449 ], [ 120.1852, 22.97448 ] ], [ [ 120.18476, 22.97648 ], [ 120.18475, 22.97648 ] ], [ [ 120.18522, 22.97459 ], [ 120.18522, 22.97458 ] ], [ [ 120.18525, 22.97479 ], [ 120.18525, 22.97478 ] ], [ [ 120.18527, 22.97489 ], [ 120.18527, 22.97488 ] ], [ [ 120.18529, 22.97498 ], [ 120.18529, 22.97499 ] ], [ [ 120.18543, 22.97573 ], [ 120.18543, 22.97572 ] ], [ [ 120.18545, 22.97583 ], [ 120.18545, 22.97582 ] ] ] }, { "type": "MultiPoint", "coordinates": [ [ 120.18505, 22.97404 ], [ 120.1851, 22.97407 ], [ 120.18512, 22.97409 ], [ 120.18513, 22.97414 ], [ 120.18514, 22.97419 ], [ 120.18521, 22.97453 ], [ 120.18526, 22.97483 ], [ 120.18528, 22.97493 ], [ 120.1853, 22.97503 ], [ 120.18531, 22.97508 ], [ 120.18544, 22.97577 ], [ 120.18546, 22.97587 ] ] } ] } },
{ "type": "Feature", "properties": { "park_id": 389, "scenario": "2026-07-21 13:00:00 CST", "solar_alt": 77.169251761822295, "solar_az": 261.46828659721001, "canopy_min": 2.0 }, "geometry": { "type": "Polygon", "coordinates": [ [ [ 120.22236, 22.97427 ], [ 120.22236, 22.97426 ], [ 120.22237, 22.97426 ], [ 120.22236, 22.97427 ] ] ] } },
{ "type": "Feature", "properties": { "park_id": 390, "scenario": "2026-07-21 13:00:00 CST", "solar_alt": 77.169251761822295, "solar_az": 261.46828659721001, "canopy_min": 2.0 }, "geometry": { "type": "GeometryCollection", "geometries": [ { "type": "MultiPolygon", "coordinates": [ [ [ [ 120.20538, 22.99272 ], [ 120.20536, 22.99272 ], [ 120.20537, 22.99271 ], [ 120.20537, 22.99266 ], [ 120.20538, 22.99272 ] ] ], [ [ [ 120.20535, 22.99275 ], [ 120.20535, 22.99274 ], [ 120.20537, 22.99274 ], [ 120.20535, 22.99275 ] ] ], [ [ [ 120.20495, 22.99284 ], [ 120.20495, 22.99285 ], [ 120.20494, 22.99285 ], [ 120.20495, 22.99284 ] ] ], [ [ [ 120.20495, 22.99286 ], [ 120.20495, 22.99287 ], [ 120.20494, 22.99287 ], [ 120.20495, 22.99286 ] ] ] ] }, { "type": "Point", "coordinates": [ 120.20518, 22.99226 ] } ] } },
{ "type": "Feature", "properties": { "park_id": 391, "scenario": "2026-07-21 13:00:00 CST", "solar_alt": 77.169251761822295, "solar_az": 261.46828659721001, "canopy_min": 2.0 }, "geometry": { "type": "GeometryCollection", "geometries": [ { "type": "LineString", "coordinates": [ [ 120.20571, 23.00979 ], [ 120.2057, 23.00979 ] ] }, { "type": "LineString", "coordinates": [ [ 120.20573, 23.00986 ], [ 120.20573, 23.00985 ] ] }, { "type": "Point", "coordinates": [ 120.20569, 23.00975 ] } ] } },
{ "type": "Feature", "properties": { "park_id": 392, "scenario": "2026-07-21 13:00:00 CST", "solar_alt": 77.169251761822295, "solar_az": 261.46828659721001, "canopy_min": 2.0 }, "geometry": { "type": "MultiPolygon", "coordinates": [ [ [ [ 120.18576, 23.00477 ], [ 120.18576, 23.00475 ], [ 120.18577, 23.00475 ], [ 120.18576, 23.00477 ] ] ], [ [ [ 120.18578, 23.00514 ], [ 120.18578, 23.00513 ], [ 120.18579, 23.00513 ], [ 120.18578, 23.00514 ] ] ] ] } },
{ "type": "Feature", "properties": { "park_id": 393, "scenario": "2026-07-21 13:00:00 CST", "solar_alt": 77.169251761822295, "solar_az": 261.46828659721001, "canopy_min": 2.0 }, "geometry": { "type": "GeometryCollection", "geometries": [ { "type": "MultiPolygon", "coordinates": [ [ [ [ 120.22516, 22.99702 ], [ 120.22517, 22.99704 ], [ 120.22516, 22.99704 ], [ 120.22516, 22.99702 ] ] ], [ [ [ 120.22518, 22.99707 ], [ 120.22517, 22.99707 ], [ 120.22518, 22.99706 ], [ 120.22518, 22.99707 ] ] ], [ [ [ 120.22518, 22.99714 ], [ 120.22517, 22.99714 ], [ 120.22518, 22.99712 ], [ 120.22518, 22.99714 ] ] ], [ [ [ 120.22516, 22.99719 ], [ 120.22517, 22.99719 ], [ 120.22516, 22.9972 ], [ 120.22516, 22.99719 ] ] ], [ [ [ 120.22517, 22.99723 ], [ 120.22518, 22.99723 ], [ 120.22517, 22.99725 ], [ 120.22517, 22.99723 ] ] ], [ [ [ 120.22516, 22.99737 ], [ 120.22515, 22.99737 ], [ 120.22516, 22.99736 ], [ 120.22516, 22.99737 ] ] ], [ [ [ 120.22516, 22.99742 ], [ 120.22515, 22.99742 ], [ 120.22516, 22.9974 ], [ 120.22516, 22.99742 ] ] ], [ [ [ 120.2247, 22.99779 ], [ 120.22469, 22.99779 ], [ 120.22471, 22.99775 ], [ 120.2247, 22.99779 ] ] ], [ [ [ 120.22519, 22.99729 ], [ 120.22518, 22.99729 ], [ 120.22519, 22.99726 ], [ 120.22519, 22.99729 ] ] ], [ [ [ 120.22532, 22.99757 ], [ 120.22531, 22.99757 ], [ 120.22532, 22.99755 ], [ 120.22532, 22.99757 ] ] ], [ [ [ 120.22529, 22.99759 ], [ 120.2253, 22.99759 ], [ 120.22529, 22.99762 ], [ 120.22529, 22.99759 ] ] ], [ [ [ 120.22532, 22.99819 ], [ 120.22533, 22.99819 ], [ 120.22532, 22.9982 ], [ 120.22532, 22.99819 ] ] ], [ [ [ 120.22536, 22.99824 ], [ 120.22535, 22.99824 ], [ 120.22536, 22.99823 ], [ 120.22536, 22.99824 ] ] ], [ [ [ 120.22535, 22.99825 ], [ 120.22537, 22.99825 ], [ 120.22535, 22.99826 ], [ 120.22535, 22.99825 ] ] ], [ [ [ 120.22538, 22.99828 ], [ 120.22539, 22.99828 ], [ 120.22538, 22.99829 ], [ 120.22538, 22.99828 ] ] ] ] }, { "type": "MultiLineString", "coordinates": [ [ [ 120.22448, 22.99778 ], [ 120.22447, 22.99778 ] ], [ [ 120.22564, 22.99693 ], [ 120.22564, 22.99691 ] ], [ [ 120.22565, 22.99705 ], [ 120.22565, 22.99707 ] ], [ [ 120.22566, 22.9972 ], [ 120.22566, 22.99719 ] ], [ [ 120.22568, 22.99747 ], [ 120.22567, 22.99747 ] ] ] }, { "type": "Point", "coordinates": [ 120.22568, 22.99761 ] } ] } },
{ "type": "Feature", "properties": { "park_id": 394, "scenario": "2026-07-21 13:00:00 CST", "solar_alt": 77.169251761822295, "solar_az": 261.46828659721001, "canopy_min": 2.0 }, "geometry": { "type": "GeometryCollection", "geometries": [ { "type": "MultiPolygon", "coordinates": [ [ [ [ 120.22539, 22.99129 ], [ 120.2254, 22.99129 ], [ 120.2254, 22.99131 ], [ 120.22539, 22.99129 ] ] ], [ [ [ 120.22539, 22.9914 ], [ 120.2254, 22.99139 ], [ 120.2254, 22.9914 ], [ 120.22539, 22.9914 ] ] ], [ [ [ 120.22556, 22.99201 ], [ 120.22555, 22.992 ], [ 120.22556, 22.992 ], [ 120.22556, 22.99201 ] ] ], [ [ [ 120.22558, 22.99217 ], [ 120.22555, 22.99202 ], [ 120.22557, 22.99202 ], [ 120.22558, 22.99217 ] ] ], [ [ [ 120.22556, 22.99218 ], [ 120.22558, 22.99225 ], [ 120.22556, 22.99225 ], [ 120.22556, 22.99218 ] ] ], [ [ [ 120.22577, 22.99315 ], [ 120.22575, 22.9931 ], [ 120.22575, 22.99308 ], [ 120.22579, 22.9931 ], [ 120.22577, 22.99315 ] ] ] ] }, { "type": "MultiLineString", "coordinates": [ [ [ 120.22535, 22.991 ], [ 120.22535, 22.99099 ] ], [ [ 120.22448, 22.99349 ], [ 120.22447, 22.99349 ] ] ] }, { "type": "Point", "coordinates": [ 120.22536, 22.99103 ] } ] } },
{ "type": "Feature", "properties": { "park_id": 395, "scenario": "2026-07-21 13:00:00 CST", "solar_alt": 77.169251761822295, "solar_az": 261.46828659721001, "canopy_min": 2.0 }, "geometry": { "type": "GeometryCollection", "geometries": [ { "type": "LineString", "coordinates": [ [ 120.22565, 22.99876 ], [ 120.22565, 22.99875 ] ] }, { "type": "LineString", "coordinates": [ [ 120.22537, 22.99922 ], [ 120.22536, 22.99922 ] ] }, { "type": "LineString", "coordinates": [ [ 120.22527, 22.99922 ], [ 120.22527, 22.99923 ] ] }, { "type": "LineString", "coordinates": [ [ 120.22518, 22.99923 ], [ 120.22517, 22.99923 ] ] }, { "type": "LineString", "coordinates": [ [ 120.22508, 22.99924 ], [ 120.22509, 22.99924 ] ] }, { "type": "LineString", "coordinates": [ [ 120.22498, 22.99925 ], [ 120.22499, 22.99925 ] ] }, { "type": "LineString", "coordinates": [ [ 120.2249, 22.99926 ], [ 120.22489, 22.99926 ] ] }, { "type": "LineString", "coordinates": [ [ 120.22481, 22.99927 ], [ 120.2248, 22.99927 ] ] }, { "type": "LineString", "coordinates": [ [ 120.22471, 22.99928 ], [ 120.2247, 22.99928 ] ] }, { "type": "Point", "coordinates": [ 120.22564, 22.99866 ] } ] } },
{ "type": "Feature", "properties": { "park_id": 396, "scenario": "2026-07-21 13:00:00 CST", "solar_alt": 77.169251761822295, "solar_az": 261.46828659721001, "canopy_min": 2.0 }, "geometry": { "type": "GeometryCollection", "geometries": [ { "type": "MultiPolygon", "coordinates": [ [ [ [ 120.22548, 23.00103 ], [ 120.22548, 23.00102 ], [ 120.22549, 23.00102 ], [ 120.22548, 23.00103 ] ] ], [ [ [ 120.22549, 23.00108 ], [ 120.22548, 23.00109 ], [ 120.22548, 23.00108 ], [ 120.22549, 23.00108 ] ] ], [ [ [ 120.22553, 23.00119 ], [ 120.22552, 23.0012 ], [ 120.22552, 23.00119 ], [ 120.22553, 23.00119 ] ] ], [ [ [ 120.22622, 23.00125 ], [ 120.22622, 23.00124 ], [ 120.22623, 23.00124 ], [ 120.22622, 23.00125 ] ] ], [ [ [ 120.22622, 23.00144 ], [ 120.22621, 23.00141 ], [ 120.22622, 23.00141 ], [ 120.22622, 23.00144 ] ] ], [ [ [ 120.22535, 23.00144 ], [ 120.22536, 23.00143 ], [ 120.22536, 23.00144 ], [ 120.22535, 23.00144 ] ] ] ] }, { "type": "MultiLineString", "coordinates": [ [ [ 120.2255, 23.00118 ], [ 120.22551, 23.00118 ] ], [ [ 120.22537, 23.00145 ], [ 120.22536, 23.00145 ] ] ] }, { "type": "Point", "coordinates": [ 120.22683, 23.00124 ] } ] } },
{ "type": "Feature", "properties": { "park_id": 398, "scenario": "2026-07-21 13:00:00 CST", "solar_alt": 77.169251761822295, "solar_az": 261.46828659721001, "canopy_min": 2.0 }, "geometry": { "type": "GeometryCollection", "geometries": [ { "type": "MultiPolygon", "coordinates": [ [ [ [ 120.17259, 22.9942 ], [ 120.17258, 22.9942 ], [ 120.17258, 22.99415 ], [ 120.17259, 22.9942 ] ] ], [ [ [ 120.17164, 22.99443 ], [ 120.17165, 22.99443 ], [ 120.17165, 22.99444 ], [ 120.17164, 22.99443 ] ] ], [ [ [ 120.17181, 22.99453 ], [ 120.17182, 22.99453 ], [ 120.17182, 22.99454 ], [ 120.17181, 22.99453 ] ] ], [ [ [ 120.17183, 22.99456 ], [ 120.17183, 22.99455 ], [ 120.17184, 22.99455 ], [ 120.17183, 22.99456 ] ] ] ] }, { "type": "LineString", "coordinates": [ [ 120.17266, 22.9947 ], [ 120.17266, 22.99469 ] ] }, { "type": "Point", "coordinates": [ 120.17268, 22.99483 ] } ] } },
{ "type": "Feature", "properties": { "park_id": 399, "scenario": "2026-07-21 13:00:00 CST", "solar_alt": 77.169251761822295, "solar_az": 261.46828659721001, "canopy_min": 2.0 }, "geometry": { "type": "Polygon", "coordinates": [ [ [ 120.14996, 22.99696 ], [ 120.14997, 22.99696 ], [ 120.14997, 22.99697 ], [ 120.14996, 22.99696 ] ] ] } },
{ "type": "Feature", "properties": { "park_id": 401, "scenario": "2026-07-21 13:00:00 CST", "solar_alt": 77.169251761822295, "solar_az": 261.46828659721001, "canopy_min": 2.0 }, "geometry": { "type": "Polygon", "coordinates": [ [ [ 120.16398, 22.99453 ], [ 120.16399, 22.99453 ], [ 120.16399, 22.99454 ], [ 120.16398, 22.99453 ] ] ] } },
{ "type": "Feature", "properties": { "park_id": 402, "scenario": "2026-07-21 13:00:00 CST", "solar_alt": 77.169251761822295, "solar_az": 261.46828659721001, "canopy_min": 2.0 }, "geometry": { "type": "Polygon", "coordinates": [ [ [ 120.16398, 22.99453 ], [ 120.16399, 22.99453 ], [ 120.16399, 22.99454 ], [ 120.16398, 22.99453 ] ] ] } },
{ "type": "Feature", "properties": { "park_id": 403, "scenario": "2026-07-21 13:00:00 CST", "solar_alt": 77.169251761822295, "solar_az": 261.46828659721001, "canopy_min": 2.0 }, "geometry": { "type": "MultiPolygon", "coordinates": [ [ [ [ 120.18809, 22.96748 ], [ 120.18809, 22.9675 ], [ 120.18808, 22.9675 ], [ 120.18809, 22.96748 ] ] ], [ [ [ 120.18809, 22.96755 ], [ 120.18809, 22.96756 ], [ 120.18807, 22.96756 ], [ 120.18809, 22.96755 ] ] ] ] } },
{ "type": "Feature", "properties": { "park_id": 404, "scenario": "2026-07-21 13:00:00 CST", "solar_alt": 77.169251761822295, "solar_az": 261.46828659721001, "canopy_min": 2.0 }, "geometry": { "type": "MultiPolygon", "coordinates": [ [ [ [ 120.18809, 22.96748 ], [ 120.18809, 22.9675 ], [ 120.18808, 22.9675 ], [ 120.18809, 22.96748 ] ] ], [ [ [ 120.18809, 22.96755 ], [ 120.18809, 22.96756 ], [ 120.18807, 22.96756 ], [ 120.18809, 22.96755 ] ] ] ] } },
{ "type": "Feature", "properties": { "park_id": 407, "scenario": "2026-07-21 13:00:00 CST", "solar_alt": 77.169251761822295, "solar_az": 261.46828659721001, "canopy_min": 2.0 }, "geometry": { "type": "MultiPolygon", "coordinates": [ [ [ [ 120.18517, 22.96561 ], [ 120.18516, 22.96561 ], [ 120.18516, 22.9656 ], [ 120.18517, 22.96561 ] ] ], [ [ [ 120.18518, 22.96564 ], [ 120.18517, 22.96564 ], [ 120.18517, 22.96562 ], [ 120.18518, 22.96564 ] ] ] ] } },
{ "type": "Feature", "properties": { "park_id": 409, "scenario": "2026-07-21 13:00:00 CST", "solar_alt": 77.169251761822295, "solar_az": 261.46828659721001, "canopy_min": 2.0 }, "geometry": { "type": "Polygon", "coordinates": [ [ [ 120.19258, 22.96019 ], [ 120.19257, 22.96019 ], [ 120.19257, 22.96016 ], [ 120.19258, 22.96019 ] ] ] } },
{ "type": "Feature", "properties": { "park_id": 410, "scenario": "2026-07-21 13:00:00 CST", "solar_alt": 77.169251761822295, "solar_az": 261.46828659721001, "canopy_min": 2.0 }, "geometry": { "type": "GeometryCollection", "geometries": [ { "type": "MultiPolygon", "coordinates": [ [ [ [ 120.18748, 22.93032 ], [ 120.18749, 22.93032 ], [ 120.18748, 22.93033 ], [ 120.18748, 22.93032 ] ] ], [ [ [ 120.18696, 22.93116 ], [ 120.18697, 22.93116 ], [ 120.18696, 22.93118 ], [ 120.18696, 22.93116 ] ] ] ] }, { "type": "LineString", "coordinates": [ [ 120.18806, 22.93007 ], [ 120.18805, 22.93007 ] ] } ] } },
{ "type": "Feature", "properties": { "park_id": 413, "scenario": "2026-07-21 13:00:00 CST", "solar_alt": 77.169251761822295, "solar_az": 261.46828659721001, "canopy_min": 2.0 }, "geometry": { "type": "GeometryCollection", "geometries": [ { "type": "GeometryCollection", "geometries": [ { "type": "LineString", "coordinates": [ [ 120.28023, 22.92107 ], [ 120.28024, 22.92107 ] ] }, { "type": "Point", "coordinates": [ 120.28061, 22.92093 ] } ] }, { "type": "MultiPoint", "coordinates": [ [ 120.28005, 22.92114 ], [ 120.28007, 22.92114 ], [ 120.28012, 22.92112 ], [ 120.28019, 22.92109 ], [ 120.2803, 22.92105 ], [ 120.28037, 22.92102 ], [ 120.28042, 22.921 ] ] } ] } },
{ "type": "Feature", "properties": { "park_id": 414, "scenario": "2026-07-21 13:00:00 CST", "solar_alt": 77.169251761822295, "solar_az": 261.46828659721001, "canopy_min": 2.0 }, "geometry": { "type": "GeometryCollection", "geometries": [ { "type": "Point", "coordinates": [ 120.27431, 22.92319 ] }, { "type": "Point", "coordinates": [ 120.27426, 22.9232 ] } ] } },
{ "type": "Feature", "properties": { "park_id": 416, "scenario": "2026-07-21 13:00:00 CST", "solar_alt": 77.169251761822295, "solar_az": 261.46828659721001, "canopy_min": 2.0 }, "geometry": { "type": "GeometryCollection", "geometries": [ { "type": "MultiLineString", "coordinates": [ [ [ 120.28185, 22.92463 ], [ 120.28184, 22.92463 ] ], [ [ 120.28176, 22.92479 ], [ 120.28177, 22.92479 ] ] ] }, { "type": "MultiPoint", "coordinates": [ [ 120.28154, 22.92525 ], [ 120.28155, 22.92523 ], [ 120.28158, 22.92517 ], [ 120.28159, 22.92515 ], [ 120.28163, 22.92507 ], [ 120.28164, 22.92505 ], [ 120.28176, 22.92481 ], [ 120.28185, 22.92461 ], [ 120.28186, 22.92459 ], [ 120.28189, 22.92453 ], [ 120.2819, 22.92451 ], [ 120.28207, 22.92417 ], [ 120.28216, 22.92399 ], [ 120.28217, 22.92397 ], [ 120.28218, 22.92395 ] ] } ] } },
{ "type": "Feature", "properties": { "park_id": 417, "scenario": "2026-07-21 13:00:00 CST", "solar_alt": 77.169251761822295, "solar_az": 261.46828659721001, "canopy_min": 2.0 }, "geometry": { "type": "Polygon", "coordinates": [ [ [ 120.21748, 22.98694 ], [ 120.21746, 22.98694 ], [ 120.21746, 22.98693 ], [ 120.21748, 22.98694 ] ] ] } },
{ "type": "Feature", "properties": { "park_id": 419, "scenario": "2026-07-21 13:00:00 CST", "solar_alt": 77.169251761822295, "solar_az": 261.46828659721001, "canopy_min": 2.0 }, "geometry": { "type": "GeometryCollection", "geometries": [ { "type": "LineString", "coordinates": [ [ 120.32118, 23.31868 ], [ 120.32119, 23.31868 ] ] }, { "type": "Point", "coordinates": [ 120.32147, 23.31855 ] } ] } },
{ "type": "Feature", "properties": { "park_id": 420, "scenario": "2026-07-21 13:00:00 CST", "solar_alt": 77.169251761822295, "solar_az": 261.46828659721001, "canopy_min": 2.0 }, "geometry": { "type": "Polygon", "coordinates": [ [ [ 120.32117, 23.31833 ], [ 120.32117, 23.31836 ], [ 120.32115, 23.31835 ], [ 120.32117, 23.31833 ] ] ] } },
{ "type": "Feature", "properties": { "park_id": 421, "scenario": "2026-07-21 13:00:00 CST", "solar_alt": 77.169251761822295, "solar_az": 261.46828659721001, "canopy_min": 2.0 }, "geometry": { "type": "MultiLineString", "coordinates": [ [ [ 120.30538, 23.02873 ], [ 120.30539, 23.02873 ] ], [ [ 120.30548, 23.02874 ], [ 120.30549, 23.02874 ] ] ] } },
{ "type": "Feature", "properties": { "park_id": 423, "scenario": "2026-07-21 13:00:00 CST", "solar_alt": 77.169251761822295, "solar_az": 261.46828659721001, "canopy_min": 2.0 }, "geometry": { "type": "LineString", "coordinates": [ [ 120.25184, 22.96368 ], [ 120.25184, 22.96374 ] ] } },
{ "type": "Feature", "properties": { "park_id": 424, "scenario": "2026-07-21 13:00:00 CST", "solar_alt": 77.169251761822295, "solar_az": 261.46828659721001, "canopy_min": 2.0 }, "geometry": { "type": "GeometryCollection", "geometries": [ { "type": "GeometryCollection", "geometries": [ { "type": "LineString", "coordinates": [ [ 120.29027, 23.13783 ], [ 120.29027, 23.13784 ] ] }, { "type": "LineString", "coordinates": [ [ 120.29018, 23.13789 ], [ 120.29017, 23.13789 ] ] }, { "type": "LineString", "coordinates": [ [ 120.29092, 23.13618 ], [ 120.29092, 23.13617 ] ] }, { "type": "LineString", "coordinates": [ [ 120.29121, 23.13667 ], [ 120.29121, 23.13669 ] ] }, { "type": "LineString", "coordinates": [ [ 120.2912, 23.13694 ], [ 120.2912, 23.13693 ] ] }, { "type": "LineString", "coordinates": [ [ 120.29118, 23.1372 ], [ 120.29118, 23.13719 ] ] }, { "type": "Point", "coordinates": [ 120.29061, 23.13576 ] } ] }, { "type": "MultiPoint", "coordinates": [ [ 120.29013, 23.13792 ], [ 120.29022, 23.13786 ], [ 120.29032, 23.13781 ], [ 120.29037, 23.13778 ], [ 120.29042, 23.13775 ], [ 120.29047, 23.13773 ], [ 120.29052, 23.1377 ], [ 120.29064, 23.13579 ], [ 120.29065, 23.1358 ], [ 120.29094, 23.1362 ], [ 120.29096, 23.13623 ], [ 120.29104, 23.13629 ], [ 120.29122, 23.13644 ] ] } ] } },
{ "type": "Feature", "properties": { "park_id": 427, "scenario": "2026-07-21 13:00:00 CST", "solar_alt": 77.169251761822295, "solar_az": 261.46828659721001, "canopy_min": 2.0 }, "geometry": { "type": "Polygon", "coordinates": [ [ [ 120.3168, 23.27677 ], [ 120.31679, 23.27677 ], [ 120.31679, 23.27673 ], [ 120.3168, 23.27677 ] ] ] } },
{ "type": "Feature", "properties": { "park_id": 428, "scenario": "2026-07-21 13:00:00 CST", "solar_alt": 77.169251761822295, "solar_az": 261.46828659721001, "canopy_min": 2.0 }, "geometry": { "type": "GeometryCollection", "geometries": [ { "type": "MultiPolygon", "coordinates": [ [ [ [ 120.23355, 23.00793 ], [ 120.23355, 23.00792 ], [ 120.23356, 23.00793 ], [ 120.23355, 23.00793 ] ] ], [ [ [ 120.23336, 23.00815 ], [ 120.23336, 23.00816 ], [ 120.23335, 23.00815 ], [ 120.23336, 23.00815 ] ] ] ] }, { "type": "MultiLineString", "coordinates": [ [ [ 120.23349, 23.00821 ], [ 120.23351, 23.00821 ] ], [ [ 120.23341, 23.00822 ], [ 120.23343, 23.00822 ] ], [ [ 120.23333, 23.00823 ], [ 120.23334, 23.00823 ] ], [ [ 120.23292, 23.00827 ], [ 120.23293, 23.00827 ] ] ] } ] } },
{ "type": "Feature", "properties": { "park_id": 432, "scenario": "2026-07-21 13:00:00 CST", "solar_alt": 77.169251761822295, "solar_az": 261.46828659721001, "canopy_min": 2.0 }, "geometry": { "type": "GeometryCollection", "geometries": [ { "type": "MultiPolygon", "coordinates": [ [ [ [ 120.17156, 22.98678 ], [ 120.17157, 22.98677 ], [ 120.17157, 22.98678 ], [ 120.17156, 22.98678 ] ] ], [ [ [ 120.17146, 22.9871 ], [ 120.17147, 22.98709 ], [ 120.17147, 22.9871 ], [ 120.17146, 22.9871 ] ] ], [ [ [ 120.1726, 22.98713 ], [ 120.17261, 22.98712 ], [ 120.17261, 22.98713 ], [ 120.1726, 22.98713 ] ] ], [ [ [ 120.17251, 22.98743 ], [ 120.17252, 22.98744 ], [ 120.17251, 22.98744 ], [ 120.17251, 22.98743 ] ] ], [ [ [ 120.17274, 22.98743 ], [ 120.17275, 22.98744 ], [ 120.17274, 22.98744 ], [ 120.17274, 22.98743 ] ] ], [ [ [ 120.17276, 22.98805 ], [ 120.17277, 22.98804 ], [ 120.17277, 22.98805 ], [ 120.17276, 22.98805 ] ] ], [ [ [ 120.17277, 22.98808 ], [ 120.17278, 22.98807 ], [ 120.17278, 22.98808 ], [ 120.17277, 22.98808 ] ] ], [ [ [ 120.17284, 22.98812 ], [ 120.17283, 22.98812 ], [ 120.17284, 22.98811 ], [ 120.17284, 22.98812 ] ] ], [ [ [ 120.17265, 22.98845 ], [ 120.17265, 22.98843 ], [ 120.17266, 22.98845 ], [ 120.17265, 22.98845 ] ] ] ] }, { "type": "LineString", "coordinates": [ [ 120.17263, 22.98846 ], [ 120.17262, 22.98846 ] ] } ] } },
{ "type": "Feature", "properties": { "park_id": 433, "scenario": "2026-07-21 13:00:00 CST", "solar_alt": 77.169251761822295, "solar_az": 261.46828659721001, "canopy_min": 2.0 }, "geometry": { "type": "GeometryCollection", "geometries": [ { "type": "MultiPolygon", "coordinates": [ [ [ [ 120.19272, 22.98548 ], [ 120.19273, 22.98548 ], [ 120.19272, 22.98549 ], [ 120.19272, 22.98548 ] ] ], [ [ [ 120.19357, 22.98572 ], [ 120.19357, 22.98569 ], [ 120.19358, 22.98572 ], [ 120.19357, 22.98572 ] ] ], [ [ [ 120.19357, 22.98589 ], [ 120.19359, 22.98591 ], [ 120.19357, 22.98595 ], [ 120.19357, 22.98589 ] ] ], [ [ [ 120.19256, 22.98591 ], [ 120.19257, 22.98591 ], [ 120.19256, 22.98594 ], [ 120.19256, 22.98591 ] ] ], [ [ [ 120.19359, 22.98595 ], [ 120.1936, 22.98595 ], [ 120.19359, 22.98597 ], [ 120.19359, 22.98595 ] ] ], [ [ [ 120.1936, 22.98598 ], [ 120.19361, 22.98598 ], [ 120.1936, 22.986 ], [ 120.1936, 22.98598 ] ] ], [ [ [ 120.19361, 22.986 ], [ 120.19362, 22.986 ], [ 120.19361, 22.98601 ], [ 120.19361, 22.986 ] ] ], [ [ [ 120.19246, 22.98697 ], [ 120.19246, 22.98696 ], [ 120.19247, 22.98697 ], [ 120.19246, 22.98697 ] ] ], [ [ [ 120.19247, 22.98702 ], [ 120.19247, 22.98701 ], [ 120.19248, 22.98702 ], [ 120.19247, 22.98702 ] ] ], [ [ [ 120.1938, 22.98534 ], [ 120.19379, 22.98534 ], [ 120.1938, 22.98533 ], [ 120.1938, 22.98534 ] ] ], [ [ [ 120.19403, 22.98577 ], [ 120.19403, 22.98576 ], [ 120.19404, 22.98577 ], [ 120.19403, 22.98577 ] ] ], [ [ [ 120.19456, 22.98579 ], [ 120.19456, 22.98578 ], [ 120.19457, 22.98579 ], [ 120.19456, 22.98579 ] ] ], [ [ [ 120.19416, 22.98602 ], [ 120.19417, 22.98602 ], [ 120.19416, 22.98603 ], [ 120.19416, 22.98602 ] ] ], [ [ [ 120.19362, 22.98603 ], [ 120.19363, 22.98603 ], [ 120.19362, 22.98604 ], [ 120.19362, 22.98603 ] ] ], [ [ [ 120.19364, 22.98604 ], [ 120.19365, 22.98604 ], [ 120.19364, 22.98605 ], [ 120.19364, 22.98604 ] ] ], [ [ [ 120.1947, 22.98626 ], [ 120.19469, 22.98626 ], [ 120.19469, 22.98623 ], [ 120.1947, 22.98626 ] ] ], [ [ [ 120.19448, 22.98697 ], [ 120.19449, 22.98697 ], [ 120.19448, 22.98699 ], [ 120.19448, 22.98697 ] ] ] ] }, { "type": "MultiLineString", "coordinates": [ [ [ 120.19369, 22.98534 ], [ 120.19369, 22.98537 ] ], [ [ 120.19347, 22.98575 ], [ 120.19346, 22.98575 ] ], [ [ 120.19234, 22.98625 ], [ 120.19235, 22.98625 ] ], [ [ 120.19456, 22.98581 ], [ 120.19457, 22.98581 ] ], [ [ 120.19462, 22.98749 ], [ 120.19462, 22.9875 ] ], [ [ 120.19442, 22.98758 ], [ 120.19443, 22.98758 ] ] ] }, { "type": "MultiPoint", "coordinates": [ [ 120.19379, 22.98771 ], [ 120.19415, 22.98764 ], [ 120.1942, 22.98763 ], [ 120.19434, 22.9876 ], [ 120.19447, 22.98758 ] ] } ] } },
{ "type": "Feature", "properties": { "park_id": 434, "scenario": "2026-07-21 13:00:00 CST", "solar_alt": 77.169251761822295, "solar_az": 261.46828659721001, "canopy_min": 2.0 }, "geometry": { "type": "GeometryCollection", "geometries": [ { "type": "MultiPolygon", "coordinates": [ [ [ [ 120.15837, 22.98791 ], [ 120.15838, 22.98791 ], [ 120.15837, 22.98792 ], [ 120.15837, 22.98791 ] ] ], [ [ [ 120.15838, 22.98794 ], [ 120.15838, 22.98792 ], [ 120.1584, 22.98793 ], [ 120.15838, 22.98794 ] ] ], [ [ [ 120.15819, 22.98793 ], [ 120.15819, 22.98794 ], [ 120.15816, 22.98793 ], [ 120.15819, 22.98793 ] ] ], [ [ [ 120.15931, 22.98811 ], [ 120.15931, 22.98812 ], [ 120.1593, 22.98812 ], [ 120.15931, 22.98811 ] ] ], [ [ [ 120.15925, 22.98831 ], [ 120.15925, 22.9883 ], [ 120.15926, 22.9883 ], [ 120.15925, 22.98831 ] ] ], [ [ [ 120.15802, 22.98852 ], [ 120.15802, 22.98851 ], [ 120.15803, 22.98851 ], [ 120.15802, 22.98852 ] ] ], [ [ [ 120.15803, 22.98862 ], [ 120.15802, 22.98862 ], [ 120.15802, 22.9886 ], [ 120.15803, 22.98862 ] ] ], [ [ [ 120.15883, 22.98876 ], [ 120.15884, 22.98876 ], [ 120.15884, 22.98877 ], [ 120.15883, 22.98876 ] ] ], [ [ [ 120.15761, 22.9889 ], [ 120.15761, 22.98888 ], [ 120.15762, 22.98888 ], [ 120.15761, 22.9889 ] ] ], [ [ [ 120.15759, 22.98893 ], [ 120.15759, 22.98892 ], [ 120.1576, 22.98892 ], [ 120.15759, 22.98893 ] ] ], [ [ [ 120.15762, 22.98895 ], [ 120.15761, 22.98895 ], [ 120.15761, 22.98894 ], [ 120.15762, 22.98895 ] ] ], [ [ [ 120.15798, 22.98897 ], [ 120.15799, 22.98897 ], [ 120.15799, 22.98898 ], [ 120.15798, 22.98897 ] ] ], [ [ [ 120.15873, 22.98898 ], [ 120.15873, 22.98899 ], [ 120.15872, 22.98899 ], [ 120.15873, 22.98898 ] ] ], [ [ [ 120.15938, 22.9903 ], [ 120.15937, 22.9903 ], [ 120.15937, 22.99029 ], [ 120.15938, 22.9903 ] ] ], [ [ [ 120.15928, 22.99042 ], [ 120.15928, 22.99043 ], [ 120.15927, 22.99043 ], [ 120.15928, 22.99042 ] ] ], [ [ [ 120.16069, 22.98689 ], [ 120.16067, 22.98689 ], [ 120.16069, 22.98688 ], [ 120.16069, 22.98689 ] ] ], [ [ [ 120.15997, 22.9874 ], [ 120.15997, 22.98741 ], [ 120.15996, 22.98741 ], [ 120.15997, 22.9874 ] ] ], [ [ [ 120.15979, 22.98742 ], [ 120.1598, 22.98742 ], [ 120.1598, 22.98743 ], [ 120.15979, 22.98742 ] ] ], [ [ [ 120.15995, 22.98744 ], [ 120.15994, 22.98744 ], [ 120.15994, 22.98742 ], [ 120.15995, 22.98744 ] ] ], [ [ [ 120.16057, 22.98743 ], [ 120.16057, 22.98744 ], [ 120.16056, 22.98744 ], [ 120.16057, 22.98743 ] ] ], [ [ [ 120.15994, 22.98748 ], [ 120.15994, 22.98745 ], [ 120.15995, 22.98745 ], [ 120.15994, 22.98748 ] ] ], [ [ [ 120.15979, 22.98769 ], [ 120.1598, 22.98763 ], [ 120.15982, 22.98763 ], [ 120.15979, 22.98769 ] ] ], [ [ [ 120.16044, 22.98769 ], [ 120.16045, 22.98769 ], [ 120.16045, 22.98771 ], [ 120.16044, 22.98769 ] ] ], [ [ [ 120.16037, 22.9878 ], [ 120.16036, 22.9878 ], [ 120.16036, 22.98779 ], [ 120.16037, 22.9878 ] ] ], [ [ [ 120.16037, 22.98789 ], [ 120.16037, 22.98788 ], [ 120.16038, 22.98788 ], [ 120.16037, 22.98789 ] ] ], [ [ [ 120.15942, 22.98901 ], [ 120.15942, 22.989 ], [ 120.15943, 22.989 ], [ 120.15942, 22.98901 ] ] ], [ [ [ 120.15939, 22.98929 ], [ 120.15939, 22.98928 ], [ 120.1594, 22.98928 ], [ 120.15939, 22.98929 ] ] ], [ [ [ 120.1596, 22.9894 ], [ 120.1596, 22.98939 ], [ 120.15961, 22.98939 ], [ 120.1596, 22.9894 ] ] ], [ [ [ 120.15937, 22.99031 ], [ 120.15938, 22.99031 ], [ 120.15938, 22.99032 ], [ 120.15937, 22.99031 ] ] ], [ [ [ 120.15979, 22.9907 ], [ 120.1598, 22.9907 ], [ 120.1598, 22.99072 ], [ 120.15979, 22.9907 ] ] ] ] }, { "type": "MultiLineString", "coordinates": [ [ [ 120.15863, 22.98798 ], [ 120.15862, 22.98798 ] ], [ [ 120.15885, 22.98879 ], [ 120.15885, 22.9888 ] ], [ [ 120.16073, 22.98693 ], [ 120.16073, 22.98692 ] ], [ [ 120.16071, 22.98698 ], [ 120.16071, 22.98699 ] ], [ [ 120.16068, 22.98708 ], [ 120.16068, 22.98709 ] ], [ [ 120.15977, 22.99065 ], [ 120.15978, 22.99065 ] ] ] }, { "type": "MultiPoint", "coordinates": [ [ 120.16066, 22.98715 ], [ 120.16067, 22.98712 ], [ 120.1607, 22.98702 ], [ 120.16072, 22.98696 ] ] } ] } },
{ "type": "Feature", "properties": { "park_id": 436, "scenario": "2026-07-21 13:00:00 CST", "solar_alt": 77.169251761822295, "solar_az": 261.46828659721001, "canopy_min": 2.0 }, "geometry": { "type": "GeometryCollection", "geometries": [ { "type": "Polygon", "coordinates": [ [ [ 120.21986, 23.00872 ], [ 120.21987, 23.00871 ], [ 120.21987, 23.00872 ], [ 120.21986, 23.00872 ] ] ] }, { "type": "LineString", "coordinates": [ [ 120.22012, 23.00842 ], [ 120.22012, 23.00843 ] ] }, { "type": "Point", "coordinates": [ 120.22011, 23.00851 ] } ] } },
{ "type": "Feature", "properties": { "park_id": 437, "scenario": "2026-07-21 13:00:00 CST", "solar_alt": 77.169251761822295, "solar_az": 261.46828659721001, "canopy_min": 2.0 }, "geometry": { "type": "GeometryCollection", "geometries": [ { "type": "MultiPolygon", "coordinates": [ [ [ [ 120.21059, 23.00075 ], [ 120.21059, 23.00074 ], [ 120.2106, 23.00075 ], [ 120.21059, 23.00075 ] ] ], [ [ [ 120.2106, 23.0008 ], [ 120.21059, 23.00079 ], [ 120.2106, 23.00077 ], [ 120.2106, 23.0008 ] ] ], [ [ [ 120.2101, 23.00087 ], [ 120.21008, 23.00086 ], [ 120.2101, 23.00086 ], [ 120.2101, 23.00087 ] ] ], [ [ [ 120.21036, 23.00099 ], [ 120.21036, 23.001 ], [ 120.21035, 23.00099 ], [ 120.21036, 23.00099 ] ] ], [ [ [ 120.20996, 23.00101 ], [ 120.20997, 23.00101 ], [ 120.20996, 23.00102 ], [ 120.20996, 23.00101 ] ] ], [ [ [ 120.21106, 23.00189 ], [ 120.21107, 23.00189 ], [ 120.21106, 23.0019 ], [ 120.21106, 23.00189 ] ] ], [ [ [ 120.2111, 23.00205 ], [ 120.21109, 23.00205 ], [ 120.2111, 23.00203 ], [ 120.2111, 23.00205 ] ] ], [ [ [ 120.21056, 23.00221 ], [ 120.21057, 23.00221 ], [ 120.21057, 23.00222 ], [ 120.21056, 23.00221 ] ] ], [ [ [ 120.21119, 23.00249 ], [ 120.2112, 23.00253 ], [ 120.21118, 23.00253 ], [ 120.21119, 23.00249 ] ] ], [ [ [ 120.2113, 23.0015 ], [ 120.21129, 23.0015 ], [ 120.2113, 23.00149 ], [ 120.2113, 23.0015 ] ] ], [ [ [ 120.21125, 23.00235 ], [ 120.21124, 23.00235 ], [ 120.21125, 23.00233 ], [ 120.21125, 23.00235 ] ] ], [ [ [ 120.21241, 23.00245 ], [ 120.21241, 23.00247 ], [ 120.2124, 23.00245 ], [ 120.21241, 23.00245 ] ] ], [ [ [ 120.21213, 23.00249 ], [ 120.21214, 23.00249 ], [ 120.21213, 23.0025 ], [ 120.21213, 23.00249 ] ] ], [ [ [ 120.21119, 23.00256 ], [ 120.21119, 23.00254 ], [ 120.2112, 23.00256 ], [ 120.21119, 23.00256 ] ] ], [ [ [ 120.21125, 23.00265 ], [ 120.21126, 23.00265 ], [ 120.21125, 23.00267 ], [ 120.21125, 23.00265 ] ] ], [ [ [ 120.21127, 23.00268 ], [ 120.21127, 23.00269 ], [ 120.21126, 23.00268 ], [ 120.21127, 23.00268 ] ] ], [ [ [ 120.21259, 23.00273 ], [ 120.21259, 23.00274 ], [ 120.21257, 23.00274 ], [ 120.21259, 23.00273 ] ] ], [ [ [ 120.21132, 23.00278 ], [ 120.21132, 23.00276 ], [ 120.21133, 23.00276 ], [ 120.21132, 23.00278 ] ] ] ] }, { "type": "MultiLineString", "coordinates": [ [ [ 120.21033, 23.00115 ], [ 120.21032, 23.00115 ] ], [ [ 120.20992, 23.00151 ], [ 120.20993, 23.00151 ] ], [ [ 120.21131, 23.00118 ], [ 120.21131, 23.00119 ] ], [ [ 120.21132, 23.00279 ], [ 120.21133, 23.00279 ] ] ] } ] } },
{ "type": "Feature", "properties": { "park_id": 438, "scenario": "2026-07-21 13:00:00 CST", "solar_alt": 77.169251761822295, "solar_az": 261.46828659721001, "canopy_min": 2.0 }, "geometry": { "type": "Polygon", "coordinates": [ [ [ 120.21488, 23.04252 ], [ 120.21487, 23.04252 ], [ 120.21487, 23.04251 ], [ 120.21488, 23.04252 ] ] ] } },
{ "type": "Feature", "properties": { "park_id": 440, "scenario": "2026-07-21 13:00:00 CST", "solar_alt": 77.169251761822295, "solar_az": 261.46828659721001, "canopy_min": 2.0 }, "geometry": { "type": "GeometryCollection", "geometries": [ { "type": "Polygon", "coordinates": [ [ [ 120.45771, 23.11886 ], [ 120.4577, 23.11885 ], [ 120.45771, 23.11885 ], [ 120.45771, 23.11886 ] ] ] }, { "type": "LineString", "coordinates": [ [ 120.45805, 23.11854 ], [ 120.45806, 23.11854 ] ] } ] } },
{ "type": "Feature", "properties": { "park_id": 442, "scenario": "2026-07-21 13:00:00 CST", "solar_alt": 77.169251761822295, "solar_az": 261.46828659721001, "canopy_min": 2.0 }, "geometry": { "type": "MultiPolygon", "coordinates": [ [ [ [ 120.26155, 22.9687 ], [ 120.26155, 22.96875 ], [ 120.26154, 22.96875 ], [ 120.26155, 22.9687 ] ] ], [ [ [ 120.26153, 22.96876 ], [ 120.26154, 22.96876 ], [ 120.26154, 22.96877 ], [ 120.26153, 22.96876 ] ] ], [ [ [ 120.26193, 22.96941 ], [ 120.26193, 22.96942 ], [ 120.26192, 22.96942 ], [ 120.26193, 22.96941 ] ] ], [ [ [ 120.26193, 22.96959 ], [ 120.26194, 22.96959 ], [ 120.26194, 22.9696 ], [ 120.26193, 22.96959 ] ] ], [ [ [ 120.26194, 22.9696 ], [ 120.26195, 22.9696 ], [ 120.26196, 22.96968 ], [ 120.26194, 22.96968 ], [ 120.26194, 22.9696 ] ] ], [ [ [ 120.26194, 22.9697 ], [ 120.26195, 22.9697 ], [ 120.26195, 22.96971 ], [ 120.26194, 22.9697 ] ] ], [ [ [ 120.26152, 22.96972 ], [ 120.26153, 22.96972 ], [ 120.26153, 22.96973 ], [ 120.26152, 22.96972 ] ] ], [ [ [ 120.26152, 22.96974 ], [ 120.26153, 22.96974 ], [ 120.26153, 22.96975 ], [ 120.26152, 22.96974 ] ] ] ] } },
{ "type": "Feature", "properties": { "park_id": 443, "scenario": "2026-07-21 13:00:00 CST", "solar_alt": 77.169251761822295, "solar_az": 261.46828659721001, "canopy_min": 2.0 }, "geometry": { "type": "MultiPolygon", "coordinates": [ [ [ [ 120.26155, 22.9687 ], [ 120.26155, 22.96875 ], [ 120.26154, 22.96875 ], [ 120.26155, 22.9687 ] ] ], [ [ [ 120.26153, 22.96876 ], [ 120.26154, 22.96876 ], [ 120.26154, 22.96877 ], [ 120.26153, 22.96876 ] ] ], [ [ [ 120.26193, 22.96941 ], [ 120.26193, 22.96942 ], [ 120.26192, 22.96942 ], [ 120.26193, 22.96941 ] ] ], [ [ [ 120.26193, 22.96959 ], [ 120.26194, 22.96959 ], [ 120.26194, 22.9696 ], [ 120.26193, 22.96959 ] ] ], [ [ [ 120.26194, 22.9696 ], [ 120.26195, 22.9696 ], [ 120.26196, 22.96968 ], [ 120.26194, 22.96968 ], [ 120.26194, 22.9696 ] ] ], [ [ [ 120.26194, 22.9697 ], [ 120.26195, 22.9697 ], [ 120.26195, 22.96971 ], [ 120.26194, 22.9697 ] ] ], [ [ [ 120.26152, 22.96972 ], [ 120.26153, 22.96972 ], [ 120.26153, 22.96973 ], [ 120.26152, 22.96972 ] ] ], [ [ [ 120.26152, 22.96974 ], [ 120.26153, 22.96974 ], [ 120.26153, 22.96975 ], [ 120.26152, 22.96974 ] ] ] ] } },
{ "type": "Feature", "properties": { "park_id": 444, "scenario": "2026-07-21 13:00:00 CST", "solar_alt": 77.169251761822295, "solar_az": 261.46828659721001, "canopy_min": 2.0 }, "geometry": { "type": "MultiPolygon", "coordinates": [ [ [ [ 120.26155, 22.9687 ], [ 120.26155, 22.96875 ], [ 120.26154, 22.96875 ], [ 120.26155, 22.9687 ] ] ], [ [ [ 120.26153, 22.96876 ], [ 120.26154, 22.96876 ], [ 120.26154, 22.96877 ], [ 120.26153, 22.96876 ] ] ], [ [ [ 120.26193, 22.96941 ], [ 120.26193, 22.96942 ], [ 120.26192, 22.96942 ], [ 120.26193, 22.96941 ] ] ], [ [ [ 120.26193, 22.96959 ], [ 120.26194, 22.96959 ], [ 120.26194, 22.9696 ], [ 120.26193, 22.96959 ] ] ], [ [ [ 120.26194, 22.9696 ], [ 120.26195, 22.9696 ], [ 120.26196, 22.96968 ], [ 120.26194, 22.96968 ], [ 120.26194, 22.9696 ] ] ], [ [ [ 120.26194, 22.9697 ], [ 120.26195, 22.9697 ], [ 120.26195, 22.96971 ], [ 120.26194, 22.9697 ] ] ], [ [ [ 120.26152, 22.96972 ], [ 120.26153, 22.96972 ], [ 120.26153, 22.96973 ], [ 120.26152, 22.96972 ] ] ], [ [ [ 120.26152, 22.96974 ], [ 120.26153, 22.96974 ], [ 120.26153, 22.96975 ], [ 120.26152, 22.96974 ] ] ] ] } },
{ "type": "Feature", "properties": { "park_id": 445, "scenario": "2026-07-21 13:00:00 CST", "solar_alt": 77.169251761822295, "solar_az": 261.46828659721001, "canopy_min": 2.0 }, "geometry": { "type": "MultiPolygon", "coordinates": [ [ [ [ 120.26155, 22.9687 ], [ 120.26155, 22.96875 ], [ 120.26154, 22.96875 ], [ 120.26155, 22.9687 ] ] ], [ [ [ 120.26153, 22.96876 ], [ 120.26154, 22.96876 ], [ 120.26154, 22.96877 ], [ 120.26153, 22.96876 ] ] ], [ [ [ 120.26193, 22.96941 ], [ 120.26193, 22.96942 ], [ 120.26192, 22.96942 ], [ 120.26193, 22.96941 ] ] ], [ [ [ 120.26193, 22.96959 ], [ 120.26194, 22.96959 ], [ 120.26194, 22.9696 ], [ 120.26193, 22.96959 ] ] ], [ [ [ 120.26194, 22.9696 ], [ 120.26195, 22.9696 ], [ 120.26196, 22.96968 ], [ 120.26194, 22.96968 ], [ 120.26194, 22.9696 ] ] ], [ [ [ 120.26194, 22.9697 ], [ 120.26195, 22.9697 ], [ 120.26195, 22.96971 ], [ 120.26194, 22.9697 ] ] ], [ [ [ 120.26152, 22.96972 ], [ 120.26153, 22.96972 ], [ 120.26153, 22.96973 ], [ 120.26152, 22.96972 ] ] ], [ [ [ 120.26152, 22.96974 ], [ 120.26153, 22.96974 ], [ 120.26153, 22.96975 ], [ 120.26152, 22.96974 ] ] ] ] } },
{ "type": "Feature", "properties": { "park_id": 446, "scenario": "2026-07-21 13:00:00 CST", "solar_alt": 77.169251761822295, "solar_az": 261.46828659721001, "canopy_min": 2.0 }, "geometry": { "type": "MultiPolygon", "coordinates": [ [ [ [ 120.26155, 22.9687 ], [ 120.26155, 22.96875 ], [ 120.26154, 22.96875 ], [ 120.26155, 22.9687 ] ] ], [ [ [ 120.26153, 22.96876 ], [ 120.26154, 22.96876 ], [ 120.26154, 22.96877 ], [ 120.26153, 22.96876 ] ] ], [ [ [ 120.26193, 22.96941 ], [ 120.26193, 22.96942 ], [ 120.26192, 22.96942 ], [ 120.26193, 22.96941 ] ] ], [ [ [ 120.26193, 22.96959 ], [ 120.26194, 22.96959 ], [ 120.26194, 22.9696 ], [ 120.26193, 22.96959 ] ] ], [ [ [ 120.26194, 22.9696 ], [ 120.26195, 22.9696 ], [ 120.26196, 22.96968 ], [ 120.26194, 22.96968 ], [ 120.26194, 22.9696 ] ] ], [ [ [ 120.26194, 22.9697 ], [ 120.26195, 22.9697 ], [ 120.26195, 22.96971 ], [ 120.26194, 22.9697 ] ] ], [ [ [ 120.26152, 22.96972 ], [ 120.26153, 22.96972 ], [ 120.26153, 22.96973 ], [ 120.26152, 22.96972 ] ] ], [ [ [ 120.26152, 22.96974 ], [ 120.26153, 22.96974 ], [ 120.26153, 22.96975 ], [ 120.26152, 22.96974 ] ] ] ] } },
{ "type": "Feature", "properties": { "park_id": 448, "scenario": "2026-07-21 13:00:00 CST", "solar_alt": 77.169251761822295, "solar_az": 261.46828659721001, "canopy_min": 2.0 }, "geometry": { "type": "GeometryCollection", "geometries": [ { "type": "MultiLineString", "coordinates": [ [ [ 120.25214, 22.96517 ], [ 120.25215, 22.96517 ] ], [ [ 120.25171, 22.96523 ], [ 120.25172, 22.96523 ] ], [ [ 120.25184, 22.96524 ], [ 120.25184, 22.96525 ] ] ] }, { "type": "MultiPoint", "coordinates": [ [ 120.25188, 22.96524 ], [ 120.25207, 22.96519 ], [ 120.25211, 22.96518 ] ] } ] } },
{ "type": "Feature", "properties": { "park_id": 451, "scenario": "2026-07-21 13:00:00 CST", "solar_alt": 77.169251761822295, "solar_az": 261.46828659721001, "canopy_min": 2.0 }, "geometry": { "type": "GeometryCollection", "geometries": [ { "type": "Polygon", "coordinates": [ [ [ 120.22629, 23.00414 ], [ 120.22628, 23.00416 ], [ 120.22628, 23.00414 ], [ 120.22629, 23.00414 ] ] ] }, { "type": "Point", "coordinates": [ 120.22645, 23.00397 ] } ] } },
{ "type": "Feature", "properties": { "park_id": 456, "scenario": "2026-07-21 13:00:00 CST", "solar_alt": 77.169251761822295, "solar_az": 261.46828659721001, "canopy_min": 2.0 }, "geometry": { "type": "Point", "coordinates": [ 120.18353, 23.00817 ] } },
{ "type": "Feature", "properties": { "park_id": 457, "scenario": "2026-07-21 13:00:00 CST", "solar_alt": 77.169251761822295, "solar_az": 261.46828659721001, "canopy_min": 2.0 }, "geometry": { "type": "GeometryCollection", "geometries": [ { "type": "Point", "coordinates": [ 120.18244, 23.00594 ] }, { "type": "Point", "coordinates": [ 120.18255, 23.00599 ] } ] } },
{ "type": "Feature", "properties": { "park_id": 458, "scenario": "2026-07-21 13:00:00 CST", "solar_alt": 77.169251761822295, "solar_az": 261.46828659721001, "canopy_min": 2.0 }, "geometry": { "type": "MultiPolygon", "coordinates": [ [ [ [ 120.19796, 23.01664 ], [ 120.19796, 23.01663 ], [ 120.19797, 23.01663 ], [ 120.19796, 23.01664 ] ] ], [ [ [ 120.19796, 23.01666 ], [ 120.19797, 23.01666 ], [ 120.19797, 23.01668 ], [ 120.19796, 23.01666 ] ] ], [ [ [ 120.19792, 23.01708 ], [ 120.1979, 23.01708 ], [ 120.1979, 23.01706 ], [ 120.19792, 23.01708 ] ] ] ] } },
{ "type": "Feature", "properties": { "park_id": 459, "scenario": "2026-07-21 13:00:00 CST", "solar_alt": 77.169251761822295, "solar_az": 261.46828659721001, "canopy_min": 2.0 }, "geometry": { "type": "GeometryCollection", "geometries": [ { "type": "MultiPolygon", "coordinates": [ [ [ [ 120.18829, 23.01215 ], [ 120.1883, 23.01215 ], [ 120.1883, 23.01216 ], [ 120.18829, 23.01215 ] ] ], [ [ [ 120.18836, 23.01225 ], [ 120.18837, 23.01225 ], [ 120.18837, 23.01226 ], [ 120.18836, 23.01225 ] ] ], [ [ [ 120.18838, 23.01236 ], [ 120.18839, 23.01236 ], [ 120.18839, 23.01237 ], [ 120.18838, 23.01236 ] ] ], [ [ [ 120.1884, 23.01238 ], [ 120.18839, 23.01238 ], [ 120.18839, 23.01237 ], [ 120.1884, 23.01237 ], [ 120.1884, 23.01238 ] ] ] ] }, { "type": "LineString", "coordinates": [ [ 120.18837, 23.01222 ], [ 120.18837, 23.01223 ] ] } ] } },
{ "type": "Feature", "properties": { "park_id": 460, "scenario": "2026-07-21 13:00:00 CST", "solar_alt": 77.169251761822295, "solar_az": 261.46828659721001, "canopy_min": 2.0 }, "geometry": { "type": "Point", "coordinates": [ 120.18964, 23.01572 ] } },
{ "type": "Feature", "properties": { "park_id": 462, "scenario": "2026-07-21 13:00:00 CST", "solar_alt": 77.169251761822295, "solar_az": 261.46828659721001, "canopy_min": 2.0 }, "geometry": { "type": "Polygon", "coordinates": [ [ [ 120.19711, 23.01125 ], [ 120.1971, 23.01125 ], [ 120.1971, 23.01124 ], [ 120.19711, 23.01125 ] ] ] } },
{ "type": "Feature", "properties": { "park_id": 463, "scenario": "2026-07-21 13:00:00 CST", "solar_alt": 77.169251761822295, "solar_az": 261.46828659721001, "canopy_min": 2.0 }, "geometry": { "type": "GeometryCollection", "geometries": [ { "type": "MultiPolygon", "coordinates": [ [ [ [ 120.17948, 22.99552 ], [ 120.17948, 22.99551 ], [ 120.17949, 22.99552 ], [ 120.17948, 22.99552 ] ] ], [ [ [ 120.17948, 22.99554 ], [ 120.17948, 22.99553 ], [ 120.17949, 22.99554 ], [ 120.17948, 22.99554 ] ] ], [ [ [ 120.1795, 22.99554 ], [ 120.1795, 22.99553 ], [ 120.17951, 22.99554 ], [ 120.1795, 22.99554 ] ] ], [ [ [ 120.18015, 22.99566 ], [ 120.18014, 22.99566 ], [ 120.18015, 22.99557 ], [ 120.18015, 22.99566 ] ] ], [ [ [ 120.17945, 22.99573 ], [ 120.17944, 22.99573 ], [ 120.17945, 22.99572 ], [ 120.17945, 22.99573 ] ] ], [ [ [ 120.18009, 22.99574 ], [ 120.18009, 22.99573 ], [ 120.1801, 22.99574 ], [ 120.18009, 22.99574 ] ] ], [ [ [ 120.17928, 22.99585 ], [ 120.17928, 22.99586 ], [ 120.17927, 22.99585 ], [ 120.17928, 22.99585 ] ] ], [ [ [ 120.1793, 22.99589 ], [ 120.17929, 22.99589 ], [ 120.1793, 22.99588 ], [ 120.1793, 22.99589 ] ] ], [ [ [ 120.18048, 22.99557 ], [ 120.18048, 22.99555 ], [ 120.18049, 22.99557 ], [ 120.18048, 22.99557 ] ] ], [ [ [ 120.18048, 22.9956 ], [ 120.18048, 22.99559 ], [ 120.18049, 22.9956 ], [ 120.18048, 22.9956 ] ] ], [ [ [ 120.18051, 22.99587 ], [ 120.18051, 22.99588 ], [ 120.1805, 22.99587 ], [ 120.18051, 22.99587 ] ] ], [ [ [ 120.18062, 22.99659 ], [ 120.18061, 22.99659 ], [ 120.18062, 22.99658 ], [ 120.18062, 22.99659 ] ] ], [ [ [ 120.18061, 22.99661 ], [ 120.18061, 22.9966 ], [ 120.18063, 22.99662 ], [ 120.18061, 22.99661 ] ] ], [ [ [ 120.18062, 22.99666 ], [ 120.18062, 22.99668 ], [ 120.18061, 22.99666 ], [ 120.18062, 22.99666 ] ] ], [ [ [ 120.18063, 22.99668 ], [ 120.18063, 22.99669 ], [ 120.18062, 22.99668 ], [ 120.18063, 22.99668 ] ] ], [ [ [ 120.18041, 22.99692 ], [ 120.18041, 22.99693 ], [ 120.1804, 22.99692 ], [ 120.18041, 22.99692 ] ] ] ] }, { "type": "MultiLineString", "coordinates": [ [ [ 120.17928, 22.99581 ], [ 120.17927, 22.99582 ] ], [ [ 120.17927, 22.99584 ], [ 120.17927, 22.99583 ] ], [ [ 120.18055, 22.99615 ], [ 120.18056, 22.99615 ] ] ] } ] } },
{ "type": "Feature", "properties": { "park_id": 465, "scenario": "2026-07-21 13:00:00 CST", "solar_alt": 77.169251761822295, "solar_az": 261.46828659721001, "canopy_min": 2.0 }, "geometry": { "type": "GeometryCollection", "geometries": [ { "type": "MultiPolygon", "coordinates": [ [ [ [ 120.34345, 23.23131 ], [ 120.34344, 23.23131 ], [ 120.34344, 23.2313 ], [ 120.34345, 23.23131 ] ] ], [ [ [ 120.34344, 23.23132 ], [ 120.34345, 23.23133 ], [ 120.34344, 23.23133 ], [ 120.34344, 23.23132 ] ] ], [ [ [ 120.34201, 23.23145 ], [ 120.342, 23.23144 ], [ 120.34201, 23.23144 ], [ 120.34201, 23.23145 ] ] ], [ [ [ 120.3422, 23.23227 ], [ 120.34218, 23.23225 ], [ 120.34219, 23.23225 ], [ 120.3422, 23.23227 ] ] ], [ [ [ 120.3422, 23.23231 ], [ 120.34219, 23.23228 ], [ 120.3422, 23.23228 ], [ 120.3422, 23.23231 ] ] ], [ [ [ 120.34221, 23.23231 ], [ 120.34221, 23.23233 ], [ 120.3422, 23.23233 ], [ 120.3422, 23.23231 ], [ 120.34221, 23.23231 ] ] ], [ [ [ 120.34239, 23.23234 ], [ 120.3424, 23.23234 ], [ 120.34239, 23.23235 ], [ 120.34239, 23.23234 ] ] ] ] }, { "type": "MultiLineString", "coordinates": [ [ [ 120.34205, 23.23176 ], [ 120.34206, 23.23176 ] ], [ [ 120.34326, 23.23215 ], [ 120.34325, 23.23215 ] ] ] }, { "type": "MultiPoint", "coordinates": [ [ 120.3426, 23.2323 ], [ 120.34264, 23.23229 ], [ 120.34295, 23.23222 ], [ 120.34383, 23.23066 ] ] } ] } },
{ "type": "Feature", "properties": { "park_id": 466, "scenario": "2026-07-21 13:00:00 CST", "solar_alt": 77.169251761822295, "solar_az": 261.46828659721001, "canopy_min": 2.0 }, "geometry": { "type": "GeometryCollection", "geometries": [ { "type": "MultiPolygon", "coordinates": [ [ [ [ 120.2078, 23.01401 ], [ 120.2078, 23.01399 ], [ 120.20781, 23.01401 ], [ 120.2078, 23.01401 ] ] ], [ [ [ 120.20787, 23.01414 ], [ 120.20789, 23.01416 ], [ 120.20787, 23.01418 ], [ 120.20787, 23.01414 ] ] ] ] }, { "type": "LineString", "coordinates": [ [ 120.20784, 23.0141 ], [ 120.20784, 23.01409 ] ] } ] } },
{ "type": "Feature", "properties": { "park_id": 467, "scenario": "2026-07-21 13:00:00 CST", "solar_alt": 77.169251761822295, "solar_az": 261.46828659721001, "canopy_min": 2.0 }, "geometry": { "type": "LineString", "coordinates": [ [ 120.20498, 23.01389 ], [ 120.20497, 23.01389 ] ] } },
{ "type": "Feature", "properties": { "park_id": 468, "scenario": "2026-07-21 13:00:00 CST", "solar_alt": 77.169251761822295, "solar_az": 261.46828659721001, "canopy_min": 2.0 }, "geometry": { "type": "Polygon", "coordinates": [ [ [ 120.19925, 23.00268 ], [ 120.19924, 23.00268 ], [ 120.19924, 23.00267 ], [ 120.19925, 23.00268 ] ] ] } },
{ "type": "Feature", "properties": { "park_id": 469, "scenario": "2026-07-21 13:00:00 CST", "solar_alt": 77.169251761822295, "solar_az": 261.46828659721001, "canopy_min": 2.0 }, "geometry": { "type": "LineString", "coordinates": [ [ 120.18677, 22.9915 ], [ 120.18677, 22.99151 ] ] } },
{ "type": "Feature", "properties": { "park_id": 470, "scenario": "2026-07-21 13:00:00 CST", "solar_alt": 77.169251761822295, "solar_az": 261.46828659721001, "canopy_min": 2.0 }, "geometry": { "type": "Polygon", "coordinates": [ [ [ 120.1776, 23.22827 ], [ 120.17759, 23.22827 ], [ 120.17759, 23.22826 ], [ 120.1776, 23.22827 ] ] ] } },
{ "type": "Feature", "properties": { "park_id": 471, "scenario": "2026-07-21 13:00:00 CST", "solar_alt": 77.169251761822295, "solar_az": 261.46828659721001, "canopy_min": 2.0 }, "geometry": { "type": "GeometryCollection", "geometries": [ { "type": "Polygon", "coordinates": [ [ [ 120.18127, 23.22938 ], [ 120.18126, 23.22939 ], [ 120.18126, 23.22938 ], [ 120.18127, 23.22938 ] ] ] }, { "type": "Point", "coordinates": [ 120.18186, 23.22902 ] }, { "type": "MultiPoint", "coordinates": [ [ 120.18177, 23.22959 ], [ 120.18178, 23.22953 ] ] } ] } },
{ "type": "Feature", "properties": { "park_id": 474, "scenario": "2026-07-21 13:00:00 CST", "solar_alt": 77.169251761822295, "solar_az": 261.46828659721001, "canopy_min": 2.0 }, "geometry": { "type": "Polygon", "coordinates": [ [ [ 120.20014, 23.11683 ], [ 120.20013, 23.11683 ], [ 120.20013, 23.11682 ], [ 120.20014, 23.11683 ] ] ] } },
{ "type": "Feature", "properties": { "park_id": 475, "scenario": "2026-07-21 13:00:00 CST", "solar_alt": 77.169251761822295, "solar_az": 261.46828659721001, "canopy_min": 2.0 }, "geometry": { "type": "Polygon", "coordinates": [ [ [ 120.327, 23.21622 ], [ 120.327, 23.2162 ], [ 120.32702, 23.21621 ], [ 120.327, 23.21622 ] ] ] } },
{ "type": "Feature", "properties": { "park_id": 476, "scenario": "2026-07-21 13:00:00 CST", "solar_alt": 77.169251761822295, "solar_az": 261.46828659721001, "canopy_min": 2.0 }, "geometry": { "type": "GeometryCollection", "geometries": [ { "type": "MultiPolygon", "coordinates": [ [ [ [ 120.26186, 23.23143 ], [ 120.26184, 23.23143 ], [ 120.26186, 23.2314 ], [ 120.26186, 23.23143 ] ] ], [ [ [ 120.26136, 23.2322 ], [ 120.26138, 23.2322 ], [ 120.26137, 23.23222 ], [ 120.26136, 23.2322 ] ] ], [ [ [ 120.26067, 23.23252 ], [ 120.26067, 23.23256 ], [ 120.26065, 23.23256 ], [ 120.26067, 23.23252 ] ] ] ] }, { "type": "LineString", "coordinates": [ [ 120.26256, 23.22999 ], [ 120.26257, 23.22999 ] ] }, { "type": "Point", "coordinates": [ 120.26257, 23.23008 ] } ] } },
{ "type": "Feature", "properties": { "park_id": 480, "scenario": "2026-07-21 13:00:00 CST", "solar_alt": 77.169251761822295, "solar_az": 261.46828659721001, "canopy_min": 2.0 }, "geometry": { "type": "GeometryCollection", "geometries": [ { "type": "GeometryCollection", "geometries": [ { "type": "LineString", "coordinates": [ [ 120.21615, 23.06176 ], [ 120.21614, 23.06176 ] ] }, { "type": "Point", "coordinates": [ 120.21597, 23.06173 ] } ] }, { "type": "MultiPoint", "coordinates": [ [ 120.21603, 23.06174 ], [ 120.21609, 23.06175 ] ] } ] } },
{ "type": "Feature", "properties": { "park_id": 482, "scenario": "2026-07-21 13:00:00 CST", "solar_alt": 77.169251761822295, "solar_az": 261.46828659721001, "canopy_min": 2.0 }, "geometry": { "type": "GeometryCollection", "geometries": [ { "type": "Polygon", "coordinates": [ [ [ 120.18832, 23.02932 ], [ 120.18833, 23.02933 ], [ 120.18832, 23.02933 ], [ 120.18832, 23.02932 ] ] ] }, { "type": "MultiLineString", "coordinates": [ [ [ 120.18807, 23.02925 ], [ 120.18806, 23.02925 ] ], [ [ 120.1883, 23.02932 ], [ 120.18829, 23.02932 ] ], [ [ 120.18836, 23.02934 ], [ 120.18836, 23.02933 ] ] ] }, { "type": "MultiPoint", "coordinates": [ [ 120.1881, 23.02926 ], [ 120.18839, 23.02934 ] ] } ] } }
]
}
