{
"type": "FeatureCollection",
"name": "tree_shadows_1100",
"features": [
{ "type": "Feature", "properties": { "park_id": 1, "scenario": "2026-07-21 11:00:00 CST", "solar_alt": 74.553791940997598, "solar_az": 96.018416276456904, "canopy_min": 2.0 }, "geometry": { "type": "GeometryCollection", "geometries": [ { "type": "MultiPolygon", "coordinates": [ [ [ [ 120.17745, 23.16849 ], [ 120.17744, 23.16849 ], [ 120.17745, 23.16848 ], [ 120.17745, 23.16849 ] ] ], [ [ [ 120.17749, 23.16883 ], [ 120.17748, 23.16883 ], [ 120.17749, 23.16882 ], [ 120.17749, 23.16883 ] ] ], [ [ [ 120.17747, 23.16886 ], [ 120.17747, 23.16885 ], [ 120.17748, 23.16886 ], [ 120.17747, 23.16886 ] ] ], [ [ [ 120.1775, 23.16895 ], [ 120.17749, 23.16895 ], [ 120.1775, 23.16894 ], [ 120.1775, 23.16895 ] ] ], [ [ [ 120.17749, 23.16899 ], [ 120.17748, 23.16899 ], [ 120.17749, 23.16896 ], [ 120.17749, 23.16899 ] ] ], [ [ [ 120.17738, 23.16922 ], [ 120.17737, 23.16917 ], [ 120.17737, 23.16914 ], [ 120.17738, 23.16922 ] ] ], [ [ [ 120.17764, 23.16949 ], [ 120.17764, 23.1695 ], [ 120.17763, 23.16949 ], [ 120.17764, 23.16949 ] ] ], [ [ [ 120.17734, 23.16953 ], [ 120.17734, 23.16952 ], [ 120.17735, 23.16952 ], [ 120.17734, 23.16953 ] ] ], [ [ [ 120.17736, 23.16954 ], [ 120.17736, 23.16955 ], [ 120.17735, 23.16955 ], [ 120.17736, 23.16954 ] ] ], [ [ [ 120.17835, 23.16854 ], [ 120.17834, 23.16854 ], [ 120.17835, 23.16852 ], [ 120.17835, 23.16854 ] ] ], [ [ [ 120.17814, 23.16888 ], [ 120.17814, 23.16887 ], [ 120.17815, 23.16888 ], [ 120.17814, 23.16888 ] ] ], [ [ [ 120.17813, 23.16907 ], [ 120.17814, 23.16907 ], [ 120.17813, 23.16908 ], [ 120.17813, 23.16907 ] ] ], [ [ [ 120.17813, 23.16913 ], [ 120.17814, 23.16913 ], [ 120.17813, 23.16914 ], [ 120.17813, 23.16913 ] ] ], [ [ [ 120.17819, 23.16936 ], [ 120.17818, 23.16936 ], [ 120.17819, 23.16931 ], [ 120.17819, 23.16936 ] ] ], [ [ [ 120.17819, 23.16939 ], [ 120.17818, 23.16939 ], [ 120.17819, 23.16936 ], [ 120.17819, 23.16939 ] ] ], [ [ [ 120.17765, 23.1695 ], [ 120.17765, 23.16956 ], [ 120.17764, 23.1695 ], [ 120.17765, 23.1695 ] ] ], [ [ [ 120.17766, 23.16957 ], [ 120.17766, 23.16956 ], [ 120.17767, 23.16956 ], [ 120.17766, 23.16957 ] ] ], [ [ [ 120.1777, 23.16961 ], [ 120.1777, 23.16964 ], [ 120.17766, 23.16959 ], [ 120.1777, 23.16961 ] ] ] ] }, { "type": "LineString", "coordinates": [ [ 120.17817, 23.16917 ], [ 120.17816, 23.16917 ] ] } ] } },
{ "type": "Feature", "properties": { "park_id": 2, "scenario": "2026-07-21 11:00:00 CST", "solar_alt": 74.553791940997598, "solar_az": 96.018416276456904, "canopy_min": 2.0 }, "geometry": { "type": "GeometryCollection", "geometries": [ { "type": "MultiPolygon", "coordinates": [ [ [ [ 120.22215, 22.96904 ], [ 120.22212, 22.96908 ], [ 120.22212, 22.96904 ], [ 120.22215, 22.96904 ] ] ], [ [ [ 120.22202, 22.96915 ], [ 120.22203, 22.96913 ], [ 120.22203, 22.96915 ], [ 120.22202, 22.96915 ] ] ], [ [ [ 120.22208, 22.96923 ], [ 120.22207, 22.96925 ], [ 120.22207, 22.96923 ], [ 120.22208, 22.96923 ] ] ], [ [ [ 120.22199, 22.9693 ], [ 120.22198, 22.96932 ], [ 120.22198, 22.9693 ], [ 120.22199, 22.9693 ] ] ], [ [ [ 120.22208, 22.96943 ], [ 120.22209, 22.96941 ], [ 120.22209, 22.96943 ], [ 120.22208, 22.96943 ] ] ], [ [ [ 120.22196, 22.96953 ], [ 120.22197, 22.96951 ], [ 120.22197, 22.96953 ], [ 120.22196, 22.96953 ] ] ], [ [ [ 120.22225, 22.9696 ], [ 120.22227, 22.96951 ], [ 120.22227, 22.96962 ], [ 120.22225, 22.9696 ] ] ], [ [ [ 120.22207, 22.96957 ], [ 120.22208, 22.9696 ], [ 120.22207, 22.9696 ], [ 120.22207, 22.96957 ] ] ], [ [ [ 120.22208, 22.96972 ], [ 120.22209, 22.96967 ], [ 120.22209, 22.96972 ], [ 120.22208, 22.96972 ] ] ], [ [ [ 120.22196, 22.96979 ], [ 120.22197, 22.96977 ], [ 120.22197, 22.96979 ], [ 120.22196, 22.96979 ] ] ], [ [ [ 120.22199, 22.97123 ], [ 120.22198, 22.9713 ], [ 120.22198, 22.97123 ], [ 120.22199, 22.97123 ] ] ], [ [ [ 120.222, 22.97133 ], [ 120.22199, 22.97132 ], [ 120.222, 22.97132 ], [ 120.222, 22.97133 ] ] ], [ [ [ 120.22201, 22.97134 ], [ 120.222, 22.97133 ], [ 120.22201, 22.97133 ], [ 120.22201, 22.97134 ] ] ], [ [ [ 120.22214, 22.97176 ], [ 120.22215, 22.97174 ], [ 120.22215, 22.97176 ], [ 120.22214, 22.97176 ] ] ], [ [ [ 120.22203, 22.97177 ], [ 120.22202, 22.97179 ], [ 120.22202, 22.97177 ], [ 120.22203, 22.97177 ] ] ], [ [ [ 120.22203, 22.97208 ], [ 120.22204, 22.97207 ], [ 120.22204, 22.97208 ], [ 120.22203, 22.97208 ] ] ], [ [ [ 120.22199, 22.97245 ], [ 120.222, 22.97244 ], [ 120.222, 22.97245 ], [ 120.22199, 22.97245 ] ] ], [ [ [ 120.22188, 22.97254 ], [ 120.22188, 22.97255 ], [ 120.22187, 22.97255 ], [ 120.22188, 22.97254 ] ] ], [ [ [ 120.22212, 22.97337 ], [ 120.22213, 22.97338 ], [ 120.22212, 22.97338 ], [ 120.22212, 22.97337 ] ] ], [ [ [ 120.22219, 22.97344 ], [ 120.22218, 22.97345 ], [ 120.22218, 22.97344 ], [ 120.22219, 22.97344 ] ] ], [ [ [ 120.22218, 22.97353 ], [ 120.22219, 22.97351 ], [ 120.22219, 22.97353 ], [ 120.22218, 22.97353 ] ] ], [ [ [ 120.2222, 22.97355 ], [ 120.22221, 22.97353 ], [ 120.22221, 22.97355 ], [ 120.2222, 22.97355 ] ] ], [ [ [ 120.22239, 22.96874 ], [ 120.22238, 22.96876 ], [ 120.22238, 22.96874 ], [ 120.22239, 22.96874 ] ] ], [ [ [ 120.22251, 22.96916 ], [ 120.2225, 22.96917 ], [ 120.2225, 22.96916 ], [ 120.22251, 22.96916 ] ] ], [ [ [ 120.2224, 22.9706 ], [ 120.22239, 22.97061 ], [ 120.22239, 22.9706 ], [ 120.2224, 22.9706 ] ] ], [ [ [ 120.22241, 22.97068 ], [ 120.22239, 22.97067 ], [ 120.2224, 22.97061 ], [ 120.22241, 22.97068 ] ] ], [ [ [ 120.22241, 22.97069 ], [ 120.22242, 22.97068 ], [ 120.22242, 22.97069 ], [ 120.22241, 22.97069 ] ] ], [ [ [ 120.22241, 22.97071 ], [ 120.22242, 22.9707 ], [ 120.22242, 22.97071 ], [ 120.22241, 22.97071 ] ] ], [ [ [ 120.22254, 22.97111 ], [ 120.22255, 22.97109 ], [ 120.22255, 22.97111 ], [ 120.22254, 22.97111 ] ] ], [ [ [ 120.22255, 22.97112 ], [ 120.22256, 22.97113 ], [ 120.22255, 22.97113 ], [ 120.22255, 22.97112 ] ] ], [ [ [ 120.22258, 22.97113 ], [ 120.22257, 22.97119 ], [ 120.22257, 22.97113 ], [ 120.22258, 22.97113 ] ] ], [ [ [ 120.22257, 22.97121 ], [ 120.22258, 22.9712 ], [ 120.22258, 22.97121 ], [ 120.22257, 22.97121 ] ] ], [ [ [ 120.2227, 22.97125 ], [ 120.22269, 22.97127 ], [ 120.22269, 22.97125 ], [ 120.2227, 22.97125 ] ] ], [ [ [ 120.2224, 22.97156 ], [ 120.22241, 22.97157 ], [ 120.2224, 22.97157 ], [ 120.2224, 22.97156 ] ] ], [ [ [ 120.22253, 22.97175 ], [ 120.22254, 22.97172 ], [ 120.22254, 22.97175 ], [ 120.22253, 22.97175 ] ] ], [ [ [ 120.22273, 22.97189 ], [ 120.22274, 22.97188 ], [ 120.22274, 22.97189 ], [ 120.22273, 22.97189 ] ] ], [ [ [ 120.22264, 22.97223 ], [ 120.22263, 22.97229 ], [ 120.22263, 22.97223 ], [ 120.22264, 22.97223 ] ] ], [ [ [ 120.22265, 22.97233 ], [ 120.22266, 22.97231 ], [ 120.22266, 22.97233 ], [ 120.22265, 22.97233 ] ] ], [ [ [ 120.22267, 22.97236 ], [ 120.22266, 22.97234 ], [ 120.22267, 22.97234 ], [ 120.22267, 22.97236 ] ] ], [ [ [ 120.22252, 22.97245 ], [ 120.22253, 22.97246 ], [ 120.22252, 22.97246 ], [ 120.22252, 22.97245 ] ] ], [ [ [ 120.22252, 22.97248 ], [ 120.22253, 22.97247 ], [ 120.22253, 22.97248 ], [ 120.22252, 22.97248 ] ] ], [ [ [ 120.22255, 22.97281 ], [ 120.22254, 22.97282 ], [ 120.22254, 22.97281 ], [ 120.22255, 22.97281 ] ] ], [ [ [ 120.22233, 22.97333 ], [ 120.22232, 22.97334 ], [ 120.22232, 22.97333 ], [ 120.22233, 22.97333 ] ] ], [ [ [ 120.22233, 22.97336 ], [ 120.22234, 22.97335 ], [ 120.22234, 22.97336 ], [ 120.22233, 22.97336 ] ] ], [ [ [ 120.22401, 22.96876 ], [ 120.22402, 22.96872 ], [ 120.22403, 22.96877 ], [ 120.22401, 22.96876 ] ] ], [ [ [ 120.22283, 22.96943 ], [ 120.22284, 22.96942 ], [ 120.22284, 22.96943 ], [ 120.22283, 22.96943 ] ] ], [ [ [ 120.22275, 22.9706 ], [ 120.22276, 22.97059 ], [ 120.22276, 22.9706 ], [ 120.22275, 22.9706 ] ] ], [ [ [ 120.22276, 22.97064 ], [ 120.22278, 22.97062 ], [ 120.22278, 22.97064 ], [ 120.22276, 22.97064 ] ] ], [ [ [ 120.22278, 22.97069 ], [ 120.22277, 22.97066 ], [ 120.22278, 22.97066 ], [ 120.22278, 22.97069 ] ] ], [ [ [ 120.22277, 22.97147 ], [ 120.22278, 22.97143 ], [ 120.22278, 22.97147 ], [ 120.22277, 22.97147 ] ] ], [ [ [ 120.22277, 22.97153 ], [ 120.22278, 22.97152 ], [ 120.22278, 22.97153 ], [ 120.22277, 22.97153 ] ] ], [ [ [ 120.22278, 22.97154 ], [ 120.22277, 22.97157 ], [ 120.22277, 22.97154 ], [ 120.22278, 22.97154 ] ] ], [ [ [ 120.22277, 22.97169 ], [ 120.22278, 22.97159 ], [ 120.22278, 22.97169 ], [ 120.22277, 22.97169 ] ] ], [ [ [ 120.22276, 22.97172 ], [ 120.22277, 22.97171 ], [ 120.22277, 22.97172 ], [ 120.22276, 22.97172 ] ] ], [ [ [ 120.22277, 22.97178 ], [ 120.22278, 22.97177 ], [ 120.22278, 22.97178 ], [ 120.22277, 22.97178 ] ] ], [ [ [ 120.22441, 22.97186 ], [ 120.2244, 22.97188 ], [ 120.2244, 22.97186 ], [ 120.22441, 22.97186 ] ] ], [ [ [ 120.22275, 22.97206 ], [ 120.22273, 22.97202 ], [ 120.22273, 22.97195 ], [ 120.22275, 22.97206 ] ] ], [ [ [ 120.22362, 22.97213 ], [ 120.22363, 22.97207 ], [ 120.22363, 22.97213 ], [ 120.22362, 22.97213 ] ] ], [ [ [ 120.22361, 22.97214 ], [ 120.22362, 22.97213 ], [ 120.22362, 22.97214 ], [ 120.22361, 22.97214 ] ] ], [ [ [ 120.22361, 22.97216 ], [ 120.2236, 22.9722 ], [ 120.2236, 22.97216 ], [ 120.22361, 22.97216 ] ] ], [ [ [ 120.22372, 22.97238 ], [ 120.22373, 22.97237 ], [ 120.22373, 22.97238 ], [ 120.22372, 22.97238 ] ] ], [ [ [ 120.22374, 22.97238 ], [ 120.22373, 22.97239 ], [ 120.22373, 22.97238 ], [ 120.22374, 22.97238 ] ] ], [ [ [ 120.22308, 22.97258 ], [ 120.22309, 22.97257 ], [ 120.22309, 22.97258 ], [ 120.22308, 22.97258 ] ] ], [ [ [ 120.22276, 22.97278 ], [ 120.22277, 22.97275 ], [ 120.22277, 22.97278 ], [ 120.22276, 22.97278 ] ] ] ] }, { "type": "MultiLineString", "coordinates": [ [ [ 120.22188, 22.97251 ], [ 120.22189, 22.97251 ] ], [ [ 120.22184, 22.97269 ], [ 120.22184, 22.97268 ] ], [ [ 120.22182, 22.97276 ], [ 120.22182, 22.97275 ] ], [ [ 120.2218, 22.97283 ], [ 120.2218, 22.97282 ] ], [ [ 120.22179, 22.97287 ], [ 120.22179, 22.97286 ] ], [ [ 120.22171, 22.97315 ], [ 120.22171, 22.97314 ] ], [ [ 120.22197, 22.97344 ], [ 120.22196, 22.97344 ] ], [ [ 120.22242, 22.96937 ], [ 120.22241, 22.96937 ] ], [ [ 120.22275, 22.9708 ], [ 120.22276, 22.97079 ] ], [ [ 120.2227, 22.97124 ], [ 120.22269, 22.97124 ] ], [ [ 120.22275, 22.97134 ], [ 120.22274, 22.97134 ] ], [ [ 120.22254, 22.97175 ], [ 120.22254, 22.97176 ] ], [ [ 120.22267, 22.97236 ], [ 120.22268, 22.97236 ] ], [ [ 120.22417, 22.97173 ], [ 120.22418, 22.97173 ] ], [ [ 120.22392, 22.97174 ], [ 120.22391, 22.97174 ] ], [ [ 120.22279, 22.9735 ], [ 120.22278, 22.9735 ] ], [ [ 120.22283, 22.97351 ], [ 120.22282, 22.97351 ] ] ] }, { "type": "MultiPoint", "coordinates": [ [ 120.22168, 22.97325 ], [ 120.22169, 22.97322 ], [ 120.2217, 22.97318 ], [ 120.22172, 22.97311 ], [ 120.22173, 22.97307 ], [ 120.22178, 22.9729 ], [ 120.22181, 22.97279 ], [ 120.22183, 22.97272 ], [ 120.22185, 22.97265 ], [ 120.22186, 22.97261 ], [ 120.22187, 22.97258 ], [ 120.22267, 22.97348 ], [ 120.22271, 22.97348 ], [ 120.22275, 22.97349 ], [ 120.22361, 22.97222 ] ] } ] } },
{ "type": "Feature", "properties": { "park_id": 3, "scenario": "2026-07-21 11:00:00 CST", "solar_alt": 74.553791940997598, "solar_az": 96.018416276456904, "canopy_min": 2.0 }, "geometry": { "type": "GeometryCollection", "geometries": [ { "type": "MultiPolygon", "coordinates": [ [ [ [ 120.22215, 22.96904 ], [ 120.22212, 22.96908 ], [ 120.22212, 22.96904 ], [ 120.22215, 22.96904 ] ] ], [ [ [ 120.22202, 22.96915 ], [ 120.22203, 22.96913 ], [ 120.22203, 22.96915 ], [ 120.22202, 22.96915 ] ] ], [ [ [ 120.22208, 22.96923 ], [ 120.22207, 22.96925 ], [ 120.22207, 22.96923 ], [ 120.22208, 22.96923 ] ] ], [ [ [ 120.22199, 22.9693 ], [ 120.22198, 22.96932 ], [ 120.22198, 22.9693 ], [ 120.22199, 22.9693 ] ] ], [ [ [ 120.22208, 22.96943 ], [ 120.22209, 22.96941 ], [ 120.22209, 22.96943 ], [ 120.22208, 22.96943 ] ] ], [ [ [ 120.22196, 22.96953 ], [ 120.22197, 22.96951 ], [ 120.22197, 22.96953 ], [ 120.22196, 22.96953 ] ] ], [ [ [ 120.22225, 22.9696 ], [ 120.22227, 22.96951 ], [ 120.22227, 22.96962 ], [ 120.22225, 22.9696 ] ] ], [ [ [ 120.22207, 22.96957 ], [ 120.22208, 22.9696 ], [ 120.22207, 22.9696 ], [ 120.22207, 22.96957 ] ] ], [ [ [ 120.22208, 22.96972 ], [ 120.22209, 22.96967 ], [ 120.22209, 22.96972 ], [ 120.22208, 22.96972 ] ] ], [ [ [ 120.22196, 22.96979 ], [ 120.22197, 22.96977 ], [ 120.22197, 22.96979 ], [ 120.22196, 22.96979 ] ] ], [ [ [ 120.22199, 22.97123 ], [ 120.22198, 22.9713 ], [ 120.22198, 22.97123 ], [ 120.22199, 22.97123 ] ] ], [ [ [ 120.222, 22.97133 ], [ 120.22199, 22.97132 ], [ 120.222, 22.97132 ], [ 120.222, 22.97133 ] ] ], [ [ [ 120.22201, 22.97134 ], [ 120.222, 22.97133 ], [ 120.22201, 22.97133 ], [ 120.22201, 22.97134 ] ] ], [ [ [ 120.22214, 22.97176 ], [ 120.22215, 22.97174 ], [ 120.22215, 22.97176 ], [ 120.22214, 22.97176 ] ] ], [ [ [ 120.22203, 22.97177 ], [ 120.22202, 22.97179 ], [ 120.22202, 22.97177 ], [ 120.22203, 22.97177 ] ] ], [ [ [ 120.22203, 22.97208 ], [ 120.22204, 22.97207 ], [ 120.22204, 22.97208 ], [ 120.22203, 22.97208 ] ] ], [ [ [ 120.22199, 22.97245 ], [ 120.222, 22.97244 ], [ 120.222, 22.97245 ], [ 120.22199, 22.97245 ] ] ], [ [ [ 120.22188, 22.97254 ], [ 120.22188, 22.97255 ], [ 120.22187, 22.97255 ], [ 120.22188, 22.97254 ] ] ], [ [ [ 120.22212, 22.97337 ], [ 120.22213, 22.97338 ], [ 120.22212, 22.97338 ], [ 120.22212, 22.97337 ] ] ], [ [ [ 120.22219, 22.97344 ], [ 120.22218, 22.97345 ], [ 120.22218, 22.97344 ], [ 120.22219, 22.97344 ] ] ], [ [ [ 120.22218, 22.97353 ], [ 120.22219, 22.97351 ], [ 120.22219, 22.97353 ], [ 120.22218, 22.97353 ] ] ], [ [ [ 120.2222, 22.97355 ], [ 120.22221, 22.97353 ], [ 120.22221, 22.97355 ], [ 120.2222, 22.97355 ] ] ], [ [ [ 120.22239, 22.96874 ], [ 120.22238, 22.96876 ], [ 120.22238, 22.96874 ], [ 120.22239, 22.96874 ] ] ], [ [ [ 120.22251, 22.96916 ], [ 120.2225, 22.96917 ], [ 120.2225, 22.96916 ], [ 120.22251, 22.96916 ] ] ], [ [ [ 120.2224, 22.9706 ], [ 120.22239, 22.97061 ], [ 120.22239, 22.9706 ], [ 120.2224, 22.9706 ] ] ], [ [ [ 120.22241, 22.97068 ], [ 120.22239, 22.97067 ], [ 120.2224, 22.97061 ], [ 120.22241, 22.97068 ] ] ], [ [ [ 120.22241, 22.97069 ], [ 120.22242, 22.97068 ], [ 120.22242, 22.97069 ], [ 120.22241, 22.97069 ] ] ], [ [ [ 120.22241, 22.97071 ], [ 120.22242, 22.9707 ], [ 120.22242, 22.97071 ], [ 120.22241, 22.97071 ] ] ], [ [ [ 120.22254, 22.97111 ], [ 120.22255, 22.97109 ], [ 120.22255, 22.97111 ], [ 120.22254, 22.97111 ] ] ], [ [ [ 120.22255, 22.97112 ], [ 120.22256, 22.97113 ], [ 120.22255, 22.97113 ], [ 120.22255, 22.97112 ] ] ], [ [ [ 120.22258, 22.97113 ], [ 120.22257, 22.97119 ], [ 120.22257, 22.97113 ], [ 120.22258, 22.97113 ] ] ], [ [ [ 120.22257, 22.97121 ], [ 120.22258, 22.9712 ], [ 120.22258, 22.97121 ], [ 120.22257, 22.97121 ] ] ], [ [ [ 120.2227, 22.97125 ], [ 120.22269, 22.97127 ], [ 120.22269, 22.97125 ], [ 120.2227, 22.97125 ] ] ], [ [ [ 120.2224, 22.97156 ], [ 120.22241, 22.97157 ], [ 120.2224, 22.97157 ], [ 120.2224, 22.97156 ] ] ], [ [ [ 120.22253, 22.97175 ], [ 120.22254, 22.97172 ], [ 120.22254, 22.97175 ], [ 120.22253, 22.97175 ] ] ], [ [ [ 120.22273, 22.97189 ], [ 120.22274, 22.97188 ], [ 120.22274, 22.97189 ], [ 120.22273, 22.97189 ] ] ], [ [ [ 120.22264, 22.97223 ], [ 120.22263, 22.97229 ], [ 120.22263, 22.97223 ], [ 120.22264, 22.97223 ] ] ], [ [ [ 120.22265, 22.97233 ], [ 120.22266, 22.97231 ], [ 120.22266, 22.97233 ], [ 120.22265, 22.97233 ] ] ], [ [ [ 120.22267, 22.97236 ], [ 120.22266, 22.97234 ], [ 120.22267, 22.97234 ], [ 120.22267, 22.97236 ] ] ], [ [ [ 120.22252, 22.97245 ], [ 120.22253, 22.97246 ], [ 120.22252, 22.97246 ], [ 120.22252, 22.97245 ] ] ], [ [ [ 120.22252, 22.97248 ], [ 120.22253, 22.97247 ], [ 120.22253, 22.97248 ], [ 120.22252, 22.97248 ] ] ], [ [ [ 120.22255, 22.97281 ], [ 120.22254, 22.97282 ], [ 120.22254, 22.97281 ], [ 120.22255, 22.97281 ] ] ], [ [ [ 120.22233, 22.97333 ], [ 120.22232, 22.97334 ], [ 120.22232, 22.97333 ], [ 120.22233, 22.97333 ] ] ], [ [ [ 120.22233, 22.97336 ], [ 120.22234, 22.97335 ], [ 120.22234, 22.97336 ], [ 120.22233, 22.97336 ] ] ], [ [ [ 120.22401, 22.96876 ], [ 120.22402, 22.96872 ], [ 120.22403, 22.96877 ], [ 120.22401, 22.96876 ] ] ], [ [ [ 120.22283, 22.96943 ], [ 120.22284, 22.96942 ], [ 120.22284, 22.96943 ], [ 120.22283, 22.96943 ] ] ], [ [ [ 120.22275, 22.9706 ], [ 120.22276, 22.97059 ], [ 120.22276, 22.9706 ], [ 120.22275, 22.9706 ] ] ], [ [ [ 120.22276, 22.97064 ], [ 120.22278, 22.97062 ], [ 120.22278, 22.97064 ], [ 120.22276, 22.97064 ] ] ], [ [ [ 120.22278, 22.97069 ], [ 120.22277, 22.97066 ], [ 120.22278, 22.97066 ], [ 120.22278, 22.97069 ] ] ], [ [ [ 120.22277, 22.97147 ], [ 120.22278, 22.97143 ], [ 120.22278, 22.97147 ], [ 120.22277, 22.97147 ] ] ], [ [ [ 120.22277, 22.97153 ], [ 120.22278, 22.97152 ], [ 120.22278, 22.97153 ], [ 120.22277, 22.97153 ] ] ], [ [ [ 120.22278, 22.97154 ], [ 120.22277, 22.97157 ], [ 120.22277, 22.97154 ], [ 120.22278, 22.97154 ] ] ], [ [ [ 120.22277, 22.97169 ], [ 120.22278, 22.97159 ], [ 120.22278, 22.97169 ], [ 120.22277, 22.97169 ] ] ], [ [ [ 120.22276, 22.97172 ], [ 120.22277, 22.97171 ], [ 120.22277, 22.97172 ], [ 120.22276, 22.97172 ] ] ], [ [ [ 120.22277, 22.97178 ], [ 120.22278, 22.97177 ], [ 120.22278, 22.97178 ], [ 120.22277, 22.97178 ] ] ], [ [ [ 120.22441, 22.97186 ], [ 120.2244, 22.97188 ], [ 120.2244, 22.97186 ], [ 120.22441, 22.97186 ] ] ], [ [ [ 120.22275, 22.97206 ], [ 120.22273, 22.97202 ], [ 120.22273, 22.97195 ], [ 120.22275, 22.97206 ] ] ], [ [ [ 120.22362, 22.97213 ], [ 120.22363, 22.97207 ], [ 120.22363, 22.97213 ], [ 120.22362, 22.97213 ] ] ], [ [ [ 120.22361, 22.97214 ], [ 120.22362, 22.97213 ], [ 120.22362, 22.97214 ], [ 120.22361, 22.97214 ] ] ], [ [ [ 120.22361, 22.97216 ], [ 120.2236, 22.9722 ], [ 120.2236, 22.97216 ], [ 120.22361, 22.97216 ] ] ], [ [ [ 120.22372, 22.97238 ], [ 120.22373, 22.97237 ], [ 120.22373, 22.97238 ], [ 120.22372, 22.97238 ] ] ], [ [ [ 120.22374, 22.97238 ], [ 120.22373, 22.97239 ], [ 120.22373, 22.97238 ], [ 120.22374, 22.97238 ] ] ], [ [ [ 120.22308, 22.97258 ], [ 120.22309, 22.97257 ], [ 120.22309, 22.97258 ], [ 120.22308, 22.97258 ] ] ], [ [ [ 120.22276, 22.97278 ], [ 120.22277, 22.97275 ], [ 120.22277, 22.97278 ], [ 120.22276, 22.97278 ] ] ] ] }, { "type": "MultiLineString", "coordinates": [ [ [ 120.22188, 22.97251 ], [ 120.22189, 22.97251 ] ], [ [ 120.22184, 22.97269 ], [ 120.22184, 22.97268 ] ], [ [ 120.22182, 22.97276 ], [ 120.22182, 22.97275 ] ], [ [ 120.2218, 22.97283 ], [ 120.2218, 22.97282 ] ], [ [ 120.22179, 22.97287 ], [ 120.22179, 22.97286 ] ], [ [ 120.22171, 22.97315 ], [ 120.22171, 22.97314 ] ], [ [ 120.22197, 22.97344 ], [ 120.22196, 22.97344 ] ], [ [ 120.22242, 22.96937 ], [ 120.22241, 22.96937 ] ], [ [ 120.22275, 22.9708 ], [ 120.22276, 22.97079 ] ], [ [ 120.2227, 22.97124 ], [ 120.22269, 22.97124 ] ], [ [ 120.22275, 22.97134 ], [ 120.22274, 22.97134 ] ], [ [ 120.22254, 22.97175 ], [ 120.22254, 22.97176 ] ], [ [ 120.22267, 22.97236 ], [ 120.22268, 22.97236 ] ], [ [ 120.22417, 22.97173 ], [ 120.22418, 22.97173 ] ], [ [ 120.22392, 22.97174 ], [ 120.22391, 22.97174 ] ], [ [ 120.22279, 22.9735 ], [ 120.22278, 22.9735 ] ], [ [ 120.22283, 22.97351 ], [ 120.22282, 22.97351 ] ] ] }, { "type": "MultiPoint", "coordinates": [ [ 120.22168, 22.97325 ], [ 120.22169, 22.97322 ], [ 120.2217, 22.97318 ], [ 120.22172, 22.97311 ], [ 120.22173, 22.97307 ], [ 120.22178, 22.9729 ], [ 120.22181, 22.97279 ], [ 120.22183, 22.97272 ], [ 120.22185, 22.97265 ], [ 120.22186, 22.97261 ], [ 120.22187, 22.97258 ], [ 120.22267, 22.97348 ], [ 120.22271, 22.97348 ], [ 120.22275, 22.97349 ], [ 120.22361, 22.97222 ] ] } ] } },
{ "type": "Feature", "properties": { "park_id": 4, "scenario": "2026-07-21 11:00:00 CST", "solar_alt": 74.553791940997598, "solar_az": 96.018416276456904, "canopy_min": 2.0 }, "geometry": { "type": "GeometryCollection", "geometries": [ { "type": "MultiPolygon", "coordinates": [ [ [ [ 120.18825, 22.97385 ], [ 120.18826, 22.97384 ], [ 120.18826, 22.97385 ], [ 120.18825, 22.97385 ] ] ], [ [ [ 120.1884, 22.97391 ], [ 120.18841, 22.97397 ], [ 120.1884, 22.97397 ], [ 120.1884, 22.97391 ] ] ], [ [ [ 120.18843, 22.97399 ], [ 120.18844, 22.97396 ], [ 120.18844, 22.97399 ], [ 120.18843, 22.97399 ] ] ], [ [ [ 120.18829, 22.97397 ], [ 120.1883, 22.97399 ], [ 120.18829, 22.97399 ], [ 120.18829, 22.97397 ] ] ], [ [ [ 120.18841, 22.974 ], [ 120.1884, 22.97401 ], [ 120.1884, 22.974 ], [ 120.18841, 22.974 ] ] ], [ [ [ 120.18845, 22.97405 ], [ 120.18844, 22.97404 ], [ 120.18845, 22.97404 ], [ 120.18845, 22.97405 ] ] ], [ [ [ 120.18846, 22.97405 ], [ 120.18846, 22.97406 ], [ 120.18845, 22.97406 ], [ 120.18845, 22.97405 ], [ 120.18846, 22.97405 ] ] ], [ [ [ 120.18847, 22.97422 ], [ 120.18847, 22.97423 ], [ 120.18846, 22.97422 ], [ 120.18847, 22.97422 ] ] ] ] }, { "type": "GeometryCollection", "geometries": [ { "type": "Point", "coordinates": [ 120.18815, 22.97382 ] }, { "type": "LineString", "coordinates": [ [ 120.18803, 22.97415 ], [ 120.18802, 22.97415 ] ] }, { "type": "LineString", "coordinates": [ [ 120.18809, 22.97416 ], [ 120.18807, 22.97416 ] ] }, { "type": "LineString", "coordinates": [ [ 120.18819, 22.97418 ], [ 120.18818, 22.97418 ] ] }, { "type": "LineString", "coordinates": [ [ 120.18825, 22.97419 ], [ 120.18824, 22.97419 ] ] }, { "type": "LineString", "coordinates": [ [ 120.18829, 22.9742 ], [ 120.1883, 22.9742 ] ] }, { "type": "LineString", "coordinates": [ [ 120.18836, 22.97421 ], [ 120.18835, 22.97421 ] ] }, { "type": "LineString", "coordinates": [ [ 120.18843, 22.97404 ], [ 120.18844, 22.97404 ] ] }, { "type": "LineString", "coordinates": [ [ 120.18841, 22.97422 ], [ 120.1884, 22.97422 ] ] } ] }, { "type": "MultiPoint", "coordinates": [ [ 120.18813, 22.97417 ], [ 120.18851, 22.97423 ] ] } ] } },
{ "type": "Feature", "properties": { "park_id": 6, "scenario": "2026-07-21 11:00:00 CST", "solar_alt": 74.553791940997598, "solar_az": 96.018416276456904, "canopy_min": 2.0 }, "geometry": { "type": "GeometryCollection", "geometries": [ { "type": "MultiPolygon", "coordinates": [ [ [ [ 120.22017, 22.9844 ], [ 120.22018, 22.98436 ], [ 120.22022, 22.98444 ], [ 120.22017, 22.9844 ] ] ], [ [ [ 120.22029, 22.98471 ], [ 120.22026, 22.98469 ], [ 120.22029, 22.98467 ], [ 120.22029, 22.98471 ] ] ], [ [ [ 120.22036, 22.98472 ], [ 120.22036, 22.98479 ], [ 120.22035, 22.98479 ], [ 120.22033, 22.98474 ], [ 120.22036, 22.98472 ] ] ], [ [ [ 120.22019, 22.9848 ], [ 120.2202, 22.98479 ], [ 120.2202, 22.9848 ], [ 120.22019, 22.9848 ] ] ], [ [ [ 120.21994, 22.98516 ], [ 120.21995, 22.98516 ], [ 120.21995, 22.98517 ], [ 120.21994, 22.98516 ] ] ], [ [ [ 120.22, 22.98531 ], [ 120.21999, 22.98517 ], [ 120.22003, 22.98533 ], [ 120.22, 22.98531 ] ] ], [ [ [ 120.22004, 22.98533 ], [ 120.22006, 22.98531 ], [ 120.22005, 22.98533 ], [ 120.22004, 22.98533 ] ] ] ] }, { "type": "GeometryCollection", "geometries": [ { "type": "Point", "coordinates": [ 120.21999, 22.98445 ] }, { "type": "LineString", "coordinates": [ [ 120.21995, 22.98448 ], [ 120.21996, 22.98448 ] ] }, { "type": "LineString", "coordinates": [ [ 120.22018, 22.98434 ], [ 120.22018, 22.98433 ] ] } ] }, { "type": "MultiPoint", "coordinates": [ [ 120.21968, 22.98487 ], [ 120.21971, 22.98491 ], [ 120.21996, 22.9845 ], [ 120.21998, 22.98446 ], [ 120.22015, 22.98435 ] ] } ] } },
{ "type": "Feature", "properties": { "park_id": 8, "scenario": "2026-07-21 11:00:00 CST", "solar_alt": 74.553791940997598, "solar_az": 96.018416276456904, "canopy_min": 2.0 }, "geometry": { "type": "GeometryCollection", "geometries": [ { "type": "Polygon", "coordinates": [ [ [ 120.17776, 23.05239 ], [ 120.17775, 23.0524 ], [ 120.17775, 23.05239 ], [ 120.17776, 23.05239 ] ] ] }, { "type": "MultiLineString", "coordinates": [ [ [ 120.17766, 23.05225 ], [ 120.17766, 23.05226 ] ], [ [ 120.17766, 23.05227 ], [ 120.17766, 23.05229 ] ], [ [ 120.17759, 23.05244 ], [ 120.17758, 23.05244 ] ] ] } ] } },
{ "type": "Feature", "properties": { "park_id": 9, "scenario": "2026-07-21 11:00:00 CST", "solar_alt": 74.553791940997598, "solar_az": 96.018416276456904, "canopy_min": 2.0 }, "geometry": { "type": "GeometryCollection", "geometries": [ { "type": "MultiPolygon", "coordinates": [ [ [ [ 120.18177, 23.0463 ], [ 120.18177, 23.04629 ], [ 120.18178, 23.04629 ], [ 120.18177, 23.0463 ] ] ], [ [ [ 120.18219, 23.0464 ], [ 120.1822, 23.04637 ], [ 120.1822, 23.0464 ], [ 120.18219, 23.0464 ] ] ], [ [ [ 120.1818, 23.04652 ], [ 120.18181, 23.04656 ], [ 120.1818, 23.04656 ], [ 120.1818, 23.04652 ] ] ], [ [ [ 120.18183, 23.04659 ], [ 120.18183, 23.0466 ], [ 120.18182, 23.0466 ], [ 120.18183, 23.04659 ] ] ], [ [ [ 120.18185, 23.04662 ], [ 120.18184, 23.04663 ], [ 120.18184, 23.04662 ], [ 120.18185, 23.04662 ] ] ], [ [ [ 120.18186, 23.04663 ], [ 120.18185, 23.04667 ], [ 120.18185, 23.04663 ], [ 120.18186, 23.04663 ] ] ] ] }, { "type": "LineString", "coordinates": [ [ 120.18182, 23.04658 ], [ 120.18181, 23.04658 ] ] } ] } },
{ "type": "Feature", "properties": { "park_id": 10, "scenario": "2026-07-21 11:00:00 CST", "solar_alt": 74.553791940997598, "solar_az": 96.018416276456904, "canopy_min": 2.0 }, "geometry": { "type": "GeometryCollection", "geometries": [ { "type": "MultiPolygon", "coordinates": [ [ [ [ 120.18299, 23.0505 ], [ 120.183, 23.05047 ], [ 120.183, 23.0505 ], [ 120.18299, 23.0505 ] ] ], [ [ [ 120.183, 23.05052 ], [ 120.18301, 23.05051 ], [ 120.18301, 23.05052 ], [ 120.183, 23.05052 ] ] ], [ [ [ 120.18266, 23.05058 ], [ 120.18267, 23.05057 ], [ 120.18267, 23.05058 ], [ 120.18266, 23.05058 ] ] ], [ [ [ 120.18267, 23.0506 ], [ 120.18266, 23.05059 ], [ 120.18267, 23.05059 ], [ 120.18267, 23.0506 ] ] ], [ [ [ 120.18265, 23.05063 ], [ 120.18266, 23.0506 ], [ 120.18266, 23.05063 ], [ 120.18265, 23.05063 ] ] ], [ [ [ 120.18234, 23.05099 ], [ 120.18235, 23.05098 ], [ 120.18235, 23.05099 ], [ 120.18234, 23.05099 ] ] ], [ [ [ 120.18234, 23.05104 ], [ 120.18235, 23.05105 ], [ 120.18234, 23.05105 ], [ 120.18234, 23.05104 ] ] ], [ [ [ 120.18246, 23.05116 ], [ 120.18247, 23.05118 ], [ 120.18246, 23.05118 ], [ 120.18246, 23.05116 ] ] ] ] }, { "type": "LineString", "coordinates": [ [ 120.18264, 23.05063 ], [ 120.18265, 23.05063 ] ] } ] } },
{ "type": "Feature", "properties": { "park_id": 13, "scenario": "2026-07-21 11:00:00 CST", "solar_alt": 74.553791940997598, "solar_az": 96.018416276456904, "canopy_min": 2.0 }, "geometry": { "type": "GeometryCollection", "geometries": [ { "type": "Polygon", "coordinates": [ [ [ 120.18943, 23.04705 ], [ 120.18942, 23.04706 ], [ 120.18942, 23.04705 ], [ 120.18943, 23.04705 ] ] ] }, { "type": "LineString", "coordinates": [ [ 120.18942, 23.04708 ], [ 120.18942, 23.04707 ] ] } ] } },
{ "type": "Feature", "properties": { "park_id": 14, "scenario": "2026-07-21 11:00:00 CST", "solar_alt": 74.553791940997598, "solar_az": 96.018416276456904, "canopy_min": 2.0 }, "geometry": { "type": "Polygon", "coordinates": [ [ [ 120.21487, 23.05073 ], [ 120.21487, 23.05067 ], [ 120.21488, 23.05067 ], [ 120.21487, 23.05073 ] ] ] } },
{ "type": "Feature", "properties": { "park_id": 15, "scenario": "2026-07-21 11:00:00 CST", "solar_alt": 74.553791940997598, "solar_az": 96.018416276456904, "canopy_min": 2.0 }, "geometry": { "type": "GeometryCollection", "geometries": [ { "type": "Polygon", "coordinates": [ [ [ 120.21457, 23.0516 ], [ 120.21456, 23.0516 ], [ 120.21457, 23.05159 ], [ 120.21457, 23.0516 ] ] ] }, { "type": "LineString", "coordinates": [ [ 120.21454, 23.05123 ], [ 120.21454, 23.05122 ] ] } ] } },
{ "type": "Feature", "properties": { "park_id": 16, "scenario": "2026-07-21 11:00:00 CST", "solar_alt": 74.553791940997598, "solar_az": 96.018416276456904, "canopy_min": 2.0 }, "geometry": { "type": "GeometryCollection", "geometries": [ { "type": "MultiPolygon", "coordinates": [ [ [ [ 120.21429, 23.04458 ], [ 120.21429, 23.04462 ], [ 120.21427, 23.04456 ], [ 120.21429, 23.04458 ] ] ], [ [ [ 120.21448, 23.04466 ], [ 120.21448, 23.0447 ], [ 120.21447, 23.0447 ], [ 120.21448, 23.04466 ] ] ], [ [ [ 120.21445, 23.0447 ], [ 120.21445, 23.04472 ], [ 120.21444, 23.04472 ], [ 120.21445, 23.0447 ] ] ], [ [ [ 120.21427, 23.04471 ], [ 120.21428, 23.04476 ], [ 120.21426, 23.04476 ], [ 120.21427, 23.04471 ] ] ] ] }, { "type": "GeometryCollection", "geometries": [ { "type": "Point", "coordinates": [ 120.21419, 23.04453 ] }, { "type": "LineString", "coordinates": [ [ 120.2142, 23.04456 ], [ 120.2142, 23.04457 ] ] }, { "type": "LineString", "coordinates": [ [ 120.21421, 23.04461 ], [ 120.21421, 23.04462 ] ] } ] } ] } },
{ "type": "Feature", "properties": { "park_id": 21, "scenario": "2026-07-21 11:00:00 CST", "solar_alt": 74.553791940997598, "solar_az": 96.018416276456904, "canopy_min": 2.0 }, "geometry": { "type": "GeometryCollection", "geometries": [ { "type": "MultiPolygon", "coordinates": [ [ [ [ 120.184, 22.99745 ], [ 120.184, 22.99744 ], [ 120.18401, 22.99745 ], [ 120.184, 22.99745 ] ] ], [ [ [ 120.17938, 22.99756 ], [ 120.1794, 22.99759 ], [ 120.17937, 22.99761 ], [ 120.17938, 22.99756 ] ] ] ] }, { "type": "MultiLineString", "coordinates": [ [ [ 120.18546, 22.99716 ], [ 120.18545, 22.99716 ] ], [ [ 120.185, 22.99727 ], [ 120.18499, 22.99727 ] ], [ [ 120.18492, 22.99728 ], [ 120.18491, 22.99728 ] ], [ [ 120.18484, 22.99729 ], [ 120.18485, 22.99729 ] ] ] } ] } },
{ "type": "Feature", "properties": { "park_id": 22, "scenario": "2026-07-21 11:00:00 CST", "solar_alt": 74.553791940997598, "solar_az": 96.018416276456904, "canopy_min": 2.0 }, "geometry": { "type": "MultiPolygon", "coordinates": [ [ [ [ 120.1741, 22.9972 ], [ 120.17409, 22.9972 ], [ 120.17409, 22.99719 ], [ 120.1741, 22.9972 ] ] ], [ [ [ 120.17385, 22.99721 ], [ 120.17385, 22.99723 ], [ 120.17381, 22.99718 ], [ 120.17385, 22.99721 ] ] ] ] } },
{ "type": "Feature", "properties": { "park_id": 24, "scenario": "2026-07-21 11:00:00 CST", "solar_alt": 74.553791940997598, "solar_az": 96.018416276456904, "canopy_min": 2.0 }, "geometry": { "type": "LineString", "coordinates": [ [ 120.15965, 23.00182 ], [ 120.15965, 23.00181 ] ] } },
{ "type": "Feature", "properties": { "park_id": 25, "scenario": "2026-07-21 11:00:00 CST", "solar_alt": 74.553791940997598, "solar_az": 96.018416276456904, "canopy_min": 2.0 }, "geometry": { "type": "GeometryCollection", "geometries": [ { "type": "MultiPolygon", "coordinates": [ [ [ [ 120.16392, 22.99769 ], [ 120.16392, 22.99768 ], [ 120.16393, 22.99769 ], [ 120.16392, 22.99769 ] ] ], [ [ [ 120.16421, 22.99771 ], [ 120.1642, 22.99771 ], [ 120.16421, 22.9977 ], [ 120.16421, 22.99771 ] ] ], [ [ [ 120.16419, 22.99772 ], [ 120.16418, 22.99772 ], [ 120.16419, 22.9977 ], [ 120.16419, 22.99772 ] ] ], [ [ [ 120.16417, 22.99774 ], [ 120.16417, 22.99772 ], [ 120.16418, 22.99774 ], [ 120.16417, 22.99774 ] ] ], [ [ [ 120.16522, 22.99775 ], [ 120.16522, 22.99776 ], [ 120.16521, 22.99775 ], [ 120.16522, 22.99775 ] ] ], [ [ [ 120.16413, 22.99778 ], [ 120.16412, 22.99778 ], [ 120.16413, 22.99777 ], [ 120.16413, 22.99778 ] ] ], [ [ [ 120.16413, 22.99778 ], [ 120.16414, 22.99779 ], [ 120.16413, 22.9978 ], [ 120.16413, 22.99778 ] ] ], [ [ [ 120.1667, 22.99785 ], [ 120.16671, 22.99785 ], [ 120.1667, 22.99786 ], [ 120.1667, 22.99785 ] ] ], [ [ [ 120.16681, 22.99788 ], [ 120.16681, 22.99786 ], [ 120.16683, 22.99787 ], [ 120.16681, 22.99788 ] ] ], [ [ [ 120.16692, 22.99789 ], [ 120.16691, 22.99789 ], [ 120.16692, 22.99787 ], [ 120.16692, 22.99789 ] ] ], [ [ [ 120.1671, 22.9979 ], [ 120.1671, 22.99788 ], [ 120.16711, 22.9979 ], [ 120.1671, 22.9979 ] ] ], [ [ [ 120.16702, 22.99793 ], [ 120.167, 22.99792 ], [ 120.16702, 22.99787 ], [ 120.16702, 22.99793 ] ] ], [ [ [ 120.16931, 22.99793 ], [ 120.16929, 22.99793 ], [ 120.16931, 22.99789 ], [ 120.16931, 22.99793 ] ] ], [ [ [ 120.16817, 22.9979 ], [ 120.16818, 22.9979 ], [ 120.16817, 22.99793 ], [ 120.16817, 22.9979 ] ] ], [ [ [ 120.16852, 22.99792 ], [ 120.16852, 22.99791 ], [ 120.16853, 22.99792 ], [ 120.16852, 22.99792 ] ] ], [ [ [ 120.16788, 22.99793 ], [ 120.16788, 22.9979 ], [ 120.16789, 22.99793 ], [ 120.16788, 22.99793 ] ] ] ] }, { "type": "MultiLineString", "coordinates": [ [ [ 120.16608, 22.99786 ], [ 120.16609, 22.99782 ] ], [ [ 120.16854, 22.99788 ], [ 120.16855, 22.99788 ] ] ] } ] } },
{ "type": "Feature", "properties": { "park_id": 27, "scenario": "2026-07-21 11:00:00 CST", "solar_alt": 74.553791940997598, "solar_az": 96.018416276456904, "canopy_min": 2.0 }, "geometry": { "type": "Polygon", "coordinates": [ [ [ 120.17162, 23.00014 ], [ 120.17162, 23.00013 ], [ 120.17163, 23.00013 ], [ 120.17162, 23.00014 ] ] ] } },
{ "type": "Feature", "properties": { "park_id": 29, "scenario": "2026-07-21 11:00:00 CST", "solar_alt": 74.553791940997598, "solar_az": 96.018416276456904, "canopy_min": 2.0 }, "geometry": { "type": "GeometryCollection", "geometries": [ { "type": "MultiPolygon", "coordinates": [ [ [ [ 120.26839, 23.31712 ], [ 120.2684, 23.31713 ], [ 120.26839, 23.31713 ], [ 120.26839, 23.31712 ] ] ], [ [ [ 120.26815, 23.31726 ], [ 120.26814, 23.3172 ], [ 120.26816, 23.31726 ], [ 120.26815, 23.31726 ] ] ], [ [ [ 120.26793, 23.31755 ], [ 120.26794, 23.31755 ], [ 120.26793, 23.31756 ], [ 120.26793, 23.31755 ] ] ], [ [ [ 120.26815, 23.31784 ], [ 120.26815, 23.31782 ], [ 120.26816, 23.31784 ], [ 120.26815, 23.31784 ] ] ], [ [ [ 120.26816, 23.31786 ], [ 120.26816, 23.31785 ], [ 120.26817, 23.31786 ], [ 120.26816, 23.31786 ] ] ], [ [ [ 120.26819, 23.31789 ], [ 120.2682, 23.31789 ], [ 120.26819, 23.3179 ], [ 120.26819, 23.31789 ] ] ], [ [ [ 120.26823, 23.31794 ], [ 120.26823, 23.31792 ], [ 120.26824, 23.31794 ], [ 120.26823, 23.31794 ] ] ], [ [ [ 120.26839, 23.31811 ], [ 120.2684, 23.31811 ], [ 120.26838, 23.31819 ], [ 120.26839, 23.31811 ] ] ], [ [ [ 120.26982, 23.3167 ], [ 120.26982, 23.31669 ], [ 120.26983, 23.3167 ], [ 120.26982, 23.3167 ] ] ], [ [ [ 120.26976, 23.31681 ], [ 120.26976, 23.3168 ], [ 120.26977, 23.31681 ], [ 120.26976, 23.31681 ] ] ], [ [ [ 120.26844, 23.31721 ], [ 120.26844, 23.3172 ], [ 120.26845, 23.31721 ], [ 120.26844, 23.31721 ] ] ], [ [ [ 120.26849, 23.31741 ], [ 120.26849, 23.31742 ], [ 120.26848, 23.31741 ], [ 120.26849, 23.31741 ] ] ], [ [ [ 120.2717, 23.31792 ], [ 120.27173, 23.3179 ], [ 120.27172, 23.31792 ], [ 120.2717, 23.31792 ] ] ], [ [ [ 120.27171, 23.31794 ], [ 120.27171, 23.31793 ], [ 120.27172, 23.31794 ], [ 120.27171, 23.31794 ] ] ], [ [ [ 120.27181, 23.31801 ], [ 120.27181, 23.318 ], [ 120.27182, 23.31801 ], [ 120.27181, 23.31801 ] ] ] ] }, { "type": "MultiLineString", "coordinates": [ [ [ 120.268, 23.31711 ], [ 120.26801, 23.31711 ] ], [ [ 120.26817, 23.31725 ], [ 120.26817, 23.31724 ] ], [ [ 120.26817, 23.31727 ], [ 120.26817, 23.31726 ] ], [ [ 120.26817, 23.31729 ], [ 120.26816, 23.31729 ] ], [ [ 120.26913, 23.31685 ], [ 120.26912, 23.31685 ] ], [ [ 120.26905, 23.31688 ], [ 120.26906, 23.31688 ] ], [ [ 120.26947, 23.31717 ], [ 120.26948, 23.31717 ] ] ] }, { "type": "MultiPoint", "coordinates": [ [ 120.26904, 23.31689 ], [ 120.26955, 23.31626 ], [ 120.26956, 23.31624 ], [ 120.26957, 23.31621 ], [ 120.26958, 23.31618 ], [ 120.27075, 23.31788 ] ] } ] } },
{ "type": "Feature", "properties": { "park_id": 31, "scenario": "2026-07-21 11:00:00 CST", "solar_alt": 74.553791940997598, "solar_az": 96.018416276456904, "canopy_min": 2.0 }, "geometry": { "type": "LineString", "coordinates": [ [ 120.17817, 23.06922 ], [ 120.17816, 23.06922 ] ] } },
{ "type": "Feature", "properties": { "park_id": 33, "scenario": "2026-07-21 11:00:00 CST", "solar_alt": 74.553791940997598, "solar_az": 96.018416276456904, "canopy_min": 2.0 }, "geometry": { "type": "GeometryCollection", "geometries": [ { "type": "LineString", "coordinates": [ [ 120.30297, 23.07912 ], [ 120.30297, 23.07911 ] ] }, { "type": "Point", "coordinates": [ 120.30561, 23.07889 ] } ] } },
{ "type": "Feature", "properties": { "park_id": 35, "scenario": "2026-07-21 11:00:00 CST", "solar_alt": 74.553791940997598, "solar_az": 96.018416276456904, "canopy_min": 2.0 }, "geometry": { "type": "GeometryCollection", "geometries": [ { "type": "MultiPolygon", "coordinates": [ [ [ [ 120.22413, 23.01285 ], [ 120.22412, 23.01285 ], [ 120.22413, 23.01284 ], [ 120.22413, 23.01285 ] ] ], [ [ [ 120.22396, 23.01289 ], [ 120.22394, 23.01289 ], [ 120.22396, 23.01288 ], [ 120.22396, 23.01289 ] ] ], [ [ [ 120.2241, 23.01291 ], [ 120.22409, 23.01291 ], [ 120.2241, 23.0129 ], [ 120.2241, 23.01291 ] ] ], [ [ [ 120.22393, 23.01291 ], [ 120.22392, 23.01291 ], [ 120.22393, 23.0129 ], [ 120.22393, 23.01291 ] ] ], [ [ [ 120.22409, 23.01292 ], [ 120.22408, 23.01292 ], [ 120.22409, 23.01291 ], [ 120.22409, 23.01292 ] ] ], [ [ [ 120.22389, 23.01296 ], [ 120.22388, 23.01296 ], [ 120.22389, 23.01295 ], [ 120.22389, 23.01296 ] ] ], [ [ [ 120.22432, 23.01295 ], [ 120.22433, 23.01295 ], [ 120.22431, 23.01298 ], [ 120.22432, 23.01295 ] ] ], [ [ [ 120.22433, 23.01299 ], [ 120.22434, 23.01299 ], [ 120.22433, 23.01303 ], [ 120.22433, 23.01299 ] ] ], [ [ [ 120.22427, 23.01308 ], [ 120.22429, 23.01311 ], [ 120.22426, 23.01314 ], [ 120.22427, 23.01308 ] ] ], [ [ [ 120.22444, 23.01239 ], [ 120.22443, 23.01239 ], [ 120.22444, 23.01238 ], [ 120.22444, 23.01239 ] ] ], [ [ [ 120.22443, 23.01242 ], [ 120.22442, 23.01242 ], [ 120.22443, 23.01241 ], [ 120.22443, 23.01242 ] ] ], [ [ [ 120.22441, 23.01245 ], [ 120.22442, 23.01245 ], [ 120.22441, 23.01246 ], [ 120.22441, 23.01245 ] ] ], [ [ [ 120.22433, 23.01249 ], [ 120.22435, 23.01249 ], [ 120.22435, 23.01261 ], [ 120.22433, 23.01249 ] ] ], [ [ [ 120.22437, 23.01257 ], [ 120.22436, 23.01257 ], [ 120.22437, 23.01256 ], [ 120.22437, 23.01257 ] ] ], [ [ [ 120.22435, 23.01263 ], [ 120.22434, 23.01263 ], [ 120.22435, 23.01262 ], [ 120.22435, 23.01263 ] ] ], [ [ [ 120.22437, 23.0127 ], [ 120.22437, 23.01271 ], [ 120.22436, 23.01271 ], [ 120.22437, 23.0127 ] ] ], [ [ [ 120.22435, 23.01293 ], [ 120.22435, 23.01292 ], [ 120.22436, 23.01292 ], [ 120.22435, 23.01293 ] ] ] ] }, { "type": "GeometryCollection", "geometries": [ { "type": "Point", "coordinates": [ 120.22384, 23.0128 ] }, { "type": "LineString", "coordinates": [ [ 120.22431, 23.01314 ], [ 120.2243, 23.01314 ] ] } ] } ] } },
{ "type": "Feature", "properties": { "park_id": 36, "scenario": "2026-07-21 11:00:00 CST", "solar_alt": 74.553791940997598, "solar_az": 96.018416276456904, "canopy_min": 2.0 }, "geometry": { "type": "GeometryCollection", "geometries": [ { "type": "MultiPolygon", "coordinates": [ [ [ [ 120.22435, 23.01353 ], [ 120.22434, 23.01353 ], [ 120.22435, 23.01351 ], [ 120.22435, 23.01353 ] ] ], [ [ [ 120.22435, 23.01353 ], [ 120.22436, 23.01353 ], [ 120.22435, 23.01355 ], [ 120.22435, 23.01353 ] ] ] ] }, { "type": "MultiLineString", "coordinates": [ [ [ 120.22379, 23.01347 ], [ 120.22379, 23.01346 ] ], [ [ 120.22377, 23.01348 ], [ 120.22377, 23.01347 ] ], [ [ 120.22435, 23.01351 ], [ 120.22436, 23.01351 ] ], [ [ 120.22349, 23.01361 ], [ 120.2235, 23.01361 ] ], [ [ 120.22428, 23.01365 ], [ 120.22427, 23.01365 ] ], [ [ 120.22448, 23.01366 ], [ 120.22446, 23.01366 ] ] ] }, { "type": "Point", "coordinates": [ 120.22375, 23.01348 ] } ] } },
{ "type": "Feature", "properties": { "park_id": 38, "scenario": "2026-07-21 11:00:00 CST", "solar_alt": 74.553791940997598, "solar_az": 96.018416276456904, "canopy_min": 2.0 }, "geometry": { "type": "GeometryCollection", "geometries": [ { "type": "MultiPolygon", "coordinates": [ [ [ [ 120.1881, 23.00106 ], [ 120.1881, 23.00107 ], [ 120.18809, 23.00107 ], [ 120.1881, 23.00106 ] ] ], [ [ [ 120.1881, 23.00111 ], [ 120.18812, 23.00109 ], [ 120.18812, 23.00111 ], [ 120.1881, 23.00111 ] ] ], [ [ [ 120.18826, 23.00131 ], [ 120.18827, 23.00128 ], [ 120.18827, 23.00131 ], [ 120.18826, 23.00131 ] ] ], [ [ [ 120.1883, 23.00132 ], [ 120.18829, 23.00133 ], [ 120.18829, 23.00132 ], [ 120.1883, 23.00132 ] ] ], [ [ [ 120.18831, 23.00134 ], [ 120.1883, 23.00135 ], [ 120.1883, 23.00134 ], [ 120.18831, 23.00134 ] ] ], [ [ [ 120.18837, 23.00145 ], [ 120.18838, 23.0014 ], [ 120.18841, 23.00148 ], [ 120.18837, 23.00145 ] ] ], [ [ [ 120.18777, 23.00157 ], [ 120.18778, 23.00149 ], [ 120.18778, 23.00157 ], [ 120.18777, 23.00157 ] ] ] ] }, { "type": "MultiLineString", "coordinates": [ [ [ 120.18779, 23.00158 ], [ 120.18779, 23.00159 ] ], [ [ 120.18838, 23.0016 ], [ 120.18835, 23.0016 ] ] ] }, { "type": "Point", "coordinates": [ 120.1878, 23.00159 ] } ] } },
{ "type": "Feature", "properties": { "park_id": 39, "scenario": "2026-07-21 11:00:00 CST", "solar_alt": 74.553791940997598, "solar_az": 96.018416276456904, "canopy_min": 2.0 }, "geometry": { "type": "GeometryCollection", "geometries": [ { "type": "MultiPolygon", "coordinates": [ [ [ [ 120.196, 23.01245 ], [ 120.196, 23.01243 ], [ 120.19601, 23.01243 ], [ 120.196, 23.01245 ] ] ], [ [ [ 120.19607, 23.01249 ], [ 120.19606, 23.0125 ], [ 120.19606, 23.01249 ], [ 120.19607, 23.01249 ] ] ], [ [ [ 120.19594, 23.0125 ], [ 120.19593, 23.01252 ], [ 120.19593, 23.0125 ], [ 120.19594, 23.0125 ] ] ], [ [ [ 120.19608, 23.0125 ], [ 120.19608, 23.01253 ], [ 120.19607, 23.01253 ], [ 120.19608, 23.0125 ] ] ], [ [ [ 120.19594, 23.01253 ], [ 120.19595, 23.01252 ], [ 120.19595, 23.01253 ], [ 120.19594, 23.01253 ] ] ], [ [ [ 120.19601, 23.01264 ], [ 120.196, 23.01263 ], [ 120.19601, 23.01263 ], [ 120.19601, 23.01264 ] ] ] ] }, { "type": "LineString", "coordinates": [ [ 120.196, 23.01261 ], [ 120.19601, 23.01261 ] ] } ] } },
{ "type": "Feature", "properties": { "park_id": 42, "scenario": "2026-07-21 11:00:00 CST", "solar_alt": 74.553791940997598, "solar_az": 96.018416276456904, "canopy_min": 2.0 }, "geometry": { "type": "GeometryCollection", "geometries": [ { "type": "MultiPolygon", "coordinates": [ [ [ [ 120.20301, 23.02085 ], [ 120.20302, 23.02085 ], [ 120.20302, 23.02086 ], [ 120.20301, 23.02085 ] ] ], [ [ [ 120.20324, 23.02098 ], [ 120.20323, 23.02097 ], [ 120.20324, 23.02097 ], [ 120.20324, 23.02098 ] ] ], [ [ [ 120.20298, 23.02102 ], [ 120.20297, 23.02101 ], [ 120.20298, 23.02101 ], [ 120.20298, 23.02102 ] ] ], [ [ [ 120.20339, 23.02105 ], [ 120.2034, 23.02105 ], [ 120.2034, 23.02106 ], [ 120.20339, 23.02105 ] ] ], [ [ [ 120.20293, 23.02114 ], [ 120.20292, 23.02113 ], [ 120.20293, 23.02113 ], [ 120.20293, 23.02114 ] ] ], [ [ [ 120.20294, 23.02116 ], [ 120.20293, 23.02115 ], [ 120.20294, 23.02115 ], [ 120.20294, 23.02116 ] ] ] ] }, { "type": "LineString", "coordinates": [ [ 120.20299, 23.02104 ], [ 120.20298, 23.02105 ] ] }, { "type": "Point", "coordinates": [ 120.2033, 23.02127 ] } ] } },
{ "type": "Feature", "properties": { "park_id": 44, "scenario": "2026-07-21 11:00:00 CST", "solar_alt": 74.553791940997598, "solar_az": 96.018416276456904, "canopy_min": 2.0 }, "geometry": { "type": "MultiPolygon", "coordinates": [ [ [ [ 120.20221, 23.01295 ], [ 120.20222, 23.01295 ], [ 120.20222, 23.01296 ], [ 120.20221, 23.01295 ] ] ], [ [ [ 120.20222, 23.01297 ], [ 120.20222, 23.01299 ], [ 120.20221, 23.01299 ], [ 120.20222, 23.01297 ] ] ], [ [ [ 120.20238, 23.013 ], [ 120.20238, 23.01301 ], [ 120.20237, 23.01301 ], [ 120.20238, 23.013 ] ] ], [ [ [ 120.20251, 23.01308 ], [ 120.20252, 23.01308 ], [ 120.20252, 23.01309 ], [ 120.20251, 23.01308 ] ] ], [ [ [ 120.20253, 23.01309 ], [ 120.20253, 23.0131 ], [ 120.20252, 23.0131 ], [ 120.20252, 23.01309 ], [ 120.20253, 23.01309 ] ] ], [ [ [ 120.20213, 23.01312 ], [ 120.20217, 23.01308 ], [ 120.20217, 23.01315 ], [ 120.20213, 23.01312 ] ] ], [ [ [ 120.20218, 23.01319 ], [ 120.20217, 23.01319 ], [ 120.20217, 23.01315 ], [ 120.20218, 23.01319 ] ] ] ] } },
{ "type": "Feature", "properties": { "park_id": 45, "scenario": "2026-07-21 11:00:00 CST", "solar_alt": 74.553791940997598, "solar_az": 96.018416276456904, "canopy_min": 2.0 }, "geometry": { "type": "GeometryCollection", "geometries": [ { "type": "MultiPolygon", "coordinates": [ [ [ [ 120.16299, 22.98595 ], [ 120.163, 22.98601 ], [ 120.16298, 22.98599 ], [ 120.16299, 22.98595 ] ] ], [ [ [ 120.16298, 22.98602 ], [ 120.16299, 22.98601 ], [ 120.16299, 22.98602 ], [ 120.16298, 22.98602 ] ] ], [ [ [ 120.16298, 22.98604 ], [ 120.16297, 22.98605 ], [ 120.16297, 22.98604 ], [ 120.16298, 22.98604 ] ] ], [ [ [ 120.16294, 22.98605 ], [ 120.16295, 22.98606 ], [ 120.16294, 22.98606 ], [ 120.16294, 22.98605 ] ] ], [ [ [ 120.16228, 22.98606 ], [ 120.16227, 22.98607 ], [ 120.16227, 22.98606 ], [ 120.16228, 22.98606 ] ] ], [ [ [ 120.16292, 22.9861 ], [ 120.16291, 22.98611 ], [ 120.16291, 22.9861 ], [ 120.16292, 22.9861 ] ] ], [ [ [ 120.1629, 22.98635 ], [ 120.16292, 22.98639 ], [ 120.1629, 22.98641 ], [ 120.1629, 22.98635 ] ] ] ] }, { "type": "LineString", "coordinates": [ [ 120.16294, 22.98608 ], [ 120.16293, 22.98608 ] ] }, { "type": "MultiPoint", "coordinates": [ [ 120.16237, 22.98642 ], [ 120.16245, 22.98643 ], [ 120.16253, 22.98644 ] ] } ] } },
{ "type": "Feature", "properties": { "park_id": 47, "scenario": "2026-07-21 11:00:00 CST", "solar_alt": 74.553791940997598, "solar_az": 96.018416276456904, "canopy_min": 2.0 }, "geometry": { "type": "MultiPolygon", "coordinates": [ [ [ [ 120.19506, 23.04101 ], [ 120.19506, 23.041 ], [ 120.19507, 23.041 ], [ 120.19506, 23.04101 ] ] ], [ [ [ 120.19503, 23.04113 ], [ 120.19504, 23.04113 ], [ 120.19505, 23.04115 ], [ 120.19503, 23.04113 ] ] ], [ [ [ 120.19517, 23.04119 ], [ 120.19516, 23.04119 ], [ 120.19515, 23.04114 ], [ 120.19517, 23.04119 ] ] ] ] } },
{ "type": "Feature", "properties": { "park_id": 49, "scenario": "2026-07-21 11:00:00 CST", "solar_alt": 74.553791940997598, "solar_az": 96.018416276456904, "canopy_min": 2.0 }, "geometry": { "type": "GeometryCollection", "geometries": [ { "type": "Polygon", "coordinates": [ [ [ 120.19804, 23.04206 ], [ 120.19805, 23.04207 ], [ 120.19804, 23.04207 ], [ 120.19804, 23.04206 ] ] ] }, { "type": "Point", "coordinates": [ 120.19786, 23.04188 ] } ] } },
{ "type": "Feature", "properties": { "park_id": 53, "scenario": "2026-07-21 11:00:00 CST", "solar_alt": 74.553791940997598, "solar_az": 96.018416276456904, "canopy_min": 2.0 }, "geometry": { "type": "GeometryCollection", "geometries": [ { "type": "Polygon", "coordinates": [ [ [ 120.28144, 22.92179 ], [ 120.28145, 22.92182 ], [ 120.28144, 22.92182 ], [ 120.28144, 22.92179 ] ] ] }, { "type": "GeometryCollection", "geometries": [ { "type": "Point", "coordinates": [ 120.28028, 22.92119 ] }, { "type": "LineString", "coordinates": [ [ 120.28006, 22.92172 ], [ 120.28007, 22.92172 ] ] } ] }, { "type": "MultiPoint", "coordinates": [ [ 120.28005, 22.92168 ], [ 120.2801, 22.92126 ] ] } ] } },
{ "type": "Feature", "properties": { "park_id": 54, "scenario": "2026-07-21 11:00:00 CST", "solar_alt": 74.553791940997598, "solar_az": 96.018416276456904, "canopy_min": 2.0 }, "geometry": { "type": "GeometryCollection", "geometries": [ { "type": "MultiPolygon", "coordinates": [ [ [ [ 120.18259, 23.01535 ], [ 120.1826, 23.01535 ], [ 120.18259, 23.01537 ], [ 120.18259, 23.01535 ] ] ], [ [ [ 120.18273, 23.01879 ], [ 120.18274, 23.01879 ], [ 120.18273, 23.01882 ], [ 120.18273, 23.01879 ] ] ] ] }, { "type": "LineString", "coordinates": [ [ 120.18237, 23.0157 ], [ 120.18237, 23.01571 ] ] }, { "type": "MultiPoint", "coordinates": [ [ 120.18144, 23.02277 ], [ 120.18147, 23.02278 ], [ 120.18241, 23.01573 ] ] } ] } },
{ "type": "Feature", "properties": { "park_id": 55, "scenario": "2026-07-21 11:00:00 CST", "solar_alt": 74.553791940997598, "solar_az": 96.018416276456904, "canopy_min": 2.0 }, "geometry": { "type": "GeometryCollection", "geometries": [ { "type": "MultiPolygon", "coordinates": [ [ [ [ 120.18259, 23.01535 ], [ 120.1826, 23.01535 ], [ 120.18259, 23.01537 ], [ 120.18259, 23.01535 ] ] ], [ [ [ 120.18273, 23.01879 ], [ 120.18274, 23.01879 ], [ 120.18273, 23.01882 ], [ 120.18273, 23.01879 ] ] ] ] }, { "type": "LineString", "coordinates": [ [ 120.18237, 23.0157 ], [ 120.18237, 23.01571 ] ] }, { "type": "MultiPoint", "coordinates": [ [ 120.18144, 23.02277 ], [ 120.18147, 23.02278 ], [ 120.18241, 23.01573 ] ] } ] } },
{ "type": "Feature", "properties": { "park_id": 56, "scenario": "2026-07-21 11:00:00 CST", "solar_alt": 74.553791940997598, "solar_az": 96.018416276456904, "canopy_min": 2.0 }, "geometry": { "type": "GeometryCollection", "geometries": [ { "type": "MultiPolygon", "coordinates": [ [ [ [ 120.18259, 23.01535 ], [ 120.1826, 23.01535 ], [ 120.18259, 23.01537 ], [ 120.18259, 23.01535 ] ] ], [ [ [ 120.18273, 23.01879 ], [ 120.18274, 23.01879 ], [ 120.18273, 23.01882 ], [ 120.18273, 23.01879 ] ] ] ] }, { "type": "LineString", "coordinates": [ [ 120.18237, 23.0157 ], [ 120.18237, 23.01571 ] ] }, { "type": "MultiPoint", "coordinates": [ [ 120.18144, 23.02277 ], [ 120.18147, 23.02278 ], [ 120.18241, 23.01573 ] ] } ] } },
{ "type": "Feature", "properties": { "park_id": 57, "scenario": "2026-07-21 11:00:00 CST", "solar_alt": 74.553791940997598, "solar_az": 96.018416276456904, "canopy_min": 2.0 }, "geometry": { "type": "GeometryCollection", "geometries": [ { "type": "MultiPolygon", "coordinates": [ [ [ [ 120.18259, 23.01535 ], [ 120.1826, 23.01535 ], [ 120.18259, 23.01537 ], [ 120.18259, 23.01535 ] ] ], [ [ [ 120.18273, 23.01879 ], [ 120.18274, 23.01879 ], [ 120.18273, 23.01882 ], [ 120.18273, 23.01879 ] ] ] ] }, { "type": "LineString", "coordinates": [ [ 120.18237, 23.0157 ], [ 120.18237, 23.01571 ] ] }, { "type": "MultiPoint", "coordinates": [ [ 120.18144, 23.02277 ], [ 120.18147, 23.02278 ], [ 120.18241, 23.01573 ] ] } ] } },
{ "type": "Feature", "properties": { "park_id": 58, "scenario": "2026-07-21 11:00:00 CST", "solar_alt": 74.553791940997598, "solar_az": 96.018416276456904, "canopy_min": 2.0 }, "geometry": { "type": "Polygon", "coordinates": [ [ [ 120.21373, 23.03842 ], [ 120.21372, 23.03842 ], [ 120.21372, 23.0384 ], [ 120.21373, 23.03842 ] ] ] } },
{ "type": "Feature", "properties": { "park_id": 59, "scenario": "2026-07-21 11:00:00 CST", "solar_alt": 74.553791940997598, "solar_az": 96.018416276456904, "canopy_min": 2.0 }, "geometry": { "type": "Point", "coordinates": [ 120.2861, 22.92222 ] } },
{ "type": "Feature", "properties": { "park_id": 60, "scenario": "2026-07-21 11:00:00 CST", "solar_alt": 74.553791940997598, "solar_az": 96.018416276456904, "canopy_min": 2.0 }, "geometry": { "type": "Polygon", "coordinates": [ [ [ 120.21327, 23.0339 ], [ 120.21326, 23.0339 ], [ 120.21326, 23.03389 ], [ 120.21327, 23.0339 ] ] ] } },
{ "type": "Feature", "properties": { "park_id": 61, "scenario": "2026-07-21 11:00:00 CST", "solar_alt": 74.553791940997598, "solar_az": 96.018416276456904, "canopy_min": 2.0 }, "geometry": { "type": "Polygon", "coordinates": [ [ [ 120.2196, 23.01326 ], [ 120.21962, 23.01325 ], [ 120.21962, 23.01332 ], [ 120.2196, 23.01326 ] ] ] } },
{ "type": "Feature", "properties": { "park_id": 62, "scenario": "2026-07-21 11:00:00 CST", "solar_alt": 74.553791940997598, "solar_az": 96.018416276456904, "canopy_min": 2.0 }, "geometry": { "type": "GeometryCollection", "geometries": [ { "type": "Polygon", "coordinates": [ [ [ 120.20775, 23.03658 ], [ 120.20776, 23.03659 ], [ 120.20775, 23.03659 ], [ 120.20775, 23.03658 ] ] ] }, { "type": "GeometryCollection", "geometries": [ { "type": "Point", "coordinates": [ 120.20814, 23.03654 ] }, { "type": "LineString", "coordinates": [ [ 120.20669, 23.03729 ], [ 120.20669, 23.0373 ] ] } ] } ] } },
{ "type": "Feature", "properties": { "park_id": 63, "scenario": "2026-07-21 11:00:00 CST", "solar_alt": 74.553791940997598, "solar_az": 96.018416276456904, "canopy_min": 2.0 }, "geometry": { "type": "Point", "coordinates": [ 120.20612, 23.03598 ] } },
{ "type": "Feature", "properties": { "park_id": 64, "scenario": "2026-07-21 11:00:00 CST", "solar_alt": 74.553791940997598, "solar_az": 96.018416276456904, "canopy_min": 2.0 }, "geometry": { "type": "MultiLineString", "coordinates": [ [ [ 120.20379, 23.03758 ], [ 120.2038, 23.03758 ] ], [ [ 120.20378, 23.0376 ], [ 120.20379, 23.0376 ] ] ] } },
{ "type": "Feature", "properties": { "park_id": 65, "scenario": "2026-07-21 11:00:00 CST", "solar_alt": 74.553791940997598, "solar_az": 96.018416276456904, "canopy_min": 2.0 }, "geometry": { "type": "GeometryCollection", "geometries": [ { "type": "Polygon", "coordinates": [ [ [ 120.20531, 23.03039 ], [ 120.20532, 23.0304 ], [ 120.20531, 23.0304 ], [ 120.20531, 23.03039 ] ] ] }, { "type": "LineString", "coordinates": [ [ 120.20528, 23.03086 ], [ 120.20529, 23.03086 ] ] } ] } },
{ "type": "Feature", "properties": { "park_id": 66, "scenario": "2026-07-21 11:00:00 CST", "solar_alt": 74.553791940997598, "solar_az": 96.018416276456904, "canopy_min": 2.0 }, "geometry": { "type": "GeometryCollection", "geometries": [ { "type": "MultiLineString", "coordinates": [ [ [ 120.20533, 23.03318 ], [ 120.20533, 23.03317 ] ], [ [ 120.20553, 23.03376 ], [ 120.20553, 23.03377 ] ] ] }, { "type": "Point", "coordinates": [ 120.20573, 23.03412 ] } ] } },
{ "type": "Feature", "properties": { "park_id": 68, "scenario": "2026-07-21 11:00:00 CST", "solar_alt": 74.553791940997598, "solar_az": 96.018416276456904, "canopy_min": 2.0 }, "geometry": { "type": "MultiPolygon", "coordinates": [ [ [ [ 120.20832, 23.03155 ], [ 120.20831, 23.03155 ], [ 120.20831, 23.03145 ], [ 120.20832, 23.03155 ] ] ], [ [ [ 120.20832, 23.03157 ], [ 120.20831, 23.03157 ], [ 120.20831, 23.03156 ], [ 120.20832, 23.03157 ] ] ] ] } },
{ "type": "Feature", "properties": { "park_id": 69, "scenario": "2026-07-21 11:00:00 CST", "solar_alt": 74.553791940997598, "solar_az": 96.018416276456904, "canopy_min": 2.0 }, "geometry": { "type": "GeometryCollection", "geometries": [ { "type": "Polygon", "coordinates": [ [ [ 120.20923, 23.01026 ], [ 120.20922, 23.01027 ], [ 120.20922, 23.01026 ], [ 120.20923, 23.01026 ] ] ] }, { "type": "MultiLineString", "coordinates": [ [ [ 120.20895, 23.0104 ], [ 120.20895, 23.01039 ] ], [ [ 120.20896, 23.01043 ], [ 120.20896, 23.01044 ] ] ] }, { "type": "MultiPoint", "coordinates": [ [ 120.20897, 23.01048 ], [ 120.20898, 23.01052 ] ] } ] } },
{ "type": "Feature", "properties": { "park_id": 71, "scenario": "2026-07-21 11:00:00 CST", "solar_alt": 74.553791940997598, "solar_az": 96.018416276456904, "canopy_min": 2.0 }, "geometry": { "type": "MultiPolygon", "coordinates": [ [ [ [ 120.21444, 23.01132 ], [ 120.21444, 23.01134 ], [ 120.21443, 23.01134 ], [ 120.21444, 23.01132 ] ] ], [ [ [ 120.21451, 23.01147 ], [ 120.21448, 23.01173 ], [ 120.21445, 23.01156 ], [ 120.21451, 23.01147 ] ], [ [ 120.21449, 23.01155 ], [ 120.21449, 23.01154 ], [ 120.21448, 23.01154 ], [ 120.21449, 23.01155 ] ] ], [ [ [ 120.21449, 23.01178 ], [ 120.21449, 23.01176 ], [ 120.2145, 23.01176 ], [ 120.21449, 23.01178 ] ] ] ] } },
{ "type": "Feature", "properties": { "park_id": 72, "scenario": "2026-07-21 11:00:00 CST", "solar_alt": 74.553791940997598, "solar_az": 96.018416276456904, "canopy_min": 2.0 }, "geometry": { "type": "GeometryCollection", "geometries": [ { "type": "MultiPolygon", "coordinates": [ [ [ [ 120.24734, 23.01418 ], [ 120.24735, 23.01418 ], [ 120.24734, 23.01419 ], [ 120.24734, 23.01418 ] ] ], [ [ [ 120.24732, 23.01429 ], [ 120.2473, 23.01428 ], [ 120.24732, 23.01423 ], [ 120.24732, 23.01429 ] ] ] ] }, { "type": "LineString", "coordinates": [ [ 120.24733, 23.01419 ], [ 120.24734, 23.01419 ] ] } ] } },
{ "type": "Feature", "properties": { "park_id": 73, "scenario": "2026-07-21 11:00:00 CST", "solar_alt": 74.553791940997598, "solar_az": 96.018416276456904, "canopy_min": 2.0 }, "geometry": { "type": "GeometryCollection", "geometries": [ { "type": "MultiPolygon", "coordinates": [ [ [ [ 120.22245, 22.9893 ], [ 120.22245, 22.98928 ], [ 120.22246, 22.9893 ], [ 120.22245, 22.9893 ] ] ], [ [ [ 120.22243, 22.98935 ], [ 120.22243, 22.98932 ], [ 120.22244, 22.98935 ], [ 120.22243, 22.98935 ] ] ], [ [ [ 120.2224, 22.98939 ], [ 120.2224, 22.98938 ], [ 120.22241, 22.98939 ], [ 120.2224, 22.98939 ] ] ], [ [ [ 120.22239, 22.98945 ], [ 120.22239, 22.9894 ], [ 120.22241, 22.98942 ], [ 120.22239, 22.98945 ] ] ], [ [ [ 120.22233, 22.98951 ], [ 120.22233, 22.9895 ], [ 120.22234, 22.98951 ], [ 120.22233, 22.98951 ] ] ], [ [ [ 120.22233, 22.98955 ], [ 120.22233, 22.98952 ], [ 120.22234, 22.98955 ], [ 120.22233, 22.98955 ] ] ], [ [ [ 120.22234, 22.98957 ], [ 120.22233, 22.98957 ], [ 120.22234, 22.98956 ], [ 120.22234, 22.98957 ] ] ], [ [ [ 120.22242, 22.98961 ], [ 120.22243, 22.98958 ], [ 120.22244, 22.98958 ], [ 120.22242, 22.98961 ] ] ], [ [ [ 120.22246, 22.98965 ], [ 120.22245, 22.98965 ], [ 120.22245, 22.98962 ], [ 120.22246, 22.98965 ] ] ], [ [ [ 120.22247, 22.98921 ], [ 120.22248, 22.98915 ], [ 120.22249, 22.98921 ], [ 120.22247, 22.98921 ] ] ], [ [ [ 120.22263, 22.98922 ], [ 120.22263, 22.98921 ], [ 120.22264, 22.98922 ], [ 120.22263, 22.98922 ] ] ], [ [ [ 120.22248, 22.98922 ], [ 120.22247, 22.98925 ], [ 120.22246, 22.98923 ], [ 120.22248, 22.98922 ] ] ], [ [ [ 120.2226, 22.9893 ], [ 120.22261, 22.9893 ], [ 120.2226, 22.98932 ], [ 120.2226, 22.9893 ] ] ], [ [ [ 120.22267, 22.98941 ], [ 120.22267, 22.98945 ], [ 120.22266, 22.98941 ], [ 120.22267, 22.98941 ] ] ], [ [ [ 120.22252, 22.98944 ], [ 120.22252, 22.98943 ], [ 120.22253, 22.98944 ], [ 120.22252, 22.98944 ] ] ], [ [ [ 120.22252, 22.98947 ], [ 120.22252, 22.98946 ], [ 120.22253, 22.98947 ], [ 120.22252, 22.98947 ] ] ], [ [ [ 120.22249, 22.98953 ], [ 120.22248, 22.9895 ], [ 120.2225, 22.98943 ], [ 120.22251, 22.98948 ], [ 120.22249, 22.98953 ] ] ], [ [ [ 120.22247, 22.98965 ], [ 120.22247, 22.98964 ], [ 120.22248, 22.98964 ], [ 120.22247, 22.98965 ] ] ] ] }, { "type": "LineString", "coordinates": [ [ 120.22234, 22.98957 ], [ 120.22235, 22.98957 ] ] } ] } },
{ "type": "Feature", "properties": { "park_id": 75, "scenario": "2026-07-21 11:00:00 CST", "solar_alt": 74.553791940997598, "solar_az": 96.018416276456904, "canopy_min": 2.0 }, "geometry": { "type": "MultiPolygon", "coordinates": [ [ [ [ 120.22999, 22.97453 ], [ 120.22997, 22.97453 ], [ 120.22996, 22.97449 ], [ 120.22999, 22.97453 ] ] ], [ [ [ 120.22996, 22.97463 ], [ 120.22996, 22.97457 ], [ 120.22997, 22.97462 ], [ 120.22996, 22.97463 ] ] ], [ [ [ 120.23, 22.97465 ], [ 120.23004, 22.97484 ], [ 120.22996, 22.97471 ], [ 120.23, 22.97465 ] ] ], [ [ [ 120.23007, 22.97485 ], [ 120.23005, 22.97485 ], [ 120.23005, 22.97482 ], [ 120.23007, 22.97485 ] ] ] ] } },
{ "type": "Feature", "properties": { "park_id": 77, "scenario": "2026-07-21 11:00:00 CST", "solar_alt": 74.553791940997598, "solar_az": 96.018416276456904, "canopy_min": 2.0 }, "geometry": { "type": "GeometryCollection", "geometries": [ { "type": "MultiPolygon", "coordinates": [ [ [ [ 120.24319, 22.97633 ], [ 120.24319, 22.97634 ], [ 120.24318, 22.97633 ], [ 120.24319, 22.97633 ] ] ], [ [ [ 120.24333, 22.97692 ], [ 120.24333, 22.9769 ], [ 120.24334, 22.9769 ], [ 120.24333, 22.97692 ] ] ], [ [ [ 120.24323, 22.97701 ], [ 120.24323, 22.97699 ], [ 120.24324, 22.97699 ], [ 120.24323, 22.97701 ] ] ] ] }, { "type": "LineString", "coordinates": [ [ 120.24323, 22.97702 ], [ 120.24324, 22.97702 ] ] } ] } },
{ "type": "Feature", "properties": { "park_id": 78, "scenario": "2026-07-21 11:00:00 CST", "solar_alt": 74.553791940997598, "solar_az": 96.018416276456904, "canopy_min": 2.0 }, "geometry": { "type": "Polygon", "coordinates": [ [ [ 120.29549, 23.30762 ], [ 120.29549, 23.30763 ], [ 120.29548, 23.30763 ], [ 120.29549, 23.30762 ] ] ] } },
{ "type": "Feature", "properties": { "park_id": 82, "scenario": "2026-07-21 11:00:00 CST", "solar_alt": 74.553791940997598, "solar_az": 96.018416276456904, "canopy_min": 2.0 }, "geometry": { "type": "GeometryCollection", "geometries": [ { "type": "Point", "coordinates": [ 120.28986, 22.92708 ] }, { "type": "MultiPoint", "coordinates": [ [ 120.28995, 22.92711 ], [ 120.29019, 22.92721 ], [ 120.29028, 22.92725 ] ] } ] } },
{ "type": "Feature", "properties": { "park_id": 83, "scenario": "2026-07-21 11:00:00 CST", "solar_alt": 74.553791940997598, "solar_az": 96.018416276456904, "canopy_min": 2.0 }, "geometry": { "type": "GeometryCollection", "geometries": [ { "type": "Polygon", "coordinates": [ [ [ 120.28569, 22.92792 ], [ 120.28568, 22.92791 ], [ 120.28569, 22.92791 ], [ 120.28569, 22.92792 ] ] ] }, { "type": "Point", "coordinates": [ 120.28578, 22.928 ] } ] } },
{ "type": "Feature", "properties": { "park_id": 84, "scenario": "2026-07-21 11:00:00 CST", "solar_alt": 74.553791940997598, "solar_az": 96.018416276456904, "canopy_min": 2.0 }, "geometry": { "type": "Polygon", "coordinates": [ [ [ 120.28416, 22.92653 ], [ 120.28415, 22.92653 ], [ 120.28415, 22.92652 ], [ 120.28416, 22.92653 ] ] ] } },
{ "type": "Feature", "properties": { "park_id": 85, "scenario": "2026-07-21 11:00:00 CST", "solar_alt": 74.553791940997598, "solar_az": 96.018416276456904, "canopy_min": 2.0 }, "geometry": { "type": "Polygon", "coordinates": [ [ [ 120.28564, 22.93127 ], [ 120.28564, 22.93129 ], [ 120.28563, 22.93129 ], [ 120.28564, 22.93127 ] ] ] } },
{ "type": "Feature", "properties": { "park_id": 86, "scenario": "2026-07-21 11:00:00 CST", "solar_alt": 74.553791940997598, "solar_az": 96.018416276456904, "canopy_min": 2.0 }, "geometry": { "type": "GeometryCollection", "geometries": [ { "type": "GeometryCollection", "geometries": [ { "type": "LineString", "coordinates": [ [ 120.28925, 22.93191 ], [ 120.28925, 22.93192 ] ] }, { "type": "Point", "coordinates": [ 120.28923, 22.93191 ] } ] }, { "type": "Point", "coordinates": [ 120.28927, 22.93192 ] } ] } },
{ "type": "Feature", "properties": { "park_id": 88, "scenario": "2026-07-21 11:00:00 CST", "solar_alt": 74.553791940997598, "solar_az": 96.018416276456904, "canopy_min": 2.0 }, "geometry": { "type": "Polygon", "coordinates": [ [ [ 120.187, 22.93487 ], [ 120.18699, 22.93487 ], [ 120.18699, 22.93486 ], [ 120.187, 22.93487 ] ] ] } },
{ "type": "Feature", "properties": { "park_id": 89, "scenario": "2026-07-21 11:00:00 CST", "solar_alt": 74.553791940997598, "solar_az": 96.018416276456904, "canopy_min": 2.0 }, "geometry": { "type": "Polygon", "coordinates": [ [ [ 120.24536, 22.99882 ], [ 120.24535, 22.99882 ], [ 120.24532, 22.99874 ], [ 120.24536, 22.99882 ] ] ] } },
{ "type": "Feature", "properties": { "park_id": 90, "scenario": "2026-07-21 11:00:00 CST", "solar_alt": 74.553791940997598, "solar_az": 96.018416276456904, "canopy_min": 2.0 }, "geometry": { "type": "GeometryCollection", "geometries": [ { "type": "MultiPolygon", "coordinates": [ [ [ [ 120.24247, 22.97384 ], [ 120.24247, 22.97389 ], [ 120.24246, 22.97384 ], [ 120.24247, 22.97384 ] ] ], [ [ [ 120.24249, 22.97391 ], [ 120.24248, 22.97391 ], [ 120.24248, 22.97386 ], [ 120.2425, 22.97391 ], [ 120.24249, 22.97391 ] ] ], [ [ [ 120.2425, 22.97392 ], [ 120.24249, 22.97392 ], [ 120.24249, 22.97391 ], [ 120.2425, 22.97392 ] ] ] ] }, { "type": "GeometryCollection", "geometries": [ { "type": "Point", "coordinates": [ 120.24205, 22.97369 ] }, { "type": "LineString", "coordinates": [ [ 120.24202, 22.97369 ], [ 120.24202, 22.9737 ] ] } ] } ] } },
{ "type": "Feature", "properties": { "park_id": 91, "scenario": "2026-07-21 11:00:00 CST", "solar_alt": 74.553791940997598, "solar_az": 96.018416276456904, "canopy_min": 2.0 }, "geometry": { "type": "GeometryCollection", "geometries": [ { "type": "MultiPolygon", "coordinates": [ [ [ [ 120.1728, 23.15606 ], [ 120.1728, 23.15607 ], [ 120.17279, 23.15606 ], [ 120.1728, 23.15606 ] ] ], [ [ [ 120.17279, 23.1561 ], [ 120.17279, 23.15612 ], [ 120.17278, 23.15612 ], [ 120.17279, 23.1561 ] ] ], [ [ [ 120.17278, 23.15615 ], [ 120.17279, 23.15615 ], [ 120.17279, 23.15617 ], [ 120.17278, 23.15615 ] ] ], [ [ [ 120.17257, 23.15925 ], [ 120.17258, 23.15925 ], [ 120.17257, 23.15926 ], [ 120.17257, 23.15925 ] ] ], [ [ [ 120.17245, 23.15931 ], [ 120.17245, 23.1593 ], [ 120.17246, 23.1593 ], [ 120.17245, 23.15931 ] ] ], [ [ [ 120.17244, 23.15931 ], [ 120.17245, 23.15931 ], [ 120.17245, 23.15932 ], [ 120.17244, 23.15931 ] ] ], [ [ [ 120.17256, 23.15942 ], [ 120.17256, 23.15941 ], [ 120.17257, 23.15942 ], [ 120.17256, 23.15942 ] ] ], [ [ [ 120.17256, 23.15944 ], [ 120.17256, 23.15943 ], [ 120.17257, 23.15943 ], [ 120.17256, 23.15944 ] ] ], [ [ [ 120.17257, 23.16124 ], [ 120.17256, 23.16124 ], [ 120.17256, 23.16123 ], [ 120.17257, 23.16124 ] ] ], [ [ [ 120.17254, 23.16252 ], [ 120.17254, 23.16251 ], [ 120.17255, 23.16252 ], [ 120.17254, 23.16252 ] ] ], [ [ [ 120.17258, 23.16261 ], [ 120.17257, 23.16261 ], [ 120.17257, 23.1626 ], [ 120.17258, 23.16261 ] ] ], [ [ [ 120.17269, 23.16343 ], [ 120.17268, 23.16343 ], [ 120.17268, 23.16342 ], [ 120.17269, 23.16343 ] ] ], [ [ [ 120.17309, 23.15471 ], [ 120.1731, 23.15471 ], [ 120.17309, 23.15473 ], [ 120.17309, 23.15471 ] ] ], [ [ [ 120.17305, 23.15531 ], [ 120.17304, 23.15531 ], [ 120.17304, 23.1553 ], [ 120.17305, 23.15531 ] ] ], [ [ [ 120.17292, 23.15534 ], [ 120.17292, 23.15536 ], [ 120.17291, 23.15536 ], [ 120.17292, 23.15534 ] ] ], [ [ [ 120.17279, 23.15608 ], [ 120.1728, 23.15608 ], [ 120.17279, 23.1561 ], [ 120.17279, 23.15608 ] ] ], [ [ [ 120.17279, 23.1562 ], [ 120.1728, 23.1562 ], [ 120.17281, 23.15623 ], [ 120.17279, 23.1562 ] ] ], [ [ [ 120.17289, 23.15672 ], [ 120.17289, 23.1567 ], [ 120.1729, 23.1567 ], [ 120.17289, 23.15672 ] ] ], [ [ [ 120.17285, 23.16333 ], [ 120.17284, 23.16333 ], [ 120.17285, 23.16331 ], [ 120.17285, 23.16333 ] ] ], [ [ [ 120.17283, 23.16336 ], [ 120.17283, 23.16333 ], [ 120.17284, 23.16333 ], [ 120.17283, 23.16336 ] ] ], [ [ [ 120.17282, 23.16337 ], [ 120.17281, 23.16337 ], [ 120.17281, 23.16336 ], [ 120.17282, 23.16337 ] ] ], [ [ [ 120.17286, 23.16523 ], [ 120.17286, 23.16522 ], [ 120.17287, 23.16523 ], [ 120.17286, 23.16523 ] ] ], [ [ [ 120.17317, 23.16571 ], [ 120.17316, 23.16571 ], [ 120.17316, 23.1657 ], [ 120.17317, 23.16571 ] ] ], [ [ [ 120.17326, 23.16582 ], [ 120.17325, 23.16582 ], [ 120.17325, 23.16581 ], [ 120.17326, 23.16582 ] ] ] ] }, { "type": "LineString", "coordinates": [ [ 120.17291, 23.16358 ], [ 120.1729, 23.16358 ] ] }, { "type": "Point", "coordinates": [ 120.17372, 23.15358 ] } ] } },
{ "type": "Feature", "properties": { "park_id": 92, "scenario": "2026-07-21 11:00:00 CST", "solar_alt": 74.553791940997598, "solar_az": 96.018416276456904, "canopy_min": 2.0 }, "geometry": { "type": "GeometryCollection", "geometries": [ { "type": "MultiPolygon", "coordinates": [ [ [ [ 120.1584, 23.00194 ], [ 120.15841, 23.00194 ], [ 120.1584, 23.00195 ], [ 120.1584, 23.00194 ] ] ], [ [ [ 120.15839, 23.00203 ], [ 120.15838, 23.00203 ], [ 120.15839, 23.00195 ], [ 120.15839, 23.00203 ] ] ] ] }, { "type": "LineString", "coordinates": [ [ 120.15821, 23.00234 ], [ 120.15821, 23.00235 ] ] } ] } },
{ "type": "Feature", "properties": { "park_id": 94, "scenario": "2026-07-21 11:00:00 CST", "solar_alt": 74.553791940997598, "solar_az": 96.018416276456904, "canopy_min": 2.0 }, "geometry": { "type": "GeometryCollection", "geometries": [ { "type": "MultiPolygon", "coordinates": [ [ [ [ 120.1688, 22.995 ], [ 120.16881, 22.995 ], [ 120.16881, 22.99502 ], [ 120.1688, 22.995 ] ] ], [ [ [ 120.16907, 22.99512 ], [ 120.16907, 22.99511 ], [ 120.16908, 22.99511 ], [ 120.16907, 22.99512 ] ] ], [ [ [ 120.1692, 22.99523 ], [ 120.16921, 22.99523 ], [ 120.16921, 22.99524 ], [ 120.1692, 22.99523 ] ] ], [ [ [ 120.16768, 22.99539 ], [ 120.16768, 22.99542 ], [ 120.16767, 22.99542 ], [ 120.16768, 22.99539 ] ] ] ] }, { "type": "LineString", "coordinates": [ [ 120.1677, 22.99546 ], [ 120.16769, 22.99546 ] ] } ] } },
{ "type": "Feature", "properties": { "park_id": 100, "scenario": "2026-07-21 11:00:00 CST", "solar_alt": 74.553791940997598, "solar_az": 96.018416276456904, "canopy_min": 2.0 }, "geometry": { "type": "GeometryCollection", "geometries": [ { "type": "MultiPolygon", "coordinates": [ [ [ [ 120.20098, 22.97649 ], [ 120.20096, 22.9765 ], [ 120.20097, 22.97645 ], [ 120.20098, 22.97649 ] ] ], [ [ [ 120.20098, 22.97652 ], [ 120.20097, 22.97651 ], [ 120.20098, 22.97651 ], [ 120.20098, 22.97652 ] ] ], [ [ [ 120.20114, 22.97668 ], [ 120.20113, 22.97663 ], [ 120.20114, 22.97663 ], [ 120.20114, 22.97668 ] ] ], [ [ [ 120.20069, 22.97682 ], [ 120.20068, 22.97681 ], [ 120.20069, 22.97681 ], [ 120.20069, 22.97682 ] ] ], [ [ [ 120.2007, 22.97684 ], [ 120.20069, 22.97683 ], [ 120.2007, 22.97683 ], [ 120.2007, 22.97684 ] ] ], [ [ [ 120.20132, 22.97714 ], [ 120.20134, 22.97716 ], [ 120.20132, 22.97715 ], [ 120.20132, 22.97714 ] ] ], [ [ [ 120.20134, 22.97718 ], [ 120.20133, 22.97717 ], [ 120.20134, 22.97717 ], [ 120.20134, 22.97718 ] ] ], [ [ [ 120.20111, 22.97723 ], [ 120.20112, 22.97723 ], [ 120.20112, 22.97726 ], [ 120.20111, 22.97723 ] ] ], [ [ [ 120.20074, 22.97739 ], [ 120.20073, 22.97738 ], [ 120.20074, 22.97738 ], [ 120.20074, 22.97739 ] ] ], [ [ [ 120.2007, 22.97757 ], [ 120.2007, 22.97768 ], [ 120.20069, 22.97755 ], [ 120.2007, 22.97757 ] ] ], [ [ [ 120.20139, 22.97768 ], [ 120.20138, 22.97764 ], [ 120.20139, 22.97764 ], [ 120.20139, 22.97768 ] ] ], [ [ [ 120.20126, 22.97774 ], [ 120.20125, 22.97772 ], [ 120.20126, 22.97772 ], [ 120.20126, 22.97774 ] ] ], [ [ [ 120.20126, 22.97776 ], [ 120.20125, 22.97777 ], [ 120.20125, 22.97776 ], [ 120.20126, 22.97776 ] ] ], [ [ [ 120.20072, 22.97782 ], [ 120.20071, 22.97775 ], [ 120.20072, 22.97775 ], [ 120.20072, 22.97782 ] ] ], [ [ [ 120.20137, 22.9778 ], [ 120.20137, 22.97779 ], [ 120.20138, 22.97779 ], [ 120.20137, 22.9778 ] ] ], [ [ [ 120.20138, 22.97781 ], [ 120.20139, 22.9778 ], [ 120.20139, 22.97781 ], [ 120.20138, 22.97781 ] ] ], [ [ [ 120.20138, 22.97783 ], [ 120.20139, 22.97789 ], [ 120.20138, 22.97789 ], [ 120.20138, 22.97783 ] ] ], [ [ [ 120.2007, 22.9779 ], [ 120.20072, 22.97799 ], [ 120.20071, 22.97799 ], [ 120.2007, 22.9779 ] ] ], [ [ [ 120.20073, 22.978 ], [ 120.20072, 22.97799 ], [ 120.20073, 22.97799 ], [ 120.20073, 22.978 ] ] ], [ [ [ 120.20111, 22.97807 ], [ 120.20108, 22.97804 ], [ 120.20111, 22.978 ], [ 120.20111, 22.97807 ] ] ], [ [ [ 120.20163, 22.97678 ], [ 120.20162, 22.97677 ], [ 120.20163, 22.97677 ], [ 120.20163, 22.97678 ] ] ], [ [ [ 120.20142, 22.9768 ], [ 120.20141, 22.97679 ], [ 120.20142, 22.97679 ], [ 120.20142, 22.9768 ] ] ], [ [ [ 120.2015, 22.97697 ], [ 120.20149, 22.97695 ], [ 120.2015, 22.97695 ], [ 120.2015, 22.97697 ] ] ], [ [ [ 120.20149, 22.977 ], [ 120.20148, 22.97698 ], [ 120.20149, 22.97698 ], [ 120.20149, 22.977 ] ] ], [ [ [ 120.20147, 22.97704 ], [ 120.20146, 22.97702 ], [ 120.20147, 22.97702 ], [ 120.20147, 22.97704 ] ] ], [ [ [ 120.20142, 22.97742 ], [ 120.20141, 22.97741 ], [ 120.20142, 22.97741 ], [ 120.20142, 22.97742 ] ] ], [ [ [ 120.20247, 22.97745 ], [ 120.20246, 22.97742 ], [ 120.20247, 22.97742 ], [ 120.20247, 22.97745 ] ] ], [ [ [ 120.20237, 22.97752 ], [ 120.20236, 22.97753 ], [ 120.20236, 22.97752 ], [ 120.20237, 22.97752 ] ] ], [ [ [ 120.20235, 22.97757 ], [ 120.20236, 22.97753 ], [ 120.20236, 22.97757 ], [ 120.20235, 22.97757 ] ] ], [ [ [ 120.20219, 22.97759 ], [ 120.2022, 22.97759 ], [ 120.2022, 22.9776 ], [ 120.20219, 22.97759 ] ] ], [ [ [ 120.20243, 22.97763 ], [ 120.20242, 22.97762 ], [ 120.20243, 22.97762 ], [ 120.20243, 22.97763 ] ] ], [ [ [ 120.2022, 22.97764 ], [ 120.20219, 22.97763 ], [ 120.2022, 22.97763 ], [ 120.2022, 22.97764 ] ] ], [ [ [ 120.20245, 22.97766 ], [ 120.20244, 22.97765 ], [ 120.20245, 22.97765 ], [ 120.20245, 22.97766 ] ] ], [ [ [ 120.2014, 22.9777 ], [ 120.20139, 22.97769 ], [ 120.2014, 22.97769 ], [ 120.2014, 22.9777 ] ] ], [ [ [ 120.2023, 22.97774 ], [ 120.20229, 22.97771 ], [ 120.2023, 22.97771 ], [ 120.2023, 22.97774 ] ] ], [ [ [ 120.20244, 22.97773 ], [ 120.20243, 22.97774 ], [ 120.20243, 22.97773 ], [ 120.20244, 22.97773 ] ] ], [ [ [ 120.2023, 22.97775 ], [ 120.20231, 22.97775 ], [ 120.20231, 22.97777 ], [ 120.2023, 22.97775 ] ] ], [ [ [ 120.2014, 22.97783 ], [ 120.20139, 22.97782 ], [ 120.2014, 22.97782 ], [ 120.2014, 22.97783 ] ] ], [ [ [ 120.20184, 22.97804 ], [ 120.20183, 22.97803 ], [ 120.20184, 22.97803 ], [ 120.20184, 22.97804 ] ] ], [ [ [ 120.20184, 22.97807 ], [ 120.20183, 22.97806 ], [ 120.20184, 22.97806 ], [ 120.20184, 22.97807 ] ] ], [ [ [ 120.20333, 22.97686 ], [ 120.20332, 22.97685 ], [ 120.20333, 22.97685 ], [ 120.20333, 22.97686 ] ] ], [ [ [ 120.20335, 22.97687 ], [ 120.20334, 22.97685 ], [ 120.20335, 22.97685 ], [ 120.20335, 22.97687 ] ] ], [ [ [ 120.20307, 22.97695 ], [ 120.20306, 22.97694 ], [ 120.20307, 22.97694 ], [ 120.20307, 22.97695 ] ] ], [ [ [ 120.20248, 22.97697 ], [ 120.20248, 22.97696 ], [ 120.20249, 22.97696 ], [ 120.20248, 22.97697 ] ] ], [ [ [ 120.20308, 22.97696 ], [ 120.20307, 22.97697 ], [ 120.20307, 22.97696 ], [ 120.20308, 22.97696 ] ] ], [ [ [ 120.20308, 22.97708 ], [ 120.20307, 22.97707 ], [ 120.20308, 22.97707 ], [ 120.20308, 22.97708 ] ] ], [ [ [ 120.20279, 22.97725 ], [ 120.20278, 22.97724 ], [ 120.20279, 22.97724 ], [ 120.20279, 22.97725 ] ] ], [ [ [ 120.20312, 22.97725 ], [ 120.20311, 22.97724 ], [ 120.20312, 22.97724 ], [ 120.20312, 22.97725 ] ] ], [ [ [ 120.20279, 22.97728 ], [ 120.20278, 22.97727 ], [ 120.20279, 22.97727 ], [ 120.20279, 22.97728 ] ] ], [ [ [ 120.20279, 22.97729 ], [ 120.20278, 22.9773 ], [ 120.20278, 22.97729 ], [ 120.20279, 22.97729 ] ] ], [ [ [ 120.20279, 22.97734 ], [ 120.2028, 22.9773 ], [ 120.2028, 22.97734 ], [ 120.20279, 22.97734 ] ] ], [ [ [ 120.20281, 22.97735 ], [ 120.2028, 22.97734 ], [ 120.20281, 22.97734 ], [ 120.20281, 22.97735 ] ] ], [ [ [ 120.20251, 22.97735 ], [ 120.2025, 22.97734 ], [ 120.20251, 22.97734 ], [ 120.20251, 22.97735 ] ] ], [ [ [ 120.20281, 22.97737 ], [ 120.2028, 22.97736 ], [ 120.20281, 22.97736 ], [ 120.20281, 22.97737 ] ] ], [ [ [ 120.20251, 22.97738 ], [ 120.2025, 22.97737 ], [ 120.20251, 22.97737 ], [ 120.20251, 22.97738 ] ] ], [ [ [ 120.20259, 22.97756 ], [ 120.20258, 22.97755 ], [ 120.20259, 22.97755 ], [ 120.20259, 22.97756 ] ] ], [ [ [ 120.20334, 22.97766 ], [ 120.20333, 22.97765 ], [ 120.20334, 22.97765 ], [ 120.20334, 22.97766 ] ] ], [ [ [ 120.20333, 22.97768 ], [ 120.20332, 22.97769 ], [ 120.20332, 22.97768 ], [ 120.20333, 22.97768 ] ] ] ] }, { "type": "MultiLineString", "coordinates": [ [ [ 120.20112, 22.97642 ], [ 120.20111, 22.97642 ] ], [ [ 120.20066, 22.97647 ], [ 120.20066, 22.97648 ] ], [ [ 120.20135, 22.97723 ], [ 120.20136, 22.97723 ] ], [ [ 120.2007, 22.97771 ], [ 120.2007, 22.97769 ] ], [ [ 120.2007, 22.97777 ], [ 120.2007, 22.97772 ] ], [ [ 120.20146, 22.97705 ], [ 120.20147, 22.97705 ] ] ] } ] } },
{ "type": "Feature", "properties": { "park_id": 101, "scenario": "2026-07-21 11:00:00 CST", "solar_alt": 74.553791940997598, "solar_az": 96.018416276456904, "canopy_min": 2.0 }, "geometry": { "type": "GeometryCollection", "geometries": [ { "type": "MultiPolygon", "coordinates": [ [ [ [ 120.2643, 23.31214 ], [ 120.26432, 23.3121 ], [ 120.26434, 23.31217 ], [ 120.2643, 23.31214 ] ] ], [ [ [ 120.26435, 23.31218 ], [ 120.26435, 23.31217 ], [ 120.26436, 23.31217 ], [ 120.26435, 23.31218 ] ] ], [ [ [ 120.2632, 23.31296 ], [ 120.2632, 23.31293 ], [ 120.26321, 23.31293 ], [ 120.2632, 23.31296 ] ] ], [ [ [ 120.26179, 23.31381 ], [ 120.26179, 23.3138 ], [ 120.2618, 23.3138 ], [ 120.26179, 23.31381 ] ] ] ] }, { "type": "LineString", "coordinates": [ [ 120.26166, 23.31242 ], [ 120.26166, 23.31241 ] ] }, { "type": "MultiPoint", "coordinates": [ [ 120.2615, 23.31251 ], [ 120.26163, 23.31243 ], [ 120.26169, 23.3124 ] ] } ] } },
{ "type": "Feature", "properties": { "park_id": 103, "scenario": "2026-07-21 11:00:00 CST", "solar_alt": 74.553791940997598, "solar_az": 96.018416276456904, "canopy_min": 2.0 }, "geometry": { "type": "GeometryCollection", "geometries": [ { "type": "Polygon", "coordinates": [ [ [ 120.12543, 23.03495 ], [ 120.12542, 23.03496 ], [ 120.12542, 23.03495 ], [ 120.12543, 23.03495 ] ] ] }, { "type": "LineString", "coordinates": [ [ 120.12542, 23.03499 ], [ 120.12542, 23.03498 ] ] } ] } },
{ "type": "Feature", "properties": { "park_id": 104, "scenario": "2026-07-21 11:00:00 CST", "solar_alt": 74.553791940997598, "solar_az": 96.018416276456904, "canopy_min": 2.0 }, "geometry": { "type": "Point", "coordinates": [ 120.19424, 23.01757 ] } },
{ "type": "Feature", "properties": { "park_id": 105, "scenario": "2026-07-21 11:00:00 CST", "solar_alt": 74.553791940997598, "solar_az": 96.018416276456904, "canopy_min": 2.0 }, "geometry": { "type": "MultiPolygon", "coordinates": [ [ [ [ 120.23437, 23.02176 ], [ 120.23437, 23.02175 ], [ 120.23438, 23.02175 ], [ 120.23437, 23.02176 ] ] ], [ [ [ 120.23418, 23.02182 ], [ 120.23419, 23.02182 ], [ 120.23419, 23.02185 ], [ 120.23418, 23.02182 ] ] ], [ [ [ 120.23453, 23.02313 ], [ 120.23453, 23.02316 ], [ 120.23451, 23.02314 ], [ 120.23453, 23.02313 ] ] ] ] } },
{ "type": "Feature", "properties": { "park_id": 106, "scenario": "2026-07-21 11:00:00 CST", "solar_alt": 74.553791940997598, "solar_az": 96.018416276456904, "canopy_min": 2.0 }, "geometry": { "type": "MultiPolygon", "coordinates": [ [ [ [ 120.21713, 22.96136 ], [ 120.21713, 22.96137 ], [ 120.21712, 22.96137 ], [ 120.21713, 22.96136 ] ] ], [ [ [ 120.21711, 22.96139 ], [ 120.21711, 22.96137 ], [ 120.21712, 22.96137 ], [ 120.21711, 22.96139 ] ] ] ] } },
{ "type": "Feature", "properties": { "park_id": 107, "scenario": "2026-07-21 11:00:00 CST", "solar_alt": 74.553791940997598, "solar_az": 96.018416276456904, "canopy_min": 2.0 }, "geometry": { "type": "GeometryCollection", "geometries": [ { "type": "MultiPolygon", "coordinates": [ [ [ [ 120.21598, 23.04647 ], [ 120.21598, 23.04645 ], [ 120.21599, 23.04645 ], [ 120.21598, 23.04647 ] ] ], [ [ [ 120.21597, 23.04654 ], [ 120.21598, 23.04648 ], [ 120.21598, 23.04654 ], [ 120.21597, 23.04654 ] ] ], [ [ [ 120.21536, 23.04656 ], [ 120.21537, 23.04655 ], [ 120.21537, 23.04656 ], [ 120.21536, 23.04656 ] ] ], [ [ [ 120.21539, 23.04672 ], [ 120.2154, 23.04672 ], [ 120.2154, 23.04673 ], [ 120.21539, 23.04672 ] ] ], [ [ [ 120.21537, 23.04682 ], [ 120.21536, 23.04681 ], [ 120.21537, 23.04681 ], [ 120.21537, 23.04682 ] ] ], [ [ [ 120.21589, 23.04685 ], [ 120.21588, 23.04684 ], [ 120.21589, 23.04684 ], [ 120.21589, 23.04685 ] ] ] ] }, { "type": "LineString", "coordinates": [ [ 120.21538, 23.04676 ], [ 120.21537, 23.04676 ] ] } ] } },
{ "type": "Feature", "properties": { "park_id": 108, "scenario": "2026-07-21 11:00:00 CST", "solar_alt": 74.553791940997598, "solar_az": 96.018416276456904, "canopy_min": 2.0 }, "geometry": { "type": "GeometryCollection", "geometries": [ { "type": "MultiPolygon", "coordinates": [ [ [ [ 120.21598, 23.04647 ], [ 120.21598, 23.04645 ], [ 120.21599, 23.04645 ], [ 120.21598, 23.04647 ] ] ], [ [ [ 120.21597, 23.04654 ], [ 120.21598, 23.04648 ], [ 120.21598, 23.04654 ], [ 120.21597, 23.04654 ] ] ], [ [ [ 120.21536, 23.04656 ], [ 120.21537, 23.04655 ], [ 120.21537, 23.04656 ], [ 120.21536, 23.04656 ] ] ], [ [ [ 120.21539, 23.04672 ], [ 120.2154, 23.04672 ], [ 120.2154, 23.04673 ], [ 120.21539, 23.04672 ] ] ], [ [ [ 120.21537, 23.04682 ], [ 120.21536, 23.04681 ], [ 120.21537, 23.04681 ], [ 120.21537, 23.04682 ] ] ], [ [ [ 120.21589, 23.04685 ], [ 120.21588, 23.04684 ], [ 120.21589, 23.04684 ], [ 120.21589, 23.04685 ] ] ] ] }, { "type": "LineString", "coordinates": [ [ 120.21538, 23.04676 ], [ 120.21537, 23.04676 ] ] } ] } },
{ "type": "Feature", "properties": { "park_id": 110, "scenario": "2026-07-21 11:00:00 CST", "solar_alt": 74.553791940997598, "solar_az": 96.018416276456904, "canopy_min": 2.0 }, "geometry": { "type": "MultiPolygon", "coordinates": [ [ [ [ 120.20276, 23.12618 ], [ 120.20276, 23.12617 ], [ 120.20277, 23.12617 ], [ 120.20276, 23.12618 ] ] ], [ [ [ 120.20275, 23.1262 ], [ 120.20276, 23.1262 ], [ 120.20276, 23.12621 ], [ 120.20275, 23.1262 ] ] ], [ [ [ 120.20275, 23.12622 ], [ 120.20276, 23.12622 ], [ 120.20276, 23.12623 ], [ 120.20275, 23.12622 ] ] ] ] } },
{ "type": "Feature", "properties": { "park_id": 111, "scenario": "2026-07-21 11:00:00 CST", "solar_alt": 74.553791940997598, "solar_az": 96.018416276456904, "canopy_min": 2.0 }, "geometry": { "type": "GeometryCollection", "geometries": [ { "type": "MultiPolygon", "coordinates": [ [ [ [ 120.20335, 22.98607 ], [ 120.20335, 22.98608 ], [ 120.20334, 22.98608 ], [ 120.20335, 22.98607 ] ] ], [ [ [ 120.20388, 22.98612 ], [ 120.20385, 22.98609 ], [ 120.20388, 22.98603 ], [ 120.20388, 22.98612 ] ] ], [ [ [ 120.20339, 22.98611 ], [ 120.20339, 22.9861 ], [ 120.2034, 22.98611 ], [ 120.20339, 22.98611 ] ] ], [ [ [ 120.20346, 22.98619 ], [ 120.20345, 22.98619 ], [ 120.20346, 22.98617 ], [ 120.20346, 22.98619 ] ] ], [ [ [ 120.20346, 22.98622 ], [ 120.20345, 22.98622 ], [ 120.20346, 22.9862 ], [ 120.20346, 22.98622 ] ] ], [ [ [ 120.203, 22.98646 ], [ 120.203, 22.98648 ], [ 120.20299, 22.98646 ], [ 120.203, 22.98646 ] ] ], [ [ [ 120.20338, 22.98658 ], [ 120.2034, 22.98646 ], [ 120.20339, 22.98658 ], [ 120.20338, 22.98658 ] ] ], [ [ [ 120.20367, 22.98694 ], [ 120.20366, 22.98694 ], [ 120.20367, 22.98693 ], [ 120.20367, 22.98694 ] ] ], [ [ [ 120.20399, 22.98601 ], [ 120.20399, 22.986 ], [ 120.204, 22.98601 ], [ 120.20399, 22.98601 ] ] ], [ [ [ 120.2039, 22.98605 ], [ 120.20389, 22.98605 ], [ 120.2039, 22.98602 ], [ 120.2039, 22.98605 ] ] ], [ [ [ 120.20389, 22.98608 ], [ 120.2039, 22.98608 ], [ 120.20389, 22.98609 ], [ 120.20389, 22.98608 ] ] ], [ [ [ 120.20389, 22.9861 ], [ 120.2039, 22.98613 ], [ 120.20389, 22.98614 ], [ 120.20389, 22.9861 ] ] ], [ [ [ 120.20388, 22.9862 ], [ 120.20387, 22.9862 ], [ 120.20388, 22.98619 ], [ 120.20388, 22.9862 ] ] ], [ [ [ 120.20388, 22.98622 ], [ 120.20387, 22.98622 ], [ 120.20388, 22.98621 ], [ 120.20388, 22.98622 ] ] ], [ [ [ 120.20389, 22.98626 ], [ 120.20388, 22.98623 ], [ 120.20391, 22.98626 ], [ 120.20389, 22.98626 ] ] ], [ [ [ 120.20402, 22.98682 ], [ 120.20402, 22.9868 ], [ 120.20405, 22.98681 ], [ 120.20402, 22.98682 ] ] ] ] }, { "type": "GeometryCollection", "geometries": [ { "type": "Point", "coordinates": [ 120.2035, 22.98605 ] }, { "type": "LineString", "coordinates": [ [ 120.20339, 22.98607 ], [ 120.2034, 22.98607 ] ] } ] }, { "type": "Point", "coordinates": [ 120.20318, 22.9861 ] } ] } },
{ "type": "Feature", "properties": { "park_id": 113, "scenario": "2026-07-21 11:00:00 CST", "solar_alt": 74.553791940997598, "solar_az": 96.018416276456904, "canopy_min": 2.0 }, "geometry": { "type": "GeometryCollection", "geometries": [ { "type": "Polygon", "coordinates": [ [ [ 120.18117, 22.93309 ], [ 120.18118, 22.93307 ], [ 120.18118, 22.93309 ], [ 120.18117, 22.93309 ] ] ] }, { "type": "MultiLineString", "coordinates": [ [ [ 120.18155, 22.93415 ], [ 120.18154, 22.93415 ] ], [ [ 120.18158, 22.93416 ], [ 120.18157, 22.93416 ] ] ] }, { "type": "MultiPoint", "coordinates": [ [ 120.18079, 22.93392 ], [ 120.18106, 22.934 ], [ 120.18109, 22.93401 ], [ 120.18112, 22.93402 ], [ 120.18148, 22.93413 ] ] } ] } },
{ "type": "Feature", "properties": { "park_id": 114, "scenario": "2026-07-21 11:00:00 CST", "solar_alt": 74.553791940997598, "solar_az": 96.018416276456904, "canopy_min": 2.0 }, "geometry": { "type": "GeometryCollection", "geometries": [ { "type": "MultiPolygon", "coordinates": [ [ [ [ 120.15677, 22.99306 ], [ 120.15676, 22.99306 ], [ 120.15676, 22.99305 ], [ 120.15677, 22.99306 ] ] ], [ [ [ 120.15652, 22.9931 ], [ 120.15651, 22.99309 ], [ 120.15652, 22.99309 ], [ 120.15652, 22.9931 ] ] ], [ [ [ 120.15669, 22.9931 ], [ 120.1567, 22.99309 ], [ 120.1567, 22.9931 ], [ 120.15669, 22.9931 ] ] ], [ [ [ 120.1565, 22.99317 ], [ 120.1565, 22.99311 ], [ 120.15651, 22.99311 ], [ 120.1565, 22.99317 ] ] ], [ [ [ 120.15733, 22.99344 ], [ 120.15732, 22.99343 ], [ 120.15733, 22.99343 ], [ 120.15733, 22.99344 ] ] ], [ [ [ 120.15736, 22.99348 ], [ 120.15735, 22.99347 ], [ 120.15736, 22.99347 ], [ 120.15736, 22.99348 ] ] ], [ [ [ 120.15736, 22.99348 ], [ 120.15737, 22.99348 ], [ 120.15737, 22.99349 ], [ 120.15736, 22.99348 ] ] ], [ [ [ 120.15747, 22.99353 ], [ 120.15746, 22.99351 ], [ 120.15747, 22.99351 ], [ 120.15747, 22.99353 ] ] ], [ [ [ 120.15753, 22.99357 ], [ 120.15752, 22.99361 ], [ 120.15752, 22.99357 ], [ 120.15753, 22.99357 ] ] ], [ [ [ 120.15709, 22.99411 ], [ 120.15709, 22.9941 ], [ 120.1571, 22.9941 ], [ 120.15709, 22.99411 ] ] ], [ [ [ 120.15695, 22.99414 ], [ 120.15694, 22.99417 ], [ 120.15694, 22.99414 ], [ 120.15695, 22.99414 ] ] ], [ [ [ 120.15697, 22.9942 ], [ 120.15696, 22.99421 ], [ 120.15696, 22.9942 ], [ 120.15697, 22.9942 ] ] ], [ [ [ 120.15716, 22.99427 ], [ 120.15715, 22.99427 ], [ 120.15715, 22.99425 ], [ 120.15716, 22.99427 ] ] ], [ [ [ 120.15717, 22.99429 ], [ 120.15716, 22.99428 ], [ 120.15717, 22.99428 ], [ 120.15717, 22.99429 ] ] ], [ [ [ 120.15718, 22.9943 ], [ 120.15717, 22.99431 ], [ 120.15717, 22.9943 ], [ 120.15718, 22.9943 ] ] ], [ [ [ 120.15768, 22.99435 ], [ 120.15768, 22.99434 ], [ 120.15769, 22.99434 ], [ 120.15768, 22.99435 ] ] ], [ [ [ 120.15747, 22.99437 ], [ 120.15746, 22.99438 ], [ 120.15746, 22.99437 ], [ 120.15747, 22.99437 ] ] ], [ [ [ 120.15857, 22.99396 ], [ 120.15856, 22.99388 ], [ 120.15857, 22.99388 ], [ 120.15857, 22.99396 ] ] ], [ [ [ 120.15873, 22.994 ], [ 120.15872, 22.994 ], [ 120.15872, 22.99398 ], [ 120.15873, 22.994 ] ] ], [ [ [ 120.15846, 22.99401 ], [ 120.15845, 22.994 ], [ 120.15846, 22.994 ], [ 120.15846, 22.99401 ] ] ], [ [ [ 120.15819, 22.99401 ], [ 120.15818, 22.99405 ], [ 120.15818, 22.99401 ], [ 120.15819, 22.99401 ] ] ], [ [ [ 120.15873, 22.99404 ], [ 120.15873, 22.99403 ], [ 120.15874, 22.99403 ], [ 120.15873, 22.99404 ] ] ], [ [ [ 120.15871, 22.99408 ], [ 120.1587, 22.9941 ], [ 120.1587, 22.99408 ], [ 120.15871, 22.99408 ] ] ], [ [ [ 120.15869, 22.99416 ], [ 120.15869, 22.9941 ], [ 120.1587, 22.9941 ], [ 120.15869, 22.99416 ] ] ], [ [ [ 120.15771, 22.9943 ], [ 120.1577, 22.9943 ], [ 120.1577, 22.99429 ], [ 120.15771, 22.9943 ] ] ], [ [ [ 120.15837, 22.9943 ], [ 120.15836, 22.99432 ], [ 120.15836, 22.9943 ], [ 120.15837, 22.9943 ] ] ], [ [ [ 120.1577, 22.99433 ], [ 120.15769, 22.99432 ], [ 120.1577, 22.99432 ], [ 120.1577, 22.99433 ] ] ], [ [ [ 120.1602, 22.99433 ], [ 120.16021, 22.99433 ], [ 120.16021, 22.99434 ], [ 120.1602, 22.99433 ] ] ], [ [ [ 120.15968, 22.9944 ], [ 120.15969, 22.99438 ], [ 120.15969, 22.9944 ], [ 120.15968, 22.9944 ] ] ], [ [ [ 120.15968, 22.99442 ], [ 120.1597, 22.99441 ], [ 120.1597, 22.99443 ], [ 120.15968, 22.99442 ] ] ], [ [ [ 120.15969, 22.99444 ], [ 120.1597, 22.99444 ], [ 120.1597, 22.99445 ], [ 120.15969, 22.99444 ] ] ], [ [ [ 120.15971, 22.99446 ], [ 120.15972, 22.99446 ], [ 120.15972, 22.99447 ], [ 120.15971, 22.99446 ] ] ], [ [ [ 120.15974, 22.99467 ], [ 120.15973, 22.99468 ], [ 120.15973, 22.99467 ], [ 120.15974, 22.99467 ] ] ], [ [ [ 120.15972, 22.99472 ], [ 120.15972, 22.9947 ], [ 120.15973, 22.9947 ], [ 120.15972, 22.99472 ] ] ], [ [ [ 120.16036, 22.99463 ], [ 120.16035, 22.99462 ], [ 120.16036, 22.99462 ], [ 120.16036, 22.99463 ] ] ], [ [ [ 120.16094, 22.99465 ], [ 120.16093, 22.99466 ], [ 120.16093, 22.99465 ], [ 120.16094, 22.99465 ] ] ], [ [ [ 120.16038, 22.99466 ], [ 120.16038, 22.99467 ], [ 120.16037, 22.99467 ], [ 120.16038, 22.99466 ] ] ], [ [ [ 120.16113, 22.99467 ], [ 120.16112, 22.99466 ], [ 120.16113, 22.99466 ], [ 120.16113, 22.99467 ] ] ], [ [ [ 120.1608, 22.99467 ], [ 120.16079, 22.99468 ], [ 120.16079, 22.99467 ], [ 120.1608, 22.99467 ] ] ], [ [ [ 120.16076, 22.99471 ], [ 120.16076, 22.9947 ], [ 120.16077, 22.9947 ], [ 120.16076, 22.99471 ] ] ], [ [ [ 120.1621, 22.99515 ], [ 120.16209, 22.99518 ], [ 120.16209, 22.99515 ], [ 120.1621, 22.99515 ] ] ], [ [ [ 120.16194, 22.99521 ], [ 120.16193, 22.99522 ], [ 120.16193, 22.99521 ], [ 120.16194, 22.99521 ] ] ], [ [ [ 120.16316, 22.99538 ], [ 120.16316, 22.99537 ], [ 120.16317, 22.99537 ], [ 120.16316, 22.99538 ] ] ], [ [ [ 120.16337, 22.99551 ], [ 120.16338, 22.99553 ], [ 120.16337, 22.99553 ], [ 120.16337, 22.99551 ] ] ], [ [ [ 120.16311, 22.99559 ], [ 120.1631, 22.9956 ], [ 120.1631, 22.99559 ], [ 120.16311, 22.99559 ] ] ], [ [ [ 120.16266, 22.99562 ], [ 120.16265, 22.99565 ], [ 120.16265, 22.99562 ], [ 120.16266, 22.99562 ] ] ], [ [ [ 120.16335, 22.99618 ], [ 120.16334, 22.99615 ], [ 120.16335, 22.99615 ], [ 120.16335, 22.99618 ] ] ], [ [ [ 120.16338, 22.99696 ], [ 120.16337, 22.99695 ], [ 120.16338, 22.99695 ], [ 120.16338, 22.99696 ] ] ], [ [ [ 120.16335, 22.997 ], [ 120.16334, 22.99701 ], [ 120.16334, 22.997 ], [ 120.16335, 22.997 ] ] ] ] }, { "type": "MultiLineString", "coordinates": [ [ [ 120.1567, 22.99309 ], [ 120.15671, 22.99309 ] ], [ [ 120.15831, 22.99383 ], [ 120.15832, 22.99383 ] ], [ [ 120.15871, 22.99407 ], [ 120.15871, 22.99408 ] ], [ [ 120.16317, 22.99525 ], [ 120.16317, 22.99526 ] ], [ [ 120.16348, 22.99691 ], [ 120.16349, 22.99691 ] ] ] } ] } },
{ "type": "Feature", "properties": { "park_id": 115, "scenario": "2026-07-21 11:00:00 CST", "solar_alt": 74.553791940997598, "solar_az": 96.018416276456904, "canopy_min": 2.0 }, "geometry": { "type": "GeometryCollection", "geometries": [ { "type": "MultiPolygon", "coordinates": [ [ [ [ 120.15677, 22.99306 ], [ 120.15676, 22.99306 ], [ 120.15676, 22.99305 ], [ 120.15677, 22.99306 ] ] ], [ [ [ 120.15652, 22.9931 ], [ 120.15651, 22.99309 ], [ 120.15652, 22.99309 ], [ 120.15652, 22.9931 ] ] ], [ [ [ 120.15669, 22.9931 ], [ 120.1567, 22.99309 ], [ 120.1567, 22.9931 ], [ 120.15669, 22.9931 ] ] ], [ [ [ 120.1565, 22.99317 ], [ 120.1565, 22.99311 ], [ 120.15651, 22.99311 ], [ 120.1565, 22.99317 ] ] ], [ [ [ 120.15733, 22.99344 ], [ 120.15732, 22.99343 ], [ 120.15733, 22.99343 ], [ 120.15733, 22.99344 ] ] ], [ [ [ 120.15736, 22.99348 ], [ 120.15735, 22.99347 ], [ 120.15736, 22.99347 ], [ 120.15736, 22.99348 ] ] ], [ [ [ 120.15736, 22.99348 ], [ 120.15737, 22.99348 ], [ 120.15737, 22.99349 ], [ 120.15736, 22.99348 ] ] ], [ [ [ 120.15747, 22.99353 ], [ 120.15746, 22.99351 ], [ 120.15747, 22.99351 ], [ 120.15747, 22.99353 ] ] ], [ [ [ 120.15753, 22.99357 ], [ 120.15752, 22.99361 ], [ 120.15752, 22.99357 ], [ 120.15753, 22.99357 ] ] ], [ [ [ 120.15709, 22.99411 ], [ 120.15709, 22.9941 ], [ 120.1571, 22.9941 ], [ 120.15709, 22.99411 ] ] ], [ [ [ 120.15695, 22.99414 ], [ 120.15694, 22.99417 ], [ 120.15694, 22.99414 ], [ 120.15695, 22.99414 ] ] ], [ [ [ 120.15697, 22.9942 ], [ 120.15696, 22.99421 ], [ 120.15696, 22.9942 ], [ 120.15697, 22.9942 ] ] ], [ [ [ 120.15716, 22.99427 ], [ 120.15715, 22.99427 ], [ 120.15715, 22.99425 ], [ 120.15716, 22.99427 ] ] ], [ [ [ 120.15717, 22.99429 ], [ 120.15716, 22.99428 ], [ 120.15717, 22.99428 ], [ 120.15717, 22.99429 ] ] ], [ [ [ 120.15718, 22.9943 ], [ 120.15717, 22.99431 ], [ 120.15717, 22.9943 ], [ 120.15718, 22.9943 ] ] ], [ [ [ 120.15768, 22.99435 ], [ 120.15768, 22.99434 ], [ 120.15769, 22.99434 ], [ 120.15768, 22.99435 ] ] ], [ [ [ 120.15747, 22.99437 ], [ 120.15746, 22.99438 ], [ 120.15746, 22.99437 ], [ 120.15747, 22.99437 ] ] ], [ [ [ 120.15857, 22.99396 ], [ 120.15856, 22.99388 ], [ 120.15857, 22.99388 ], [ 120.15857, 22.99396 ] ] ], [ [ [ 120.15873, 22.994 ], [ 120.15872, 22.994 ], [ 120.15872, 22.99398 ], [ 120.15873, 22.994 ] ] ], [ [ [ 120.15846, 22.99401 ], [ 120.15845, 22.994 ], [ 120.15846, 22.994 ], [ 120.15846, 22.99401 ] ] ], [ [ [ 120.15819, 22.99401 ], [ 120.15818, 22.99405 ], [ 120.15818, 22.99401 ], [ 120.15819, 22.99401 ] ] ], [ [ [ 120.15873, 22.99404 ], [ 120.15873, 22.99403 ], [ 120.15874, 22.99403 ], [ 120.15873, 22.99404 ] ] ], [ [ [ 120.15871, 22.99408 ], [ 120.1587, 22.9941 ], [ 120.1587, 22.99408 ], [ 120.15871, 22.99408 ] ] ], [ [ [ 120.15869, 22.99416 ], [ 120.15869, 22.9941 ], [ 120.1587, 22.9941 ], [ 120.15869, 22.99416 ] ] ], [ [ [ 120.15771, 22.9943 ], [ 120.1577, 22.9943 ], [ 120.1577, 22.99429 ], [ 120.15771, 22.9943 ] ] ], [ [ [ 120.15837, 22.9943 ], [ 120.15836, 22.99432 ], [ 120.15836, 22.9943 ], [ 120.15837, 22.9943 ] ] ], [ [ [ 120.1577, 22.99433 ], [ 120.15769, 22.99432 ], [ 120.1577, 22.99432 ], [ 120.1577, 22.99433 ] ] ], [ [ [ 120.1602, 22.99433 ], [ 120.16021, 22.99433 ], [ 120.16021, 22.99434 ], [ 120.1602, 22.99433 ] ] ], [ [ [ 120.15968, 22.9944 ], [ 120.15969, 22.99438 ], [ 120.15969, 22.9944 ], [ 120.15968, 22.9944 ] ] ], [ [ [ 120.15968, 22.99442 ], [ 120.1597, 22.99441 ], [ 120.1597, 22.99443 ], [ 120.15968, 22.99442 ] ] ], [ [ [ 120.15969, 22.99444 ], [ 120.1597, 22.99444 ], [ 120.1597, 22.99445 ], [ 120.15969, 22.99444 ] ] ], [ [ [ 120.15971, 22.99446 ], [ 120.15972, 22.99446 ], [ 120.15972, 22.99447 ], [ 120.15971, 22.99446 ] ] ], [ [ [ 120.15974, 22.99467 ], [ 120.15973, 22.99468 ], [ 120.15973, 22.99467 ], [ 120.15974, 22.99467 ] ] ], [ [ [ 120.15972, 22.99472 ], [ 120.15972, 22.9947 ], [ 120.15973, 22.9947 ], [ 120.15972, 22.99472 ] ] ], [ [ [ 120.16036, 22.99463 ], [ 120.16035, 22.99462 ], [ 120.16036, 22.99462 ], [ 120.16036, 22.99463 ] ] ], [ [ [ 120.16094, 22.99465 ], [ 120.16093, 22.99466 ], [ 120.16093, 22.99465 ], [ 120.16094, 22.99465 ] ] ], [ [ [ 120.16038, 22.99466 ], [ 120.16038, 22.99467 ], [ 120.16037, 22.99467 ], [ 120.16038, 22.99466 ] ] ], [ [ [ 120.16113, 22.99467 ], [ 120.16112, 22.99466 ], [ 120.16113, 22.99466 ], [ 120.16113, 22.99467 ] ] ], [ [ [ 120.1608, 22.99467 ], [ 120.16079, 22.99468 ], [ 120.16079, 22.99467 ], [ 120.1608, 22.99467 ] ] ], [ [ [ 120.16076, 22.99471 ], [ 120.16076, 22.9947 ], [ 120.16077, 22.9947 ], [ 120.16076, 22.99471 ] ] ], [ [ [ 120.1621, 22.99515 ], [ 120.16209, 22.99518 ], [ 120.16209, 22.99515 ], [ 120.1621, 22.99515 ] ] ], [ [ [ 120.16194, 22.99521 ], [ 120.16193, 22.99522 ], [ 120.16193, 22.99521 ], [ 120.16194, 22.99521 ] ] ], [ [ [ 120.16316, 22.99538 ], [ 120.16316, 22.99537 ], [ 120.16317, 22.99537 ], [ 120.16316, 22.99538 ] ] ], [ [ [ 120.16337, 22.99551 ], [ 120.16338, 22.99553 ], [ 120.16337, 22.99553 ], [ 120.16337, 22.99551 ] ] ], [ [ [ 120.16311, 22.99559 ], [ 120.1631, 22.9956 ], [ 120.1631, 22.99559 ], [ 120.16311, 22.99559 ] ] ], [ [ [ 120.16266, 22.99562 ], [ 120.16265, 22.99565 ], [ 120.16265, 22.99562 ], [ 120.16266, 22.99562 ] ] ], [ [ [ 120.16335, 22.99618 ], [ 120.16334, 22.99615 ], [ 120.16335, 22.99615 ], [ 120.16335, 22.99618 ] ] ], [ [ [ 120.16338, 22.99696 ], [ 120.16337, 22.99695 ], [ 120.16338, 22.99695 ], [ 120.16338, 22.99696 ] ] ], [ [ [ 120.16335, 22.997 ], [ 120.16334, 22.99701 ], [ 120.16334, 22.997 ], [ 120.16335, 22.997 ] ] ] ] }, { "type": "MultiLineString", "coordinates": [ [ [ 120.1567, 22.99309 ], [ 120.15671, 22.99309 ] ], [ [ 120.15831, 22.99383 ], [ 120.15832, 22.99383 ] ], [ [ 120.15871, 22.99407 ], [ 120.15871, 22.99408 ] ], [ [ 120.16317, 22.99525 ], [ 120.16317, 22.99526 ] ], [ [ 120.16348, 22.99691 ], [ 120.16349, 22.99691 ] ] ] } ] } },
{ "type": "Feature", "properties": { "park_id": 116, "scenario": "2026-07-21 11:00:00 CST", "solar_alt": 74.553791940997598, "solar_az": 96.018416276456904, "canopy_min": 2.0 }, "geometry": { "type": "MultiPolygon", "coordinates": [ [ [ [ 120.24432, 22.97896 ], [ 120.24432, 22.97895 ], [ 120.24433, 22.97895 ], [ 120.24432, 22.97896 ] ] ], [ [ [ 120.24435, 22.97903 ], [ 120.24435, 22.97902 ], [ 120.24436, 22.97902 ], [ 120.24435, 22.97903 ] ] ] ] } },
{ "type": "Feature", "properties": { "park_id": 117, "scenario": "2026-07-21 11:00:00 CST", "solar_alt": 74.553791940997598, "solar_az": 96.018416276456904, "canopy_min": 2.0 }, "geometry": { "type": "GeometryCollection", "geometries": [ { "type": "MultiPolygon", "coordinates": [ [ [ [ 120.24641, 22.97839 ], [ 120.24639, 22.97839 ], [ 120.2464, 22.97836 ], [ 120.24641, 22.97839 ] ] ], [ [ [ 120.24647, 22.97846 ], [ 120.24648, 22.97846 ], [ 120.24648, 22.97847 ], [ 120.24647, 22.97846 ] ] ], [ [ [ 120.24638, 22.9786 ], [ 120.24637, 22.97862 ], [ 120.24636, 22.97862 ], [ 120.24638, 22.9786 ] ] ], [ [ [ 120.24635, 22.97862 ], [ 120.24635, 22.97865 ], [ 120.24634, 22.97865 ], [ 120.24635, 22.97862 ] ] ] ] }, { "type": "LineString", "coordinates": [ [ 120.24646, 22.97848 ], [ 120.24647, 22.97848 ] ] } ] } },
{ "type": "Feature", "properties": { "park_id": 119, "scenario": "2026-07-21 11:00:00 CST", "solar_alt": 74.553791940997598, "solar_az": 96.018416276456904, "canopy_min": 2.0 }, "geometry": { "type": "MultiPolygon", "coordinates": [ [ [ [ 120.26046, 22.97247 ], [ 120.26046, 22.97246 ], [ 120.26047, 22.97246 ], [ 120.26046, 22.97247 ] ] ], [ [ [ 120.26047, 22.9725 ], [ 120.26048, 22.9725 ], [ 120.26048, 22.97251 ], [ 120.26047, 22.9725 ] ] ], [ [ [ 120.26124, 22.97257 ], [ 120.26124, 22.97254 ], [ 120.26125, 22.97254 ], [ 120.26124, 22.97257 ] ] ], [ [ [ 120.26121, 22.97258 ], [ 120.26122, 22.97255 ], [ 120.26123, 22.97255 ], [ 120.26121, 22.97258 ] ] ] ] } },
{ "type": "Feature", "properties": { "park_id": 121, "scenario": "2026-07-21 11:00:00 CST", "solar_alt": 74.553791940997598, "solar_az": 96.018416276456904, "canopy_min": 2.0 }, "geometry": { "type": "Point", "coordinates": [ 120.26157, 23.01148 ] } },
{ "type": "Feature", "properties": { "park_id": 122, "scenario": "2026-07-21 11:00:00 CST", "solar_alt": 74.553791940997598, "solar_az": 96.018416276456904, "canopy_min": 2.0 }, "geometry": { "type": "GeometryCollection", "geometries": [ { "type": "MultiPolygon", "coordinates": [ [ [ [ 120.26044, 23.00738 ], [ 120.26045, 23.00739 ], [ 120.26044, 23.00739 ], [ 120.26044, 23.00738 ] ] ], [ [ [ 120.26064, 23.00739 ], [ 120.26067, 23.00751 ], [ 120.26065, 23.00751 ], [ 120.26064, 23.00739 ] ] ], [ [ [ 120.26077, 23.00757 ], [ 120.26076, 23.00755 ], [ 120.26077, 23.00755 ], [ 120.26077, 23.00757 ] ] ], [ [ [ 120.26078, 23.00766 ], [ 120.26078, 23.00757 ], [ 120.2608, 23.00764 ], [ 120.26078, 23.00766 ] ] ], [ [ [ 120.26044, 23.0076 ], [ 120.26044, 23.00763 ], [ 120.26043, 23.0076 ], [ 120.26044, 23.0076 ] ] ], [ [ [ 120.26041, 23.00762 ], [ 120.26042, 23.00762 ], [ 120.26042, 23.00764 ], [ 120.26041, 23.00762 ] ] ], [ [ [ 120.26044, 23.00767 ], [ 120.26044, 23.0077 ], [ 120.26043, 23.00767 ], [ 120.26044, 23.00767 ] ] ], [ [ [ 120.26048, 23.00773 ], [ 120.26049, 23.00776 ], [ 120.26048, 23.00776 ], [ 120.26048, 23.00773 ] ] ], [ [ [ 120.2606, 23.00778 ], [ 120.2606, 23.00776 ], [ 120.26061, 23.00778 ], [ 120.2606, 23.00778 ] ] ], [ [ [ 120.26049, 23.00777 ], [ 120.26049, 23.00778 ], [ 120.26048, 23.00777 ], [ 120.26049, 23.00777 ] ] ] ] }, { "type": "Point", "coordinates": [ 120.26053, 23.00735 ] } ] } },
{ "type": "Feature", "properties": { "park_id": 123, "scenario": "2026-07-21 11:00:00 CST", "solar_alt": 74.553791940997598, "solar_az": 96.018416276456904, "canopy_min": 2.0 }, "geometry": { "type": "MultiPolygon", "coordinates": [ [ [ [ 120.19697, 23.03096 ], [ 120.19696, 23.03096 ], [ 120.19696, 23.03095 ], [ 120.19697, 23.03096 ] ] ], [ [ [ 120.19699, 23.03103 ], [ 120.19699, 23.03105 ], [ 120.19697, 23.03104 ], [ 120.19699, 23.03103 ] ] ], [ [ [ 120.197, 23.03105 ], [ 120.197, 23.03107 ], [ 120.19699, 23.03107 ], [ 120.197, 23.03105 ] ] ] ] } },
{ "type": "Feature", "properties": { "park_id": 124, "scenario": "2026-07-21 11:00:00 CST", "solar_alt": 74.553791940997598, "solar_az": 96.018416276456904, "canopy_min": 2.0 }, "geometry": { "type": "Polygon", "coordinates": [ [ [ 120.25868, 23.00355 ], [ 120.25867, 23.00355 ], [ 120.25866, 23.00351 ], [ 120.25868, 23.00355 ] ] ] } },
{ "type": "Feature", "properties": { "park_id": 125, "scenario": "2026-07-21 11:00:00 CST", "solar_alt": 74.553791940997598, "solar_az": 96.018416276456904, "canopy_min": 2.0 }, "geometry": { "type": "GeometryCollection", "geometries": [ { "type": "MultiPolygon", "coordinates": [ [ [ [ 120.23208, 22.97484 ], [ 120.23209, 22.9748 ], [ 120.23209, 22.97484 ], [ 120.23208, 22.97484 ] ] ], [ [ [ 120.23205, 22.97489 ], [ 120.23205, 22.97488 ], [ 120.23206, 22.97488 ], [ 120.23205, 22.97489 ] ] ], [ [ [ 120.23204, 22.97516 ], [ 120.23204, 22.97515 ], [ 120.23205, 22.97516 ], [ 120.23204, 22.97516 ] ] ], [ [ [ 120.23202, 22.97524 ], [ 120.23203, 22.97525 ], [ 120.23202, 22.97525 ], [ 120.23202, 22.97524 ] ] ], [ [ [ 120.23204, 22.97524 ], [ 120.23205, 22.97524 ], [ 120.23204, 22.97526 ], [ 120.23204, 22.97524 ] ] ], [ [ [ 120.23193, 22.97531 ], [ 120.23194, 22.97531 ], [ 120.23193, 22.97532 ], [ 120.23193, 22.97531 ] ] ], [ [ [ 120.23215, 22.97538 ], [ 120.23214, 22.97539 ], [ 120.23214, 22.97538 ], [ 120.23215, 22.97538 ] ] ], [ [ [ 120.23226, 22.97493 ], [ 120.23226, 22.97492 ], [ 120.23227, 22.97493 ], [ 120.23226, 22.97493 ] ] ], [ [ [ 120.23226, 22.97494 ], [ 120.23225, 22.97498 ], [ 120.23225, 22.97494 ], [ 120.23226, 22.97494 ] ] ], [ [ [ 120.23235, 22.97501 ], [ 120.23234, 22.97501 ], [ 120.23235, 22.975 ], [ 120.23235, 22.97501 ] ] ], [ [ [ 120.23216, 22.97507 ], [ 120.23216, 22.97505 ], [ 120.23217, 22.97507 ], [ 120.23216, 22.97507 ] ] ], [ [ [ 120.23227, 22.97519 ], [ 120.23226, 22.97519 ], [ 120.23227, 22.97516 ], [ 120.23227, 22.97519 ] ] ], [ [ [ 120.23229, 22.97522 ], [ 120.23228, 22.97522 ], [ 120.23229, 22.97514 ], [ 120.23229, 22.97522 ] ] ] ] }, { "type": "MultiLineString", "coordinates": [ [ [ 120.23207, 22.97481 ], [ 120.23207, 22.97483 ] ], [ [ 120.23205, 22.97491 ], [ 120.23205, 22.9749 ] ], [ [ 120.23205, 22.97491 ], [ 120.23204, 22.97494 ] ], [ [ 120.23204, 22.97497 ], [ 120.23203, 22.975 ] ], [ [ 120.23218, 22.97535 ], [ 120.23219, 22.97535 ] ] ] } ] } },
{ "type": "Feature", "properties": { "park_id": 127, "scenario": "2026-07-21 11:00:00 CST", "solar_alt": 74.553791940997598, "solar_az": 96.018416276456904, "canopy_min": 2.0 }, "geometry": { "type": "MultiPolygon", "coordinates": [ [ [ [ 120.23649, 22.97993 ], [ 120.23649, 22.97992 ], [ 120.2365, 22.97992 ], [ 120.23649, 22.97993 ] ] ], [ [ [ 120.23648, 22.97993 ], [ 120.23649, 22.97993 ], [ 120.23649, 22.97994 ], [ 120.23648, 22.97993 ] ] ], [ [ [ 120.23645, 22.97996 ], [ 120.23646, 22.97996 ], [ 120.23646, 22.97997 ], [ 120.23645, 22.97996 ] ] ] ] } },
{ "type": "Feature", "properties": { "park_id": 128, "scenario": "2026-07-21 11:00:00 CST", "solar_alt": 74.553791940997598, "solar_az": 96.018416276456904, "canopy_min": 2.0 }, "geometry": { "type": "Polygon", "coordinates": [ [ [ 120.26437, 23.31447 ], [ 120.26437, 23.31446 ], [ 120.26438, 23.31446 ], [ 120.26437, 23.31447 ] ] ] } },
{ "type": "Feature", "properties": { "park_id": 129, "scenario": "2026-07-21 11:00:00 CST", "solar_alt": 74.553791940997598, "solar_az": 96.018416276456904, "canopy_min": 2.0 }, "geometry": { "type": "MultiPolygon", "coordinates": [ [ [ [ 120.25014, 23.19094 ], [ 120.25015, 23.19094 ], [ 120.25015, 23.19098 ], [ 120.25014, 23.19094 ] ] ], [ [ [ 120.25016, 23.191 ], [ 120.25017, 23.191 ], [ 120.25017, 23.19101 ], [ 120.25016, 23.191 ] ] ] ] } },
{ "type": "Feature", "properties": { "park_id": 130, "scenario": "2026-07-21 11:00:00 CST", "solar_alt": 74.553791940997598, "solar_az": 96.018416276456904, "canopy_min": 2.0 }, "geometry": { "type": "MultiPolygon", "coordinates": [ [ [ [ 120.19932, 23.013 ], [ 120.19931, 23.013 ], [ 120.19931, 23.01299 ], [ 120.19932, 23.013 ] ] ], [ [ [ 120.19932, 23.013 ], [ 120.19933, 23.013 ], [ 120.19933, 23.01301 ], [ 120.19932, 23.013 ] ] ] ] } },
{ "type": "Feature", "properties": { "park_id": 131, "scenario": "2026-07-21 11:00:00 CST", "solar_alt": 74.553791940997598, "solar_az": 96.018416276456904, "canopy_min": 2.0 }, "geometry": { "type": "GeometryCollection", "geometries": [ { "type": "MultiPolygon", "coordinates": [ [ [ [ 120.2231, 22.99661 ], [ 120.22309, 22.99668 ], [ 120.22307, 22.99664 ], [ 120.2231, 22.99661 ] ] ], [ [ [ 120.22311, 22.99668 ], [ 120.2231, 22.99668 ], [ 120.2231, 22.99661 ], [ 120.22311, 22.99668 ] ] ], [ [ [ 120.22314, 22.99679 ], [ 120.22315, 22.99689 ], [ 120.2231, 22.99685 ], [ 120.22314, 22.99679 ] ] ] ] }, { "type": "MultiPoint", "coordinates": [ [ 120.22298, 22.99799 ], [ 120.22299, 22.9981 ] ] } ] } },
{ "type": "Feature", "properties": { "park_id": 133, "scenario": "2026-07-21 11:00:00 CST", "solar_alt": 74.553791940997598, "solar_az": 96.018416276456904, "canopy_min": 2.0 }, "geometry": { "type": "GeometryCollection", "geometries": [ { "type": "Point", "coordinates": [ 120.22656, 22.94056 ] }, { "type": "Point", "coordinates": [ 120.22655, 22.94078 ] } ] } },
{ "type": "Feature", "properties": { "park_id": 135, "scenario": "2026-07-21 11:00:00 CST", "solar_alt": 74.553791940997598, "solar_az": 96.018416276456904, "canopy_min": 2.0 }, "geometry": { "type": "GeometryCollection", "geometries": [ { "type": "GeometryCollection", "geometries": [ { "type": "LineString", "coordinates": [ [ 120.17699, 23.00238 ], [ 120.17699, 23.00239 ] ] }, { "type": "Point", "coordinates": [ 120.17694, 23.00232 ] } ] }, { "type": "Point", "coordinates": [ 120.17706, 23.00248 ] } ] } },
{ "type": "Feature", "properties": { "park_id": 136, "scenario": "2026-07-21 11:00:00 CST", "solar_alt": 74.553791940997598, "solar_az": 96.018416276456904, "canopy_min": 2.0 }, "geometry": { "type": "MultiPolygon", "coordinates": [ [ [ [ 120.16792, 22.98772 ], [ 120.16794, 22.98771 ], [ 120.16794, 22.98774 ], [ 120.16792, 22.98772 ] ] ], [ [ [ 120.16823, 22.9878 ], [ 120.16824, 22.9878 ], [ 120.16824, 22.98781 ], [ 120.16823, 22.9878 ] ] ], [ [ [ 120.16726, 22.98773 ], [ 120.16731, 22.98783 ], [ 120.16731, 22.98797 ], [ 120.16728, 22.98796 ], [ 120.16726, 22.98773 ] ] ], [ [ [ 120.16768, 22.98798 ], [ 120.16768, 22.98799 ], [ 120.16767, 22.98799 ], [ 120.16768, 22.98798 ] ] ], [ [ [ 120.1674, 22.98806 ], [ 120.1674, 22.98811 ], [ 120.16738, 22.9881 ], [ 120.1674, 22.98806 ] ] ] ] } },
{ "type": "Feature", "properties": { "park_id": 137, "scenario": "2026-07-21 11:00:00 CST", "solar_alt": 74.553791940997598, "solar_az": 96.018416276456904, "canopy_min": 2.0 }, "geometry": { "type": "GeometryCollection", "geometries": [ { "type": "MultiPolygon", "coordinates": [ [ [ [ 120.14561, 22.99903 ], [ 120.14561, 22.99902 ], [ 120.14562, 22.99903 ], [ 120.14561, 22.99903 ] ] ], [ [ [ 120.14548, 22.99905 ], [ 120.14548, 22.99904 ], [ 120.14549, 22.99904 ], [ 120.14548, 22.99905 ] ] ], [ [ [ 120.14566, 22.99908 ], [ 120.14565, 22.99908 ], [ 120.14565, 22.99906 ], [ 120.14566, 22.99908 ] ] ], [ [ [ 120.14549, 22.99911 ], [ 120.14549, 22.99905 ], [ 120.14551, 22.99907 ], [ 120.14549, 22.99911 ] ] ], [ [ [ 120.14509, 22.99911 ], [ 120.14508, 22.99911 ], [ 120.14508, 22.9991 ], [ 120.14509, 22.99911 ] ] ], [ [ [ 120.14583, 22.99912 ], [ 120.14582, 22.99912 ], [ 120.14582, 22.9991 ], [ 120.14583, 22.99912 ] ] ], [ [ [ 120.1455, 22.99911 ], [ 120.14551, 22.99911 ], [ 120.14551, 22.99914 ], [ 120.1455, 22.99911 ] ] ], [ [ [ 120.14645, 22.99932 ], [ 120.14645, 22.99933 ], [ 120.14644, 22.99932 ], [ 120.14645, 22.99932 ] ] ], [ [ [ 120.14653, 22.99942 ], [ 120.14653, 22.99941 ], [ 120.14654, 22.99941 ], [ 120.14653, 22.99942 ] ] ], [ [ [ 120.14653, 22.99946 ], [ 120.14652, 22.99946 ], [ 120.14652, 22.99944 ], [ 120.14653, 22.99946 ] ] ], [ [ [ 120.14572, 22.99946 ], [ 120.14571, 22.99946 ], [ 120.14571, 22.99945 ], [ 120.14572, 22.99946 ] ] ], [ [ [ 120.14566, 22.9997 ], [ 120.14566, 22.99969 ], [ 120.14567, 22.99969 ], [ 120.14566, 22.9997 ] ] ], [ [ [ 120.14567, 22.99975 ], [ 120.14566, 22.99975 ], [ 120.14566, 22.99974 ], [ 120.14567, 22.99975 ] ] ], [ [ [ 120.14583, 22.9999 ], [ 120.14582, 22.9999 ], [ 120.14582, 22.99989 ], [ 120.14583, 22.9999 ] ] ], [ [ [ 120.14584, 22.99991 ], [ 120.14583, 22.99991 ], [ 120.14584, 22.9999 ], [ 120.14584, 22.99991 ] ] ], [ [ [ 120.14721, 22.9995 ], [ 120.14721, 22.99949 ], [ 120.14722, 22.99949 ], [ 120.14721, 22.9995 ] ] ], [ [ [ 120.14747, 22.99956 ], [ 120.14746, 22.99956 ], [ 120.14746, 22.99955 ], [ 120.14747, 22.99956 ] ] ], [ [ [ 120.14745, 22.9996 ], [ 120.14745, 22.99956 ], [ 120.14746, 22.99956 ], [ 120.14745, 22.9996 ] ] ], [ [ [ 120.14697, 22.99959 ], [ 120.14696, 22.99959 ], [ 120.14696, 22.99958 ], [ 120.14697, 22.99959 ] ] ], [ [ [ 120.1472, 22.99961 ], [ 120.14719, 22.99961 ], [ 120.14719, 22.99959 ], [ 120.1472, 22.99961 ] ] ], [ [ [ 120.1471, 22.99972 ], [ 120.1471, 22.99971 ], [ 120.14711, 22.99971 ], [ 120.1471, 22.99972 ] ] ], [ [ [ 120.14751, 22.99972 ], [ 120.14751, 22.99976 ], [ 120.1475, 22.99976 ], [ 120.14751, 22.99972 ] ] ], [ [ [ 120.14666, 22.99998 ], [ 120.14667, 22.99998 ], [ 120.14667, 23.00003 ], [ 120.14666, 22.99998 ] ] ], [ [ [ 120.14936, 23.00039 ], [ 120.14937, 23.00039 ], [ 120.14937, 23.0004 ], [ 120.14936, 23.00039 ] ] ], [ [ [ 120.15032, 23.00049 ], [ 120.15031, 23.00049 ], [ 120.15031, 23.00048 ], [ 120.15032, 23.00049 ] ] ], [ [ [ 120.14987, 23.00054 ], [ 120.14987, 23.00053 ], [ 120.14988, 23.00053 ], [ 120.14987, 23.00054 ] ] ], [ [ [ 120.15065, 23.00061 ], [ 120.15064, 23.00061 ], [ 120.15064, 23.0006 ], [ 120.15065, 23.00061 ] ] ], [ [ [ 120.15073, 23.00065 ], [ 120.15074, 23.00065 ], [ 120.15074, 23.00066 ], [ 120.15073, 23.00065 ] ] ], [ [ [ 120.14787, 23.0007 ], [ 120.14788, 23.0007 ], [ 120.14788, 23.00071 ], [ 120.14787, 23.0007 ] ] ] ] }, { "type": "MultiLineString", "coordinates": [ [ [ 120.14504, 22.999 ], [ 120.14504, 22.99901 ] ], [ [ 120.14663, 22.99951 ], [ 120.14663, 22.99952 ] ], [ [ 120.1475, 22.99966 ], [ 120.14749, 22.99966 ] ], [ [ 120.14791, 23.00072 ], [ 120.14791, 23.00071 ] ], [ [ 120.15221, 23.0015 ], [ 120.15222, 23.0015 ] ] ] }, { "type": "MultiPoint", "coordinates": [ [ 120.14556, 22.99969 ], [ 120.14781, 23.00069 ], [ 120.14798, 23.00073 ], [ 120.14805, 23.00075 ] ] } ] } },
{ "type": "Feature", "properties": { "park_id": 138, "scenario": "2026-07-21 11:00:00 CST", "solar_alt": 74.553791940997598, "solar_az": 96.018416276456904, "canopy_min": 2.0 }, "geometry": { "type": "MultiPolygon", "coordinates": [ [ [ [ 120.32685, 23.31774 ], [ 120.32684, 23.31781 ], [ 120.32682, 23.31781 ], [ 120.32682, 23.31777 ], [ 120.32685, 23.31774 ] ] ], [ [ [ 120.32665, 23.31776 ], [ 120.32666, 23.31776 ], [ 120.32666, 23.3178 ], [ 120.32665, 23.31776 ] ] ], [ [ [ 120.32665, 23.31781 ], [ 120.32666, 23.31781 ], [ 120.32666, 23.31783 ], [ 120.32665, 23.31781 ] ] ], [ [ [ 120.32665, 23.31792 ], [ 120.32666, 23.31792 ], [ 120.32666, 23.31794 ], [ 120.32665, 23.31792 ] ] ] ] } },
{ "type": "Feature", "properties": { "park_id": 140, "scenario": "2026-07-21 11:00:00 CST", "solar_alt": 74.553791940997598, "solar_az": 96.018416276456904, "canopy_min": 2.0 }, "geometry": { "type": "GeometryCollection", "geometries": [ { "type": "MultiPolygon", "coordinates": [ [ [ [ 120.19685, 22.96547 ], [ 120.19685, 22.96554 ], [ 120.19684, 22.96554 ], [ 120.19685, 22.96547 ] ] ], [ [ [ 120.19682, 22.96555 ], [ 120.19683, 22.96555 ], [ 120.19683, 22.96556 ], [ 120.19682, 22.96555 ] ] ], [ [ [ 120.19681, 22.96562 ], [ 120.19682, 22.96562 ], [ 120.19682, 22.96563 ], [ 120.19681, 22.96562 ] ] ], [ [ [ 120.19681, 22.96565 ], [ 120.19682, 22.96567 ], [ 120.19681, 22.96567 ], [ 120.19681, 22.96565 ] ] ], [ [ [ 120.19699, 22.966 ], [ 120.19698, 22.96599 ], [ 120.19699, 22.96599 ], [ 120.19699, 22.966 ] ] ] ] }, { "type": "MultiLineString", "coordinates": [ [ [ 120.19681, 22.96575 ], [ 120.19681, 22.96573 ] ], [ [ 120.19688, 22.96632 ], [ 120.19688, 22.96631 ] ] ] }, { "type": "MultiPoint", "coordinates": [ [ 120.19685, 22.96623 ], [ 120.19686, 22.96624 ], [ 120.19687, 22.96626 ] ] } ] } },
{ "type": "Feature", "properties": { "park_id": 141, "scenario": "2026-07-21 11:00:00 CST", "solar_alt": 74.553791940997598, "solar_az": 96.018416276456904, "canopy_min": 2.0 }, "geometry": { "type": "GeometryCollection", "geometries": [ { "type": "MultiPolygon", "coordinates": [ [ [ [ 120.1971, 22.96803 ], [ 120.1971, 22.96801 ], [ 120.19711, 22.96803 ], [ 120.1971, 22.96803 ] ] ], [ [ [ 120.19729, 22.96828 ], [ 120.19729, 22.96826 ], [ 120.1973, 22.96828 ], [ 120.19729, 22.96828 ] ] ] ] }, { "type": "LineString", "coordinates": [ [ 120.19712, 22.96807 ], [ 120.19713, 22.96807 ] ] } ] } },
{ "type": "Feature", "properties": { "park_id": 144, "scenario": "2026-07-21 11:00:00 CST", "solar_alt": 74.553791940997598, "solar_az": 96.018416276456904, "canopy_min": 2.0 }, "geometry": { "type": "GeometryCollection", "geometries": [ { "type": "MultiPolygon", "coordinates": [ [ [ [ 120.22292, 22.98294 ], [ 120.22293, 22.98293 ], [ 120.22293, 22.98294 ], [ 120.22292, 22.98294 ] ] ], [ [ [ 120.22415, 22.98298 ], [ 120.22416, 22.98297 ], [ 120.22416, 22.98298 ], [ 120.22415, 22.98298 ] ] ], [ [ [ 120.22415, 22.98298 ], [ 120.22412, 22.98304 ], [ 120.22414, 22.98298 ], [ 120.22415, 22.98298 ] ] ], [ [ [ 120.22321, 22.98345 ], [ 120.22324, 22.98336 ], [ 120.22324, 22.98347 ], [ 120.22321, 22.98345 ] ] ], [ [ [ 120.22345, 22.98358 ], [ 120.22346, 22.98354 ], [ 120.22346, 22.98358 ], [ 120.22345, 22.98358 ] ] ], [ [ [ 120.22337, 22.98368 ], [ 120.22334, 22.98364 ], [ 120.22338, 22.9836 ], [ 120.22337, 22.98363 ], [ 120.22337, 22.98368 ] ] ], [ [ [ 120.22344, 22.98374 ], [ 120.22338, 22.98368 ], [ 120.2234, 22.98359 ], [ 120.22344, 22.98374 ] ] ], [ [ [ 120.22345, 22.98375 ], [ 120.22346, 22.98372 ], [ 120.22346, 22.98375 ], [ 120.22345, 22.98375 ] ] ] ] }, { "type": "GeometryCollection", "geometries": [ { "type": "Point", "coordinates": [ 120.22254, 22.98277 ] }, { "type": "LineString", "coordinates": [ [ 120.22338, 22.98348 ], [ 120.22337, 22.98348 ] ] }, { "type": "LineString", "coordinates": [ [ 120.22337, 22.98349 ], [ 120.22337, 22.98351 ] ] }, { "type": "LineString", "coordinates": [ [ 120.22386, 22.983 ], [ 120.22387, 22.983 ] ] }, { "type": "LineString", "coordinates": [ [ 120.22352, 22.9833 ], [ 120.22353, 22.9833 ] ] }, { "type": "LineString", "coordinates": [ [ 120.22387, 22.98354 ], [ 120.22386, 22.98358 ] ] } ] }, { "type": "MultiPoint", "coordinates": [ [ 120.22391, 22.98296 ], [ 120.22395, 22.98294 ], [ 120.22404, 22.98287 ] ] } ] } },
{ "type": "Feature", "properties": { "park_id": 145, "scenario": "2026-07-21 11:00:00 CST", "solar_alt": 74.553791940997598, "solar_az": 96.018416276456904, "canopy_min": 2.0 }, "geometry": { "type": "MultiPolygon", "coordinates": [ [ [ [ 120.22248, 22.98502 ], [ 120.22251, 22.98508 ], [ 120.22251, 22.98516 ], [ 120.22243, 22.9851 ], [ 120.22248, 22.98502 ] ] ], [ [ [ 120.22254, 22.9853 ], [ 120.22255, 22.9853 ], [ 120.22255, 22.98531 ], [ 120.22254, 22.9853 ] ] ], [ [ [ 120.22252, 22.98533 ], [ 120.22252, 22.98531 ], [ 120.22253, 22.98531 ], [ 120.22252, 22.98533 ] ] ], [ [ [ 120.22254, 22.98535 ], [ 120.22254, 22.98532 ], [ 120.22255, 22.98532 ], [ 120.22254, 22.98535 ] ] ] ] } },
{ "type": "Feature", "properties": { "park_id": 146, "scenario": "2026-07-21 11:00:00 CST", "solar_alt": 74.553791940997598, "solar_az": 96.018416276456904, "canopy_min": 2.0 }, "geometry": { "type": "GeometryCollection", "geometries": [ { "type": "MultiPolygon", "coordinates": [ [ [ [ 120.18145, 23.00386 ], [ 120.18146, 23.00385 ], [ 120.18146, 23.00386 ], [ 120.18145, 23.00386 ] ] ], [ [ [ 120.1819, 23.00386 ], [ 120.18191, 23.00385 ], [ 120.18191, 23.00386 ], [ 120.1819, 23.00386 ] ] ], [ [ [ 120.1817, 23.00388 ], [ 120.18168, 23.00387 ], [ 120.18168, 23.00384 ], [ 120.18169, 23.00384 ], [ 120.1817, 23.00388 ] ] ], [ [ [ 120.18143, 23.00386 ], [ 120.18144, 23.0039 ], [ 120.18143, 23.0039 ], [ 120.18143, 23.00386 ] ] ], [ [ [ 120.18145, 23.0039 ], [ 120.18146, 23.00392 ], [ 120.18145, 23.00392 ], [ 120.18145, 23.0039 ] ] ], [ [ [ 120.18145, 23.00402 ], [ 120.18146, 23.00401 ], [ 120.18146, 23.00402 ], [ 120.18145, 23.00402 ] ] ], [ [ [ 120.18132, 23.00405 ], [ 120.18133, 23.00404 ], [ 120.18133, 23.00405 ], [ 120.18132, 23.00405 ] ] ], [ [ [ 120.18179, 23.00409 ], [ 120.18178, 23.00409 ], [ 120.18179, 23.00404 ], [ 120.18179, 23.00409 ] ] ], [ [ [ 120.1815, 23.00413 ], [ 120.18152, 23.00412 ], [ 120.18153, 23.00421 ], [ 120.1815, 23.00421 ], [ 120.1815, 23.00413 ] ], [ [ 120.18152, 23.00415 ], [ 120.18151, 23.00415 ], [ 120.18152, 23.00418 ], [ 120.18152, 23.00415 ] ] ] ] }, { "type": "Point", "coordinates": [ 120.18123, 23.00409 ] } ] } },
{ "type": "Feature", "properties": { "park_id": 149, "scenario": "2026-07-21 11:00:00 CST", "solar_alt": 74.553791940997598, "solar_az": 96.018416276456904, "canopy_min": 2.0 }, "geometry": { "type": "GeometryCollection", "geometries": [ { "type": "Polygon", "coordinates": [ [ [ 120.2611, 23.03942 ], [ 120.26111, 23.03943 ], [ 120.2611, 23.03943 ], [ 120.2611, 23.03942 ] ] ] }, { "type": "LineString", "coordinates": [ [ 120.26096, 23.03952 ], [ 120.26095, 23.03952 ] ] } ] } },
{ "type": "Feature", "properties": { "park_id": 150, "scenario": "2026-07-21 11:00:00 CST", "solar_alt": 74.553791940997598, "solar_az": 96.018416276456904, "canopy_min": 2.0 }, "geometry": { "type": "GeometryCollection", "geometries": [ { "type": "MultiPolygon", "coordinates": [ [ [ [ 120.20968, 22.96696 ], [ 120.20968, 22.96697 ], [ 120.20967, 22.96697 ], [ 120.20968, 22.96696 ] ] ], [ [ [ 120.20967, 22.96705 ], [ 120.20967, 22.96706 ], [ 120.20966, 22.96706 ], [ 120.20967, 22.96705 ] ] ], [ [ [ 120.20969, 22.96716 ], [ 120.20969, 22.96717 ], [ 120.20968, 22.96717 ], [ 120.20969, 22.96716 ] ] ], [ [ [ 120.20876, 22.96747 ], [ 120.20878, 22.9675 ], [ 120.20881, 22.96758 ], [ 120.20874, 22.96756 ], [ 120.20874, 22.96747 ], [ 120.20876, 22.96747 ] ], [ [ 120.20876, 22.96748 ], [ 120.20875, 22.96748 ], [ 120.20875, 22.96752 ], [ 120.20876, 22.96748 ] ] ] ] }, { "type": "MultiLineString", "coordinates": [ [ [ 120.20962, 22.96661 ], [ 120.20962, 22.96662 ] ], [ [ 120.20967, 22.96714 ], [ 120.20968, 22.96714 ] ] ] } ] } },
{ "type": "Feature", "properties": { "park_id": 151, "scenario": "2026-07-21 11:00:00 CST", "solar_alt": 74.553791940997598, "solar_az": 96.018416276456904, "canopy_min": 2.0 }, "geometry": { "type": "GeometryCollection", "geometries": [ { "type": "MultiPolygon", "coordinates": [ [ [ [ 120.20968, 22.96696 ], [ 120.20968, 22.96697 ], [ 120.20967, 22.96697 ], [ 120.20968, 22.96696 ] ] ], [ [ [ 120.20967, 22.96705 ], [ 120.20967, 22.96706 ], [ 120.20966, 22.96706 ], [ 120.20967, 22.96705 ] ] ], [ [ [ 120.20969, 22.96716 ], [ 120.20969, 22.96717 ], [ 120.20968, 22.96717 ], [ 120.20969, 22.96716 ] ] ], [ [ [ 120.20876, 22.96747 ], [ 120.20878, 22.9675 ], [ 120.20881, 22.96758 ], [ 120.20874, 22.96756 ], [ 120.20874, 22.96747 ], [ 120.20876, 22.96747 ] ], [ [ 120.20876, 22.96748 ], [ 120.20875, 22.96748 ], [ 120.20875, 22.96752 ], [ 120.20876, 22.96748 ] ] ] ] }, { "type": "MultiLineString", "coordinates": [ [ [ 120.20962, 22.96661 ], [ 120.20962, 22.96662 ] ], [ [ 120.20967, 22.96714 ], [ 120.20968, 22.96714 ] ] ] } ] } },
{ "type": "Feature", "properties": { "park_id": 152, "scenario": "2026-07-21 11:00:00 CST", "solar_alt": 74.553791940997598, "solar_az": 96.018416276456904, "canopy_min": 2.0 }, "geometry": { "type": "GeometryCollection", "geometries": [ { "type": "MultiPolygon", "coordinates": [ [ [ [ 120.18976, 22.99548 ], [ 120.18977, 22.99547 ], [ 120.18977, 22.99548 ], [ 120.18976, 22.99548 ] ] ], [ [ [ 120.19037, 22.9955 ], [ 120.19037, 22.99548 ], [ 120.19038, 22.9955 ], [ 120.19037, 22.9955 ] ] ], [ [ [ 120.19038, 22.99553 ], [ 120.19037, 22.99553 ], [ 120.19038, 22.99551 ], [ 120.19038, 22.99553 ] ] ], [ [ [ 120.18997, 22.99554 ], [ 120.18997, 22.99553 ], [ 120.18998, 22.99554 ], [ 120.18997, 22.99554 ] ] ], [ [ [ 120.19007, 22.99563 ], [ 120.19006, 22.99563 ], [ 120.19007, 22.99562 ], [ 120.19007, 22.99563 ] ] ], [ [ [ 120.19016, 22.99572 ], [ 120.19017, 22.99572 ], [ 120.19016, 22.99573 ], [ 120.19016, 22.99572 ] ] ], [ [ [ 120.19011, 22.99574 ], [ 120.19011, 22.99576 ], [ 120.1901, 22.99574 ], [ 120.19011, 22.99574 ] ] ], [ [ [ 120.19118, 22.99482 ], [ 120.1912, 22.99476 ], [ 120.19119, 22.99482 ], [ 120.19118, 22.99482 ] ] ], [ [ [ 120.19117, 22.99486 ], [ 120.19116, 22.99486 ], [ 120.19117, 22.99485 ], [ 120.19117, 22.99486 ] ] ], [ [ [ 120.19039, 22.99548 ], [ 120.19038, 22.99548 ], [ 120.19039, 22.99547 ], [ 120.19039, 22.99548 ] ] ], [ [ [ 120.19053, 22.99554 ], [ 120.19052, 22.99554 ], [ 120.19053, 22.99549 ], [ 120.19053, 22.99554 ] ] ], [ [ [ 120.19038, 22.99555 ], [ 120.19037, 22.99555 ], [ 120.19038, 22.99554 ], [ 120.19038, 22.99555 ] ] ], [ [ [ 120.19051, 22.99555 ], [ 120.19052, 22.99555 ], [ 120.19051, 22.99556 ], [ 120.19051, 22.99555 ] ] ], [ [ [ 120.1905, 22.99556 ], [ 120.19051, 22.99556 ], [ 120.1905, 22.99557 ], [ 120.1905, 22.99556 ] ] ] ] }, { "type": "MultiLineString", "coordinates": [ [ [ 120.19017, 22.99526 ], [ 120.19016, 22.99526 ] ], [ [ 120.18971, 22.99536 ], [ 120.18971, 22.99535 ] ] ] }, { "type": "MultiPoint", "coordinates": [ [ 120.18973, 22.99542 ], [ 120.19134, 22.9953 ] ] } ] } },
{ "type": "Feature", "properties": { "park_id": 156, "scenario": "2026-07-21 11:00:00 CST", "solar_alt": 74.553791940997598, "solar_az": 96.018416276456904, "canopy_min": 2.0 }, "geometry": { "type": "GeometryCollection", "geometries": [ { "type": "MultiPolygon", "coordinates": [ [ [ [ 120.34206, 22.95672 ], [ 120.34205, 22.95673 ], [ 120.34205, 22.95672 ], [ 120.34206, 22.95672 ] ] ], [ [ [ 120.34165, 22.95674 ], [ 120.34166, 22.95675 ], [ 120.34165, 22.95675 ], [ 120.34165, 22.95674 ] ] ], [ [ [ 120.3428, 22.95706 ], [ 120.34281, 22.95707 ], [ 120.3428, 22.95707 ], [ 120.3428, 22.95706 ] ] ], [ [ [ 120.34217, 22.95732 ], [ 120.34218, 22.95733 ], [ 120.34217, 22.95733 ], [ 120.34217, 22.95732 ] ] ], [ [ [ 120.34219, 22.95735 ], [ 120.34218, 22.95734 ], [ 120.34219, 22.95734 ], [ 120.34219, 22.95735 ] ] ], [ [ [ 120.34287, 22.9576 ], [ 120.34286, 22.95759 ], [ 120.34287, 22.95759 ], [ 120.34287, 22.9576 ] ] ], [ [ [ 120.34284, 22.95762 ], [ 120.34285, 22.95763 ], [ 120.34284, 22.95763 ], [ 120.34284, 22.95762 ] ] ], [ [ [ 120.34246, 22.95781 ], [ 120.34245, 22.9578 ], [ 120.34246, 22.9578 ], [ 120.34246, 22.95781 ] ] ] ] }, { "type": "GeometryCollection", "geometries": [ { "type": "Point", "coordinates": [ 120.34147, 22.95658 ] }, { "type": "LineString", "coordinates": [ [ 120.34121, 22.95676 ], [ 120.34121, 22.95675 ] ] }, { "type": "LineString", "coordinates": [ [ 120.34279, 22.9571 ], [ 120.3428, 22.9571 ] ] } ] }, { "type": "MultiPoint", "coordinates": [ [ 120.34098, 22.95691 ], [ 120.34113, 22.95681 ], [ 120.34117, 22.95678 ], [ 120.34139, 22.95663 ], [ 120.34143, 22.9566 ], [ 120.34226, 22.95786 ], [ 120.34227, 22.95773 ], [ 120.34227, 22.95792 ], [ 120.34307, 22.95654 ], [ 120.34312, 22.9565 ] ] } ] } },
{ "type": "Feature", "properties": { "park_id": 158, "scenario": "2026-07-21 11:00:00 CST", "solar_alt": 74.553791940997598, "solar_az": 96.018416276456904, "canopy_min": 2.0 }, "geometry": { "type": "GeometryCollection", "geometries": [ { "type": "MultiPolygon", "coordinates": [ [ [ [ 120.23873, 22.97457 ], [ 120.23874, 22.97457 ], [ 120.23874, 22.97458 ], [ 120.23873, 22.97457 ] ] ], [ [ [ 120.23858, 22.97467 ], [ 120.23858, 22.97473 ], [ 120.23857, 22.97473 ], [ 120.23858, 22.97467 ] ] ], [ [ [ 120.2389, 22.97476 ], [ 120.2389, 22.97477 ], [ 120.23889, 22.97477 ], [ 120.2389, 22.97476 ] ] ], [ [ [ 120.23841, 22.97499 ], [ 120.2384, 22.97498 ], [ 120.23841, 22.97498 ], [ 120.23841, 22.97499 ] ] ], [ [ [ 120.23838, 22.975 ], [ 120.23839, 22.97499 ], [ 120.23839, 22.975 ], [ 120.23838, 22.975 ] ] ] ] }, { "type": "LineString", "coordinates": [ [ 120.23837, 22.97501 ], [ 120.23836, 22.97501 ] ] } ] } },
{ "type": "Feature", "properties": { "park_id": 159, "scenario": "2026-07-21 11:00:00 CST", "solar_alt": 74.553791940997598, "solar_az": 96.018416276456904, "canopy_min": 2.0 }, "geometry": { "type": "MultiPolygon", "coordinates": [ [ [ [ 120.14429, 22.99261 ], [ 120.14428, 22.99261 ], [ 120.14428, 22.9926 ], [ 120.14429, 22.99261 ] ] ], [ [ [ 120.14429, 22.99297 ], [ 120.14428, 22.99297 ], [ 120.14428, 22.99296 ], [ 120.14429, 22.99297 ] ] ], [ [ [ 120.14427, 22.99298 ], [ 120.14427, 22.99303 ], [ 120.14426, 22.99303 ], [ 120.14427, 22.99298 ] ] ], [ [ [ 120.14338, 22.99377 ], [ 120.14337, 22.99377 ], [ 120.14337, 22.99375 ], [ 120.14338, 22.99377 ] ] ], [ [ [ 120.14337, 22.99382 ], [ 120.14336, 22.99382 ], [ 120.14336, 22.99378 ], [ 120.14337, 22.99382 ] ] ], [ [ [ 120.14336, 22.99382 ], [ 120.14336, 22.99383 ], [ 120.14335, 22.99383 ], [ 120.14336, 22.99382 ] ] ], [ [ [ 120.1423, 22.99424 ], [ 120.1423, 22.99422 ], [ 120.14231, 22.99423 ], [ 120.1423, 22.99424 ] ] ], [ [ [ 120.14463, 22.99243 ], [ 120.14464, 22.99243 ], [ 120.14464, 22.99244 ], [ 120.14463, 22.99243 ] ] ], [ [ [ 120.14454, 22.9925 ], [ 120.14455, 22.9925 ], [ 120.14455, 22.99251 ], [ 120.14454, 22.9925 ] ] ], [ [ [ 120.14449, 22.99254 ], [ 120.14451, 22.99253 ], [ 120.14451, 22.99256 ], [ 120.14449, 22.99254 ] ] ], [ [ [ 120.14449, 22.99256 ], [ 120.1445, 22.99256 ], [ 120.1445, 22.99257 ], [ 120.14449, 22.99256 ] ] ], [ [ [ 120.1443, 22.99256 ], [ 120.14431, 22.99256 ], [ 120.14431, 22.99258 ], [ 120.1443, 22.99256 ] ] ], [ [ [ 120.1443, 22.99258 ], [ 120.1443, 22.99259 ], [ 120.14429, 22.99259 ], [ 120.1443, 22.99258 ] ] ] ] } },
{ "type": "Feature", "properties": { "park_id": 160, "scenario": "2026-07-21 11:00:00 CST", "solar_alt": 74.553791940997598, "solar_az": 96.018416276456904, "canopy_min": 2.0 }, "geometry": { "type": "MultiPolygon", "coordinates": [ [ [ [ 120.14429, 22.99261 ], [ 120.14428, 22.99261 ], [ 120.14428, 22.9926 ], [ 120.14429, 22.99261 ] ] ], [ [ [ 120.14429, 22.99297 ], [ 120.14428, 22.99297 ], [ 120.14428, 22.99296 ], [ 120.14429, 22.99297 ] ] ], [ [ [ 120.14427, 22.99298 ], [ 120.14427, 22.99303 ], [ 120.14426, 22.99303 ], [ 120.14427, 22.99298 ] ] ], [ [ [ 120.14338, 22.99377 ], [ 120.14337, 22.99377 ], [ 120.14337, 22.99375 ], [ 120.14338, 22.99377 ] ] ], [ [ [ 120.14337, 22.99382 ], [ 120.14336, 22.99382 ], [ 120.14336, 22.99378 ], [ 120.14337, 22.99382 ] ] ], [ [ [ 120.14336, 22.99382 ], [ 120.14336, 22.99383 ], [ 120.14335, 22.99383 ], [ 120.14336, 22.99382 ] ] ], [ [ [ 120.1423, 22.99424 ], [ 120.1423, 22.99422 ], [ 120.14231, 22.99423 ], [ 120.1423, 22.99424 ] ] ], [ [ [ 120.14463, 22.99243 ], [ 120.14464, 22.99243 ], [ 120.14464, 22.99244 ], [ 120.14463, 22.99243 ] ] ], [ [ [ 120.14454, 22.9925 ], [ 120.14455, 22.9925 ], [ 120.14455, 22.99251 ], [ 120.14454, 22.9925 ] ] ], [ [ [ 120.14449, 22.99254 ], [ 120.14451, 22.99253 ], [ 120.14451, 22.99256 ], [ 120.14449, 22.99254 ] ] ], [ [ [ 120.14449, 22.99256 ], [ 120.1445, 22.99256 ], [ 120.1445, 22.99257 ], [ 120.14449, 22.99256 ] ] ], [ [ [ 120.1443, 22.99256 ], [ 120.14431, 22.99256 ], [ 120.14431, 22.99258 ], [ 120.1443, 22.99256 ] ] ], [ [ [ 120.1443, 22.99258 ], [ 120.1443, 22.99259 ], [ 120.14429, 22.99259 ], [ 120.1443, 22.99258 ] ] ] ] } },
{ "type": "Feature", "properties": { "park_id": 161, "scenario": "2026-07-21 11:00:00 CST", "solar_alt": 74.553791940997598, "solar_az": 96.018416276456904, "canopy_min": 2.0 }, "geometry": { "type": "GeometryCollection", "geometries": [ { "type": "MultiPolygon", "coordinates": [ [ [ [ 120.16752, 22.98309 ], [ 120.16752, 22.98307 ], [ 120.16752, 22.98303 ], [ 120.16753, 22.98307 ], [ 120.16752, 22.98309 ] ] ], [ [ [ 120.1677, 22.98308 ], [ 120.16769, 22.98308 ], [ 120.16768, 22.98306 ], [ 120.1677, 22.98308 ] ] ], [ [ [ 120.16706, 22.98313 ], [ 120.16705, 22.98309 ], [ 120.16706, 22.98309 ], [ 120.16706, 22.98313 ] ] ], [ [ [ 120.1676, 22.98316 ], [ 120.16759, 22.98312 ], [ 120.1676, 22.98312 ], [ 120.1676, 22.98316 ] ] ] ] }, { "type": "LineString", "coordinates": [ [ 120.16752, 22.98307 ], [ 120.16753, 22.98307 ] ] } ] } },
{ "type": "Feature", "properties": { "park_id": 163, "scenario": "2026-07-21 11:00:00 CST", "solar_alt": 74.553791940997598, "solar_az": 96.018416276456904, "canopy_min": 2.0 }, "geometry": { "type": "GeometryCollection", "geometries": [ { "type": "LineString", "coordinates": [ [ 120.16793, 22.98446 ], [ 120.16794, 22.98446 ] ] }, { "type": "Point", "coordinates": [ 120.16799, 22.98445 ] } ] } },
{ "type": "Feature", "properties": { "park_id": 166, "scenario": "2026-07-21 11:00:00 CST", "solar_alt": 74.553791940997598, "solar_az": 96.018416276456904, "canopy_min": 2.0 }, "geometry": { "type": "Polygon", "coordinates": [ [ [ 120.20233, 23.00818 ], [ 120.20234, 23.00818 ], [ 120.20234, 23.0082 ], [ 120.20233, 23.00818 ] ] ] } },
{ "type": "Feature", "properties": { "park_id": 167, "scenario": "2026-07-21 11:00:00 CST", "solar_alt": 74.553791940997598, "solar_az": 96.018416276456904, "canopy_min": 2.0 }, "geometry": { "type": "MultiPolygon", "coordinates": [ [ [ [ 120.19272, 23.02805 ], [ 120.19272, 23.02804 ], [ 120.19273, 23.02804 ], [ 120.19272, 23.02805 ] ] ], [ [ [ 120.19272, 23.02807 ], [ 120.19273, 23.02807 ], [ 120.19273, 23.02808 ], [ 120.19272, 23.02807 ] ] ], [ [ [ 120.19272, 23.02809 ], [ 120.19271, 23.02809 ], [ 120.19271, 23.02808 ], [ 120.19272, 23.02809 ] ] ] ] } },
{ "type": "Feature", "properties": { "park_id": 168, "scenario": "2026-07-21 11:00:00 CST", "solar_alt": 74.553791940997598, "solar_az": 96.018416276456904, "canopy_min": 2.0 }, "geometry": { "type": "GeometryCollection", "geometries": [ { "type": "GeometryCollection", "geometries": [ { "type": "LineString", "coordinates": [ [ 120.20018, 23.02456 ], [ 120.20018, 23.02455 ] ] }, { "type": "Point", "coordinates": [ 120.20026, 23.02419 ] } ] }, { "type": "Point", "coordinates": [ 120.20025, 23.02424 ] } ] } },
{ "type": "Feature", "properties": { "park_id": 169, "scenario": "2026-07-21 11:00:00 CST", "solar_alt": 74.553791940997598, "solar_az": 96.018416276456904, "canopy_min": 2.0 }, "geometry": { "type": "MultiPolygon", "coordinates": [ [ [ [ 120.18802, 23.02733 ], [ 120.18802, 23.02731 ], [ 120.18803, 23.02731 ], [ 120.18802, 23.02733 ] ] ], [ [ [ 120.18829, 23.02747 ], [ 120.1883, 23.02747 ], [ 120.1883, 23.02749 ], [ 120.18829, 23.02747 ] ] ], [ [ [ 120.18825, 23.02754 ], [ 120.18826, 23.02754 ], [ 120.18826, 23.02755 ], [ 120.18825, 23.02754 ] ] ] ] } },
{ "type": "Feature", "properties": { "park_id": 170, "scenario": "2026-07-21 11:00:00 CST", "solar_alt": 74.553791940997598, "solar_az": 96.018416276456904, "canopy_min": 2.0 }, "geometry": { "type": "GeometryCollection", "geometries": [ { "type": "MultiPolygon", "coordinates": [ [ [ [ 120.20285, 23.01916 ], [ 120.20283, 23.0192 ], [ 120.20284, 23.01908 ], [ 120.20285, 23.01916 ] ] ], [ [ [ 120.20325, 23.01912 ], [ 120.20327, 23.01911 ], [ 120.20327, 23.01919 ], [ 120.20325, 23.01912 ] ] ], [ [ [ 120.20328, 23.01914 ], [ 120.20329, 23.01914 ], [ 120.20329, 23.01917 ], [ 120.20328, 23.01914 ] ] ], [ [ [ 120.2033, 23.01919 ], [ 120.20329, 23.01917 ], [ 120.2033, 23.01917 ], [ 120.2033, 23.01919 ] ] ], [ [ [ 120.20331, 23.01919 ], [ 120.20331, 23.0192 ], [ 120.2033, 23.0192 ], [ 120.2033, 23.01919 ], [ 120.20331, 23.01919 ] ] ] ] }, { "type": "GeometryCollection", "geometries": [ { "type": "Point", "coordinates": [ 120.20281, 23.01892 ] }, { "type": "LineString", "coordinates": [ [ 120.20322, 23.01938 ], [ 120.20321, 23.01938 ] ] } ] }, { "type": "MultiPoint", "coordinates": [ [ 120.20276, 23.01907 ], [ 120.20279, 23.01898 ], [ 120.20279, 23.01926 ], [ 120.20305, 23.01933 ], [ 120.20308, 23.01934 ], [ 120.20312, 23.01935 ], [ 120.20315, 23.01936 ], [ 120.20325, 23.01939 ] ] } ] } },
{ "type": "Feature", "properties": { "park_id": 171, "scenario": "2026-07-21 11:00:00 CST", "solar_alt": 74.553791940997598, "solar_az": 96.018416276456904, "canopy_min": 2.0 }, "geometry": { "type": "MultiPolygon", "coordinates": [ [ [ [ 120.19051, 22.92569 ], [ 120.19051, 22.9257 ], [ 120.1905, 22.9257 ], [ 120.19051, 22.92569 ] ] ], [ [ [ 120.19051, 22.92571 ], [ 120.19051, 22.92573 ], [ 120.1905, 22.92573 ], [ 120.19051, 22.92571 ] ] ], [ [ [ 120.19051, 22.92577 ], [ 120.19051, 22.92578 ], [ 120.1905, 22.92578 ], [ 120.19051, 22.92577 ] ] ], [ [ [ 120.19022, 22.9258 ], [ 120.19021, 22.9258 ], [ 120.19021, 22.92578 ], [ 120.19022, 22.9258 ] ] ], [ [ [ 120.19024, 22.92584 ], [ 120.19023, 22.92584 ], [ 120.19023, 22.92583 ], [ 120.19024, 22.92584 ] ] ], [ [ [ 120.19051, 22.92591 ], [ 120.19051, 22.92593 ], [ 120.1905, 22.92593 ], [ 120.19051, 22.92591 ] ] ], [ [ [ 120.19023, 22.92592 ], [ 120.19023, 22.92593 ], [ 120.19022, 22.92593 ], [ 120.19023, 22.92592 ] ] ], [ [ [ 120.19018, 22.92594 ], [ 120.19018, 22.92595 ], [ 120.19017, 22.92595 ], [ 120.19018, 22.92594 ] ] ], [ [ [ 120.19051, 22.92602 ], [ 120.1905, 22.92602 ], [ 120.1905, 22.92601 ], [ 120.19051, 22.92602 ] ] ], [ [ [ 120.19016, 22.92602 ], [ 120.19015, 22.92602 ], [ 120.19015, 22.92601 ], [ 120.19016, 22.92602 ] ] ] ] } },
{ "type": "Feature", "properties": { "park_id": 172, "scenario": "2026-07-21 11:00:00 CST", "solar_alt": 74.553791940997598, "solar_az": 96.018416276456904, "canopy_min": 2.0 }, "geometry": { "type": "GeometryCollection", "geometries": [ { "type": "MultiPolygon", "coordinates": [ [ [ [ 120.17377, 23.23804 ], [ 120.17377, 23.23805 ], [ 120.17376, 23.23804 ], [ 120.17377, 23.23804 ] ] ], [ [ [ 120.17352, 23.23811 ], [ 120.17353, 23.23811 ], [ 120.17352, 23.23812 ], [ 120.17352, 23.23811 ] ] ] ] }, { "type": "LineString", "coordinates": [ [ 120.17335, 23.23802 ], [ 120.17334, 23.23802 ] ] } ] } },
{ "type": "Feature", "properties": { "park_id": 177, "scenario": "2026-07-21 11:00:00 CST", "solar_alt": 74.553791940997598, "solar_az": 96.018416276456904, "canopy_min": 2.0 }, "geometry": { "type": "Polygon", "coordinates": [ [ [ 120.2113, 23.01065 ], [ 120.21129, 23.01065 ], [ 120.21129, 23.01064 ], [ 120.2113, 23.01065 ] ] ] } },
{ "type": "Feature", "properties": { "park_id": 180, "scenario": "2026-07-21 11:00:00 CST", "solar_alt": 74.553791940997598, "solar_az": 96.018416276456904, "canopy_min": 2.0 }, "geometry": { "type": "GeometryCollection", "geometries": [ { "type": "MultiPolygon", "coordinates": [ [ [ [ 120.23625, 22.99367 ], [ 120.23623, 22.99373 ], [ 120.23623, 22.99369 ], [ 120.23625, 22.99367 ] ] ], [ [ [ 120.23625, 22.99374 ], [ 120.23626, 22.99373 ], [ 120.23626, 22.99374 ], [ 120.23625, 22.99374 ] ] ], [ [ [ 120.23634, 22.99452 ], [ 120.23633, 22.99453 ], [ 120.23633, 22.99452 ], [ 120.23634, 22.99452 ] ] ], [ [ [ 120.23647, 22.99452 ], [ 120.23647, 22.99454 ], [ 120.23646, 22.99452 ], [ 120.23647, 22.99452 ] ] ], [ [ [ 120.23616, 22.99504 ], [ 120.23615, 22.99504 ], [ 120.23616, 22.99503 ], [ 120.23616, 22.99504 ] ] ], [ [ [ 120.23621, 22.99511 ], [ 120.2362, 22.99513 ], [ 120.2362, 22.99511 ], [ 120.23621, 22.99511 ] ] ], [ [ [ 120.23603, 22.99515 ], [ 120.23604, 22.99516 ], [ 120.23603, 22.99516 ], [ 120.23603, 22.99515 ] ] ], [ [ [ 120.23603, 22.99519 ], [ 120.23604, 22.99518 ], [ 120.23604, 22.99519 ], [ 120.23603, 22.99519 ] ] ], [ [ [ 120.23602, 22.99521 ], [ 120.23603, 22.99521 ], [ 120.23602, 22.99522 ], [ 120.23602, 22.99521 ] ] ], [ [ [ 120.2363, 22.99547 ], [ 120.2363, 22.99546 ], [ 120.23631, 22.99547 ], [ 120.2363, 22.99547 ] ] ], [ [ [ 120.23627, 22.99552 ], [ 120.23626, 22.9955 ], [ 120.23627, 22.9955 ], [ 120.23627, 22.99552 ] ] ], [ [ [ 120.23628, 22.99553 ], [ 120.23627, 22.99552 ], [ 120.23628, 22.99552 ], [ 120.23628, 22.99553 ] ] ], [ [ [ 120.23644, 22.99562 ], [ 120.23645, 22.99561 ], [ 120.23645, 22.99562 ], [ 120.23644, 22.99562 ] ] ], [ [ [ 120.23621, 22.99567 ], [ 120.23621, 22.99566 ], [ 120.23622, 22.99567 ], [ 120.23621, 22.99567 ] ] ], [ [ [ 120.23622, 22.99572 ], [ 120.23621, 22.99572 ], [ 120.23622, 22.99571 ], [ 120.23622, 22.99572 ] ] ], [ [ [ 120.23634, 22.99573 ], [ 120.23633, 22.99576 ], [ 120.23633, 22.99573 ], [ 120.23634, 22.99573 ] ] ], [ [ [ 120.23641, 22.99581 ], [ 120.23642, 22.99584 ], [ 120.23641, 22.99584 ], [ 120.23641, 22.99581 ] ] ], [ [ [ 120.23642, 22.99586 ], [ 120.23643, 22.99585 ], [ 120.23643, 22.99586 ], [ 120.23642, 22.99586 ] ] ], [ [ [ 120.23606, 22.99596 ], [ 120.23606, 22.99595 ], [ 120.23607, 22.99596 ], [ 120.23606, 22.99596 ] ] ], [ [ [ 120.23606, 22.996 ], [ 120.23605, 22.996 ], [ 120.23606, 22.99599 ], [ 120.23606, 22.996 ] ] ], [ [ [ 120.23604, 22.99602 ], [ 120.23603, 22.99603 ], [ 120.23603, 22.99602 ], [ 120.23604, 22.99602 ] ] ], [ [ [ 120.23606, 22.99616 ], [ 120.23607, 22.9962 ], [ 120.23606, 22.9962 ], [ 120.23606, 22.99616 ] ] ], [ [ [ 120.23605, 22.99621 ], [ 120.23606, 22.9962 ], [ 120.23606, 22.99621 ], [ 120.23605, 22.99621 ] ] ], [ [ [ 120.23599, 22.99624 ], [ 120.236, 22.99624 ], [ 120.23599, 22.99625 ], [ 120.23599, 22.99624 ] ] ], [ [ [ 120.23621, 22.99686 ], [ 120.23621, 22.99685 ], [ 120.23622, 22.99686 ], [ 120.23621, 22.99686 ] ] ], [ [ [ 120.23641, 22.99688 ], [ 120.23642, 22.99689 ], [ 120.23641, 22.99689 ], [ 120.23641, 22.99688 ] ] ], [ [ [ 120.23641, 22.9969 ], [ 120.23642, 22.99689 ], [ 120.23642, 22.9969 ], [ 120.23641, 22.9969 ] ] ], [ [ [ 120.23643, 22.99691 ], [ 120.23642, 22.99692 ], [ 120.23642, 22.99691 ], [ 120.23643, 22.99691 ] ] ], [ [ [ 120.23647, 22.99447 ], [ 120.23648, 22.99447 ], [ 120.23647, 22.99448 ], [ 120.23647, 22.99447 ] ] ], [ [ [ 120.23647, 22.99456 ], [ 120.23646, 22.99456 ], [ 120.23647, 22.99455 ], [ 120.23647, 22.99456 ] ] ], [ [ [ 120.23647, 22.99458 ], [ 120.23648, 22.99457 ], [ 120.23648, 22.99458 ], [ 120.23647, 22.99458 ] ] ], [ [ [ 120.23657, 22.99528 ], [ 120.23656, 22.99527 ], [ 120.23657, 22.99527 ], [ 120.23657, 22.99528 ] ] ], [ [ [ 120.2366, 22.99551 ], [ 120.23661, 22.9955 ], [ 120.23661, 22.99551 ], [ 120.2366, 22.99551 ] ] ], [ [ [ 120.23669, 22.99562 ], [ 120.23668, 22.99562 ], [ 120.23669, 22.99561 ], [ 120.23669, 22.99562 ] ] ], [ [ [ 120.23667, 22.99567 ], [ 120.23667, 22.99565 ], [ 120.23668, 22.99567 ], [ 120.23667, 22.99567 ] ] ], [ [ [ 120.23668, 22.9957 ], [ 120.23669, 22.99569 ], [ 120.23669, 22.9957 ], [ 120.23668, 22.9957 ] ] ], [ [ [ 120.23652, 22.99572 ], [ 120.23653, 22.99572 ], [ 120.23652, 22.99577 ], [ 120.23652, 22.99572 ] ] ], [ [ [ 120.23652, 22.99591 ], [ 120.23653, 22.99591 ], [ 120.23652, 22.99594 ], [ 120.23652, 22.99591 ] ] ], [ [ [ 120.23652, 22.99595 ], [ 120.23653, 22.99596 ], [ 120.23652, 22.99596 ], [ 120.23652, 22.99595 ] ] ], [ [ [ 120.23656, 22.99599 ], [ 120.23655, 22.99599 ], [ 120.23656, 22.99597 ], [ 120.23656, 22.99599 ] ] ], [ [ [ 120.23657, 22.99599 ], [ 120.23658, 22.99599 ], [ 120.23657, 22.99604 ], [ 120.23657, 22.99599 ] ] ], [ [ [ 120.23669, 22.99628 ], [ 120.2367, 22.99637 ], [ 120.23669, 22.99637 ], [ 120.23669, 22.99628 ] ] ], [ [ [ 120.23668, 22.9964 ], [ 120.23669, 22.99637 ], [ 120.23669, 22.9964 ], [ 120.23668, 22.9964 ] ] ], [ [ [ 120.23669, 22.9966 ], [ 120.2367, 22.99661 ], [ 120.23669, 22.99661 ], [ 120.23669, 22.9966 ] ] ], [ [ [ 120.23668, 22.99663 ], [ 120.23668, 22.99668 ], [ 120.23667, 22.99663 ], [ 120.23668, 22.99663 ] ] ], [ [ [ 120.23669, 22.99668 ], [ 120.23669, 22.99675 ], [ 120.23668, 22.99668 ], [ 120.23669, 22.99668 ] ] ], [ [ [ 120.23667, 22.99677 ], [ 120.23668, 22.99678 ], [ 120.23667, 22.99678 ], [ 120.23667, 22.99677 ] ] ], [ [ [ 120.23667, 22.99684 ], [ 120.23668, 22.99681 ], [ 120.23668, 22.99684 ], [ 120.23667, 22.99684 ] ] ], [ [ [ 120.2367, 22.9969 ], [ 120.23669, 22.99691 ], [ 120.23669, 22.9969 ], [ 120.2367, 22.9969 ] ] ], [ [ [ 120.23668, 22.99693 ], [ 120.23668, 22.99692 ], [ 120.23669, 22.99693 ], [ 120.23668, 22.99693 ] ] ], [ [ [ 120.23668, 22.99697 ], [ 120.23667, 22.99697 ], [ 120.23668, 22.99693 ], [ 120.23668, 22.99697 ] ] ], [ [ [ 120.23665, 22.99699 ], [ 120.23668, 22.99712 ], [ 120.23666, 22.99712 ], [ 120.23665, 22.99699 ] ] ], [ [ [ 120.23669, 22.99713 ], [ 120.23668, 22.99714 ], [ 120.23668, 22.99713 ], [ 120.23669, 22.99713 ] ] ], [ [ [ 120.23669, 22.99714 ], [ 120.2367, 22.99717 ], [ 120.23669, 22.99717 ], [ 120.23669, 22.99714 ] ] ], [ [ [ 120.23666, 22.99772 ], [ 120.23665, 22.99772 ], [ 120.23666, 22.99771 ], [ 120.23666, 22.99772 ] ] ], [ [ [ 120.23667, 22.99776 ], [ 120.23667, 22.99777 ], [ 120.23666, 22.99776 ], [ 120.23667, 22.99776 ] ] ], [ [ [ 120.23676, 22.99428 ], [ 120.23675, 22.9943 ], [ 120.23675, 22.99428 ], [ 120.23676, 22.99428 ] ] ], [ [ [ 120.23674, 22.99459 ], [ 120.23674, 22.99458 ], [ 120.23675, 22.99459 ], [ 120.23674, 22.99459 ] ] ], [ [ [ 120.23673, 22.99479 ], [ 120.23672, 22.99479 ], [ 120.23674, 22.99459 ], [ 120.23673, 22.99479 ] ] ], [ [ [ 120.23672, 22.99483 ], [ 120.23671, 22.99479 ], [ 120.23672, 22.99479 ], [ 120.23672, 22.99483 ] ] ], [ [ [ 120.23674, 22.99487 ], [ 120.23674, 22.99485 ], [ 120.23675, 22.99487 ], [ 120.23674, 22.99487 ] ] ], [ [ [ 120.23675, 22.99491 ], [ 120.23674, 22.99491 ], [ 120.23675, 22.9949 ], [ 120.23675, 22.99491 ] ] ], [ [ [ 120.23673, 22.99486 ], [ 120.23672, 22.99498 ], [ 120.23672, 22.99486 ], [ 120.23673, 22.99486 ] ] ], [ [ [ 120.23671, 22.99501 ], [ 120.23672, 22.99504 ], [ 120.23671, 22.99504 ], [ 120.23671, 22.99501 ] ] ], [ [ [ 120.23671, 22.99507 ], [ 120.23672, 22.99514 ], [ 120.23671, 22.99514 ], [ 120.23671, 22.99507 ] ] ], [ [ [ 120.23673, 22.9952 ], [ 120.23673, 22.99522 ], [ 120.23672, 22.9952 ], [ 120.23673, 22.9952 ] ] ], [ [ [ 120.23674, 22.99522 ], [ 120.23674, 22.99523 ], [ 120.23673, 22.99523 ], [ 120.23673, 22.99522 ], [ 120.23674, 22.99522 ] ] ], [ [ [ 120.2367, 22.99548 ], [ 120.23669, 22.99549 ], [ 120.23669, 22.99548 ], [ 120.2367, 22.99548 ] ] ], [ [ [ 120.23672, 22.99549 ], [ 120.23673, 22.99558 ], [ 120.23672, 22.99558 ], [ 120.23672, 22.99549 ] ] ], [ [ [ 120.23674, 22.99578 ], [ 120.23675, 22.99577 ], [ 120.23675, 22.99578 ], [ 120.23674, 22.99578 ] ] ], [ [ [ 120.23674, 22.99578 ], [ 120.23673, 22.99588 ], [ 120.23671, 22.99579 ], [ 120.23674, 22.99578 ] ] ], [ [ [ 120.23674, 22.99592 ], [ 120.23673, 22.99592 ], [ 120.23674, 22.9959 ], [ 120.23674, 22.99592 ] ] ], [ [ [ 120.23672, 22.99603 ], [ 120.23671, 22.99596 ], [ 120.23674, 22.99593 ], [ 120.23672, 22.99603 ] ] ], [ [ [ 120.23671, 22.99606 ], [ 120.2367, 22.99607 ], [ 120.2367, 22.99606 ], [ 120.23671, 22.99606 ] ] ], [ [ [ 120.2367, 22.99616 ], [ 120.23669, 22.99618 ], [ 120.23669, 22.99616 ], [ 120.2367, 22.99616 ] ] ], [ [ [ 120.23671, 22.99629 ], [ 120.23671, 22.99618 ], [ 120.23672, 22.99629 ], [ 120.23671, 22.99629 ] ] ], [ [ [ 120.23672, 22.99633 ], [ 120.23671, 22.99633 ], [ 120.23672, 22.9963 ], [ 120.23672, 22.99633 ] ] ], [ [ [ 120.2367, 22.99647 ], [ 120.23669, 22.9965 ], [ 120.23669, 22.99647 ], [ 120.2367, 22.99647 ] ] ], [ [ [ 120.23672, 22.99654 ], [ 120.23671, 22.99654 ], [ 120.23672, 22.99651 ], [ 120.23672, 22.99654 ] ] ], [ [ [ 120.23673, 22.99723 ], [ 120.23673, 22.99724 ], [ 120.23672, 22.99723 ], [ 120.23673, 22.99723 ] ] ], [ [ [ 120.2367, 22.99731 ], [ 120.23671, 22.9973 ], [ 120.23671, 22.99731 ], [ 120.2367, 22.99731 ] ] ], [ [ [ 120.23674, 22.99746 ], [ 120.23673, 22.99746 ], [ 120.23674, 22.99745 ], [ 120.23674, 22.99746 ] ] ], [ [ [ 120.23671, 22.99754 ], [ 120.2367, 22.99754 ], [ 120.23671, 22.99753 ], [ 120.23671, 22.99754 ] ] ] ] }, { "type": "MultiLineString", "coordinates": [ [ [ 120.23615, 22.99502 ], [ 120.23615, 22.99499 ] ], [ [ 120.23581, 22.99761 ], [ 120.23581, 22.9975 ] ], [ [ 120.23583, 22.99775 ], [ 120.23584, 22.99775 ] ], [ [ 120.23643, 22.99555 ], [ 120.23642, 22.99557 ] ], [ [ 120.23642, 22.99558 ], [ 120.23643, 22.99558 ] ], [ [ 120.23666, 22.99774 ], [ 120.23667, 22.99774 ] ], [ [ 120.23669, 22.99612 ], [ 120.23669, 22.99607 ] ], [ [ 120.23669, 22.99613 ], [ 120.23669, 22.99614 ] ], [ [ 120.23672, 22.99485 ], [ 120.23673, 22.99485 ] ], [ [ 120.23673, 22.99588 ], [ 120.23674, 22.99588 ] ] ] } ] } },
{ "type": "Feature", "properties": { "park_id": 181, "scenario": "2026-07-21 11:00:00 CST", "solar_alt": 74.553791940997598, "solar_az": 96.018416276456904, "canopy_min": 2.0 }, "geometry": { "type": "Polygon", "coordinates": [ [ [ 120.19803, 23.02741 ], [ 120.19804, 23.02741 ], [ 120.19804, 23.02742 ], [ 120.19803, 23.02741 ] ] ] } },
{ "type": "Feature", "properties": { "park_id": 182, "scenario": "2026-07-21 11:00:00 CST", "solar_alt": 74.553791940997598, "solar_az": 96.018416276456904, "canopy_min": 2.0 }, "geometry": { "type": "GeometryCollection", "geometries": [ { "type": "MultiPolygon", "coordinates": [ [ [ [ 120.4177, 23.34456 ], [ 120.41769, 23.34456 ], [ 120.4177, 23.34455 ], [ 120.4177, 23.34456 ] ] ], [ [ [ 120.41767, 23.34459 ], [ 120.41768, 23.34459 ], [ 120.41767, 23.3446 ], [ 120.41767, 23.34459 ] ] ] ] }, { "type": "LineString", "coordinates": [ [ 120.41729, 23.34446 ], [ 120.41729, 23.34447 ] ] }, { "type": "MultiPoint", "coordinates": [ [ 120.41724, 23.34473 ], [ 120.41728, 23.34454 ] ] } ] } },
{ "type": "Feature", "properties": { "park_id": 183, "scenario": "2026-07-21 11:00:00 CST", "solar_alt": 74.553791940997598, "solar_az": 96.018416276456904, "canopy_min": 2.0 }, "geometry": { "type": "Polygon", "coordinates": [ [ [ 120.30984, 23.27397 ], [ 120.30983, 23.27397 ], [ 120.30983, 23.27396 ], [ 120.30984, 23.27397 ] ] ] } },
{ "type": "Feature", "properties": { "park_id": 184, "scenario": "2026-07-21 11:00:00 CST", "solar_alt": 74.553791940997598, "solar_az": 96.018416276456904, "canopy_min": 2.0 }, "geometry": { "type": "GeometryCollection", "geometries": [ { "type": "MultiPolygon", "coordinates": [ [ [ [ 120.1847, 22.98541 ], [ 120.18469, 22.9854 ], [ 120.1847, 22.9854 ], [ 120.1847, 22.98541 ] ] ], [ [ [ 120.18468, 22.98542 ], [ 120.1847, 22.98545 ], [ 120.18468, 22.98548 ], [ 120.18468, 22.98542 ] ] ], [ [ [ 120.18453, 22.98549 ], [ 120.18455, 22.98551 ], [ 120.18453, 22.98555 ], [ 120.18453, 22.98549 ] ] ], [ [ [ 120.18469, 22.98557 ], [ 120.1847, 22.98556 ], [ 120.1847, 22.98557 ], [ 120.18469, 22.98557 ] ] ], [ [ [ 120.1847, 22.98557 ], [ 120.18471, 22.98557 ], [ 120.18469, 22.98558 ], [ 120.1847, 22.98557 ] ] ], [ [ [ 120.18457, 22.98573 ], [ 120.18455, 22.98552 ], [ 120.18458, 22.98561 ], [ 120.18458, 22.98573 ], [ 120.18457, 22.98573 ] ] ], [ [ [ 120.18457, 22.98573 ], [ 120.18456, 22.98575 ], [ 120.18456, 22.98573 ], [ 120.18457, 22.98573 ] ] ], [ [ [ 120.18489, 22.98561 ], [ 120.18488, 22.98561 ], [ 120.18489, 22.98558 ], [ 120.18489, 22.98561 ] ] ], [ [ [ 120.1849, 22.98562 ], [ 120.18489, 22.98562 ], [ 120.1849, 22.98561 ], [ 120.1849, 22.98562 ] ] ], [ [ [ 120.18469, 22.9856 ], [ 120.18471, 22.98561 ], [ 120.18469, 22.98564 ], [ 120.18469, 22.9856 ] ] ], [ [ [ 120.18489, 22.98564 ], [ 120.1849, 22.98564 ], [ 120.18489, 22.98565 ], [ 120.18489, 22.98564 ] ] ], [ [ [ 120.18499, 22.98568 ], [ 120.18499, 22.98569 ], [ 120.18498, 22.98568 ], [ 120.18499, 22.98568 ] ] ], [ [ [ 120.185, 22.98573 ], [ 120.185, 22.98571 ], [ 120.18501, 22.98573 ], [ 120.185, 22.98573 ] ] ] ] }, { "type": "MultiLineString", "coordinates": [ [ [ 120.18443, 22.9854 ], [ 120.18444, 22.9854 ] ], [ [ 120.18435, 22.98541 ], [ 120.18436, 22.98541 ] ], [ [ 120.18414, 22.98547 ], [ 120.18414, 22.98548 ] ], [ [ 120.18415, 22.98554 ], [ 120.18414, 22.98554 ] ], [ [ 120.18416, 22.98567 ], [ 120.18416, 22.98568 ] ], [ [ 120.18417, 22.98574 ], [ 120.18417, 22.98573 ] ], [ [ 120.18418, 22.9858 ], [ 120.18418, 22.98581 ] ], [ [ 120.18419, 22.98587 ], [ 120.18419, 22.98588 ] ] ] }, { "type": "Point", "coordinates": [ 120.18415, 22.98561 ] } ] } },
{ "type": "Feature", "properties": { "park_id": 188, "scenario": "2026-07-21 11:00:00 CST", "solar_alt": 74.553791940997598, "solar_az": 96.018416276456904, "canopy_min": 2.0 }, "geometry": { "type": "Point", "coordinates": [ 120.18294, 23.03748 ] } },
{ "type": "Feature", "properties": { "park_id": 193, "scenario": "2026-07-21 11:00:00 CST", "solar_alt": 74.553791940997598, "solar_az": 96.018416276456904, "canopy_min": 2.0 }, "geometry": { "type": "MultiPolygon", "coordinates": [ [ [ [ 120.20018, 23.06707 ], [ 120.20018, 23.06706 ], [ 120.20019, 23.06706 ], [ 120.20018, 23.06707 ] ] ], [ [ [ 120.20018, 23.06711 ], [ 120.20018, 23.06708 ], [ 120.20019, 23.06708 ], [ 120.20018, 23.06711 ] ] ] ] } },
{ "type": "Feature", "properties": { "park_id": 194, "scenario": "2026-07-21 11:00:00 CST", "solar_alt": 74.553791940997598, "solar_az": 96.018416276456904, "canopy_min": 2.0 }, "geometry": { "type": "MultiPolygon", "coordinates": [ [ [ [ 120.20018, 23.06707 ], [ 120.20018, 23.06706 ], [ 120.20019, 23.06706 ], [ 120.20018, 23.06707 ] ] ], [ [ [ 120.20018, 23.06711 ], [ 120.20018, 23.06708 ], [ 120.20019, 23.06708 ], [ 120.20018, 23.06711 ] ] ] ] } },
{ "type": "Feature", "properties": { "park_id": 195, "scenario": "2026-07-21 11:00:00 CST", "solar_alt": 74.553791940997598, "solar_az": 96.018416276456904, "canopy_min": 2.0 }, "geometry": { "type": "MultiPolygon", "coordinates": [ [ [ [ 120.19577, 23.03418 ], [ 120.19577, 23.03417 ], [ 120.19578, 23.03417 ], [ 120.19577, 23.03418 ] ] ], [ [ [ 120.19578, 23.03421 ], [ 120.19578, 23.0342 ], [ 120.19579, 23.0342 ], [ 120.19578, 23.03421 ] ] ] ] } },
{ "type": "Feature", "properties": { "park_id": 197, "scenario": "2026-07-21 11:00:00 CST", "solar_alt": 74.553791940997598, "solar_az": 96.018416276456904, "canopy_min": 2.0 }, "geometry": { "type": "GeometryCollection", "geometries": [ { "type": "MultiPolygon", "coordinates": [ [ [ [ 120.18592, 22.98637 ], [ 120.18593, 22.98637 ], [ 120.18592, 22.98641 ], [ 120.18592, 22.98637 ] ] ], [ [ [ 120.18595, 22.98644 ], [ 120.18595, 22.98645 ], [ 120.18594, 22.98645 ], [ 120.18595, 22.98644 ] ] ], [ [ [ 120.18595, 22.98647 ], [ 120.18595, 22.98646 ], [ 120.18596, 22.98646 ], [ 120.18595, 22.98647 ] ] ] ] }, { "type": "GeometryCollection", "geometries": [ { "type": "Point", "coordinates": [ 120.18538, 22.98588 ] }, { "type": "LineString", "coordinates": [ [ 120.18595, 22.98647 ], [ 120.18594, 22.98647 ] ] } ] }, { "type": "Point", "coordinates": [ 120.18539, 22.98597 ] } ] } },
{ "type": "Feature", "properties": { "park_id": 198, "scenario": "2026-07-21 11:00:00 CST", "solar_alt": 74.553791940997598, "solar_az": 96.018416276456904, "canopy_min": 2.0 }, "geometry": { "type": "GeometryCollection", "geometries": [ { "type": "Polygon", "coordinates": [ [ [ 120.24652, 22.98168 ], [ 120.24653, 22.9817 ], [ 120.24652, 22.9817 ], [ 120.24652, 22.98168 ] ] ] }, { "type": "LineString", "coordinates": [ [ 120.24574, 22.98104 ], [ 120.24574, 22.98105 ] ] } ] } },
{ "type": "Feature", "properties": { "park_id": 199, "scenario": "2026-07-21 11:00:00 CST", "solar_alt": 74.553791940997598, "solar_az": 96.018416276456904, "canopy_min": 2.0 }, "geometry": { "type": "MultiPolygon", "coordinates": [ [ [ [ 120.2361, 22.99947 ], [ 120.2361, 22.99953 ], [ 120.23606, 22.9995 ], [ 120.2361, 22.99947 ] ] ], [ [ [ 120.2362, 22.99957 ], [ 120.2362, 22.99954 ], [ 120.23622, 22.99954 ], [ 120.2362, 22.99957 ] ] ], [ [ [ 120.23622, 22.99957 ], [ 120.23622, 22.99958 ], [ 120.23619, 22.99958 ], [ 120.23622, 22.99957 ] ] ] ] } },
{ "type": "Feature", "properties": { "park_id": 200, "scenario": "2026-07-21 11:00:00 CST", "solar_alt": 74.553791940997598, "solar_az": 96.018416276456904, "canopy_min": 2.0 }, "geometry": { "type": "MultiPolygon", "coordinates": [ [ [ [ 120.25934, 22.96793 ], [ 120.25933, 22.96793 ], [ 120.25933, 22.96792 ], [ 120.25934, 22.96793 ] ] ], [ [ [ 120.25812, 22.96824 ], [ 120.25812, 22.96825 ], [ 120.25811, 22.96825 ], [ 120.25812, 22.96824 ] ] ] ] } },
{ "type": "Feature", "properties": { "park_id": 201, "scenario": "2026-07-21 11:00:00 CST", "solar_alt": 74.553791940997598, "solar_az": 96.018416276456904, "canopy_min": 2.0 }, "geometry": { "type": "MultiPolygon", "coordinates": [ [ [ [ 120.19938, 23.02737 ], [ 120.19938, 23.02736 ], [ 120.19939, 23.02736 ], [ 120.19938, 23.02737 ] ] ], [ [ [ 120.19938, 23.0274 ], [ 120.19938, 23.02738 ], [ 120.19939, 23.02738 ], [ 120.19938, 23.0274 ] ] ] ] } },
{ "type": "Feature", "properties": { "park_id": 202, "scenario": "2026-07-21 11:00:00 CST", "solar_alt": 74.553791940997598, "solar_az": 96.018416276456904, "canopy_min": 2.0 }, "geometry": { "type": "GeometryCollection", "geometries": [ { "type": "Point", "coordinates": [ 120.22674, 23.06351 ] }, { "type": "MultiPoint", "coordinates": [ [ 120.22663, 23.06356 ], [ 120.22665, 23.06355 ], [ 120.22667, 23.06354 ] ] } ] } },
{ "type": "Feature", "properties": { "park_id": 206, "scenario": "2026-07-21 11:00:00 CST", "solar_alt": 74.553791940997598, "solar_az": 96.018416276456904, "canopy_min": 2.0 }, "geometry": { "type": "GeometryCollection", "geometries": [ { "type": "Point", "coordinates": [ 120.23299, 23.06033 ] }, { "type": "MultiPoint", "coordinates": [ [ 120.23309, 23.06042 ], [ 120.2332, 23.06051 ] ] } ] } },
{ "type": "Feature", "properties": { "park_id": 207, "scenario": "2026-07-21 11:00:00 CST", "solar_alt": 74.553791940997598, "solar_az": 96.018416276456904, "canopy_min": 2.0 }, "geometry": { "type": "Polygon", "coordinates": [ [ [ 120.23767, 23.04463 ], [ 120.23767, 23.04464 ], [ 120.23766, 23.04464 ], [ 120.23767, 23.04463 ] ] ] } },
{ "type": "Feature", "properties": { "park_id": 210, "scenario": "2026-07-21 11:00:00 CST", "solar_alt": 74.553791940997598, "solar_az": 96.018416276456904, "canopy_min": 2.0 }, "geometry": { "type": "GeometryCollection", "geometries": [ { "type": "MultiPolygon", "coordinates": [ [ [ [ 120.22414, 22.9893 ], [ 120.22414, 22.98934 ], [ 120.22413, 22.98934 ], [ 120.22414, 22.9893 ] ] ], [ [ [ 120.22428, 22.98935 ], [ 120.22427, 22.98934 ], [ 120.22428, 22.98934 ], [ 120.22428, 22.98935 ] ] ], [ [ [ 120.22427, 22.98936 ], [ 120.22426, 22.98935 ], [ 120.22427, 22.98935 ], [ 120.22427, 22.98936 ] ] ], [ [ [ 120.22428, 22.98939 ], [ 120.22427, 22.98939 ], [ 120.22427, 22.98936 ], [ 120.22428, 22.98936 ], [ 120.22428, 22.98939 ] ] ], [ [ [ 120.22428, 22.98939 ], [ 120.22429, 22.9894 ], [ 120.22428, 22.9894 ], [ 120.22428, 22.98939 ] ] ], [ [ [ 120.22436, 22.98943 ], [ 120.22436, 22.98946 ], [ 120.22433, 22.98953 ], [ 120.22433, 22.98947 ], [ 120.22434, 22.98942 ], [ 120.22436, 22.98943 ] ] ] ] }, { "type": "LineString", "coordinates": [ [ 120.22413, 22.98947 ], [ 120.22413, 22.98948 ] ] }, { "type": "MultiPoint", "coordinates": [ [ 120.22412, 22.98945 ], [ 120.22414, 22.9895 ], [ 120.22427, 22.9896 ] ] } ] } },
{ "type": "Feature", "properties": { "park_id": 212, "scenario": "2026-07-21 11:00:00 CST", "solar_alt": 74.553791940997598, "solar_az": 96.018416276456904, "canopy_min": 2.0 }, "geometry": { "type": "Polygon", "coordinates": [ [ [ 120.22518, 22.98785 ], [ 120.22516, 22.98785 ], [ 120.22516, 22.98783 ], [ 120.22518, 22.98785 ] ] ] } },
{ "type": "Feature", "properties": { "park_id": 213, "scenario": "2026-07-21 11:00:00 CST", "solar_alt": 74.553791940997598, "solar_az": 96.018416276456904, "canopy_min": 2.0 }, "geometry": { "type": "Polygon", "coordinates": [ [ [ 120.17944, 22.92056 ], [ 120.17945, 22.92056 ], [ 120.17945, 22.92059 ], [ 120.17944, 22.92056 ] ] ] } },
{ "type": "Feature", "properties": { "park_id": 215, "scenario": "2026-07-21 11:00:00 CST", "solar_alt": 74.553791940997598, "solar_az": 96.018416276456904, "canopy_min": 2.0 }, "geometry": { "type": "GeometryCollection", "geometries": [ { "type": "MultiPolygon", "coordinates": [ [ [ [ 120.23097, 22.9779 ], [ 120.23097, 22.97789 ], [ 120.23098, 22.9779 ], [ 120.23097, 22.9779 ] ] ], [ [ [ 120.2311, 22.97794 ], [ 120.2311, 22.97801 ], [ 120.23106, 22.978 ], [ 120.2311, 22.97794 ] ] ], [ [ [ 120.23104, 22.97809 ], [ 120.23102, 22.97809 ], [ 120.23104, 22.97803 ], [ 120.23104, 22.97809 ] ] ], [ [ [ 120.23101, 22.97811 ], [ 120.23096, 22.97813 ], [ 120.23099, 22.97808 ], [ 120.23101, 22.97807 ], [ 120.23101, 22.97811 ] ] ], [ [ [ 120.23096, 22.97819 ], [ 120.23095, 22.97819 ], [ 120.23095, 22.97818 ], [ 120.23096, 22.97819 ] ] ], [ [ [ 120.23095, 22.97838 ], [ 120.23095, 22.97837 ], [ 120.23096, 22.97837 ], [ 120.23095, 22.97838 ] ] ], [ [ [ 120.23113, 22.97839 ], [ 120.23114, 22.97839 ], [ 120.23113, 22.97842 ], [ 120.23113, 22.97839 ] ] ], [ [ [ 120.23093, 22.97838 ], [ 120.23094, 22.97838 ], [ 120.23096, 22.97844 ], [ 120.23093, 22.97838 ] ] ], [ [ [ 120.23112, 22.97842 ], [ 120.23114, 22.97843 ], [ 120.23114, 22.97844 ], [ 120.23112, 22.97842 ] ] ], [ [ [ 120.23097, 22.97845 ], [ 120.23096, 22.97845 ], [ 120.23096, 22.97844 ], [ 120.23097, 22.97845 ] ] ], [ [ [ 120.23093, 22.97855 ], [ 120.23096, 22.97853 ], [ 120.23098, 22.97863 ], [ 120.23095, 22.97863 ], [ 120.23093, 22.97858 ], [ 120.23093, 22.97855 ] ], [ [ 120.23095, 22.97856 ], [ 120.23095, 22.97855 ], [ 120.23094, 22.97855 ], [ 120.23095, 22.97856 ] ] ], [ [ [ 120.23093, 22.97875 ], [ 120.23093, 22.97874 ], [ 120.23094, 22.97874 ], [ 120.23093, 22.97875 ] ] ], [ [ [ 120.23093, 22.97884 ], [ 120.23093, 22.97883 ], [ 120.23094, 22.97883 ], [ 120.23093, 22.97884 ] ] ], [ [ [ 120.23158, 22.97789 ], [ 120.23158, 22.97787 ], [ 120.23159, 22.97789 ], [ 120.23158, 22.97789 ] ] ], [ [ [ 120.23157, 22.97789 ], [ 120.23158, 22.97789 ], [ 120.23158, 22.97792 ], [ 120.23157, 22.97789 ] ] ], [ [ [ 120.23152, 22.97811 ], [ 120.23151, 22.97811 ], [ 120.23151, 22.97808 ], [ 120.23152, 22.97811 ] ] ], [ [ [ 120.23153, 22.97811 ], [ 120.23153, 22.97812 ], [ 120.23152, 22.97811 ], [ 120.23153, 22.97811 ] ] ], [ [ [ 120.23138, 22.97827 ], [ 120.23138, 22.97825 ], [ 120.23139, 22.97825 ], [ 120.23138, 22.97827 ] ] ], [ [ [ 120.23138, 22.97832 ], [ 120.23137, 22.97832 ], [ 120.23137, 22.9783 ], [ 120.23138, 22.97832 ] ] ], [ [ [ 120.23114, 22.97847 ], [ 120.23115, 22.97847 ], [ 120.23114, 22.97848 ], [ 120.23114, 22.97847 ] ] ], [ [ [ 120.23123, 22.97849 ], [ 120.23123, 22.97848 ], [ 120.23124, 22.97848 ], [ 120.23123, 22.97849 ] ] ], [ [ [ 120.23123, 22.97852 ], [ 120.23123, 22.97851 ], [ 120.23124, 22.97851 ], [ 120.23123, 22.97852 ] ] ], [ [ [ 120.23137, 22.97855 ], [ 120.23137, 22.97854 ], [ 120.23138, 22.97854 ], [ 120.23137, 22.97855 ] ] ], [ [ [ 120.23123, 22.97856 ], [ 120.23122, 22.97856 ], [ 120.23122, 22.97855 ], [ 120.23123, 22.97856 ] ] ], [ [ [ 120.23139, 22.97857 ], [ 120.23138, 22.97857 ], [ 120.23138, 22.97856 ], [ 120.23139, 22.97857 ] ] ], [ [ [ 120.23139, 22.97865 ], [ 120.23141, 22.97865 ], [ 120.23141, 22.97868 ], [ 120.23139, 22.97865 ] ] ] ] }, { "type": "MultiLineString", "coordinates": [ [ [ 120.23083, 22.97886 ], [ 120.23084, 22.97886 ] ], [ [ 120.23125, 22.97847 ], [ 120.23124, 22.97847 ] ], [ [ 120.23122, 22.97854 ], [ 120.23123, 22.97852 ] ], [ [ 120.23123, 22.97856 ], [ 120.23124, 22.97856 ] ] ] }, { "type": "MultiPoint", "coordinates": [ [ 120.2309, 22.97887 ], [ 120.23098, 22.97888 ] ] } ] } },
{ "type": "Feature", "properties": { "park_id": 217, "scenario": "2026-07-21 11:00:00 CST", "solar_alt": 74.553791940997598, "solar_az": 96.018416276456904, "canopy_min": 2.0 }, "geometry": { "type": "Polygon", "coordinates": [ [ [ 120.19703, 22.96937 ], [ 120.19704, 22.96937 ], [ 120.19704, 22.96943 ], [ 120.19703, 22.96937 ] ] ] } },
{ "type": "Feature", "properties": { "park_id": 218, "scenario": "2026-07-21 11:00:00 CST", "solar_alt": 74.553791940997598, "solar_az": 96.018416276456904, "canopy_min": 2.0 }, "geometry": { "type": "GeometryCollection", "geometries": [ { "type": "MultiPolygon", "coordinates": [ [ [ [ 120.18725, 22.96667 ], [ 120.18721, 22.96665 ], [ 120.18724, 22.96659 ], [ 120.18725, 22.96667 ] ] ], [ [ [ 120.18725, 22.9668 ], [ 120.18724, 22.96684 ], [ 120.18719, 22.96675 ], [ 120.18722, 22.96671 ], [ 120.18725, 22.9668 ] ] ], [ [ [ 120.18685, 22.96709 ], [ 120.18686, 22.96709 ], [ 120.18686, 22.96711 ], [ 120.18685, 22.96709 ] ] ] ] }, { "type": "MultiLineString", "coordinates": [ [ [ 120.18706, 22.96688 ], [ 120.18707, 22.96688 ] ], [ [ 120.1871, 22.96735 ], [ 120.18712, 22.96735 ] ] ] } ] } },
{ "type": "Feature", "properties": { "park_id": 219, "scenario": "2026-07-21 11:00:00 CST", "solar_alt": 74.553791940997598, "solar_az": 96.018416276456904, "canopy_min": 2.0 }, "geometry": { "type": "Point", "coordinates": [ 120.18648, 22.96534 ] } },
{ "type": "Feature", "properties": { "park_id": 221, "scenario": "2026-07-21 11:00:00 CST", "solar_alt": 74.553791940997598, "solar_az": 96.018416276456904, "canopy_min": 2.0 }, "geometry": { "type": "GeometryCollection", "geometries": [ { "type": "MultiPolygon", "coordinates": [ [ [ [ 120.21552, 22.97613 ], [ 120.21553, 22.97613 ], [ 120.21552, 22.97615 ], [ 120.21552, 22.97613 ] ] ], [ [ [ 120.21553, 22.97622 ], [ 120.21553, 22.9763 ], [ 120.21551, 22.97624 ], [ 120.21553, 22.97622 ] ] ], [ [ [ 120.21536, 22.97627 ], [ 120.21537, 22.97627 ], [ 120.21536, 22.97628 ], [ 120.21536, 22.97627 ] ] ], [ [ [ 120.21542, 22.97638 ], [ 120.21542, 22.97637 ], [ 120.21543, 22.97638 ], [ 120.21542, 22.97638 ] ] ], [ [ [ 120.21533, 22.97639 ], [ 120.21533, 22.9764 ], [ 120.21532, 22.97639 ], [ 120.21533, 22.97639 ] ] ], [ [ [ 120.21532, 22.97653 ], [ 120.21532, 22.97652 ], [ 120.21533, 22.97653 ], [ 120.21532, 22.97653 ] ] ], [ [ [ 120.21532, 22.97654 ], [ 120.21533, 22.97654 ], [ 120.21532, 22.97655 ], [ 120.21532, 22.97654 ] ] ], [ [ [ 120.21538, 22.97656 ], [ 120.2154, 22.97656 ], [ 120.2154, 22.97657 ], [ 120.21538, 22.97656 ] ] ], [ [ [ 120.21559, 22.97584 ], [ 120.21559, 22.97582 ], [ 120.2156, 22.97584 ], [ 120.21559, 22.97584 ] ] ], [ [ [ 120.21558, 22.97587 ], [ 120.21558, 22.97585 ], [ 120.21559, 22.97587 ], [ 120.21558, 22.97587 ] ] ], [ [ [ 120.21558, 22.97589 ], [ 120.21559, 22.97589 ], [ 120.21558, 22.9759 ], [ 120.21558, 22.97589 ] ] ], [ [ [ 120.21553, 22.97597 ], [ 120.21554, 22.97597 ], [ 120.21553, 22.97598 ], [ 120.21553, 22.97597 ] ] ], [ [ [ 120.21557, 22.97601 ], [ 120.21557, 22.97607 ], [ 120.21555, 22.97601 ], [ 120.21557, 22.97601 ] ] ], [ [ [ 120.21552, 22.97617 ], [ 120.21552, 22.97616 ], [ 120.21553, 22.97617 ], [ 120.21552, 22.97617 ] ] ], [ [ [ 120.21552, 22.9762 ], [ 120.21553, 22.9762 ], [ 120.21552, 22.97621 ], [ 120.21552, 22.9762 ] ] ], [ [ [ 120.21553, 22.97631 ], [ 120.21554, 22.97631 ], [ 120.21553, 22.97632 ], [ 120.21553, 22.97631 ] ] ] ] }, { "type": "GeometryCollection", "geometries": [ { "type": "Point", "coordinates": [ 120.21545, 22.97579 ] }, { "type": "LineString", "coordinates": [ [ 120.21541, 22.976 ], [ 120.21541, 22.97599 ] ] }, { "type": "LineString", "coordinates": [ [ 120.21533, 22.97635 ], [ 120.21533, 22.97636 ] ] }, { "type": "LineString", "coordinates": [ [ 120.21547, 22.97657 ], [ 120.21546, 22.97657 ] ] }, { "type": "LineString", "coordinates": [ [ 120.21556, 22.976 ], [ 120.21555, 22.976 ] ] } ] } ] } },
{ "type": "Feature", "properties": { "park_id": 222, "scenario": "2026-07-21 11:00:00 CST", "solar_alt": 74.553791940997598, "solar_az": 96.018416276456904, "canopy_min": 2.0 }, "geometry": { "type": "MultiPolygon", "coordinates": [ [ [ [ 120.18719, 23.00744 ], [ 120.18719, 23.00742 ], [ 120.1872, 23.00742 ], [ 120.18719, 23.00744 ] ] ], [ [ [ 120.18721, 23.00743 ], [ 120.18722, 23.00743 ], [ 120.18722, 23.00744 ], [ 120.18721, 23.00743 ] ] ], [ [ [ 120.18714, 23.00754 ], [ 120.18714, 23.00753 ], [ 120.18715, 23.00753 ], [ 120.18714, 23.00754 ] ] ], [ [ [ 120.18714, 23.00758 ], [ 120.18714, 23.00755 ], [ 120.18715, 23.00755 ], [ 120.18714, 23.00758 ] ] ] ] } },
{ "type": "Feature", "properties": { "park_id": 223, "scenario": "2026-07-21 11:00:00 CST", "solar_alt": 74.553791940997598, "solar_az": 96.018416276456904, "canopy_min": 2.0 }, "geometry": { "type": "GeometryCollection", "geometries": [ { "type": "MultiPolygon", "coordinates": [ [ [ [ 120.1826, 22.98378 ], [ 120.18259, 22.98375 ], [ 120.1826, 22.98374 ], [ 120.1826, 22.98378 ] ] ], [ [ [ 120.18286, 22.9838 ], [ 120.18285, 22.98381 ], [ 120.18285, 22.9838 ], [ 120.18286, 22.9838 ] ] ], [ [ [ 120.18201, 22.98398 ], [ 120.182, 22.984 ], [ 120.182, 22.98398 ], [ 120.18201, 22.98398 ] ] ], [ [ [ 120.18168, 22.98401 ], [ 120.18167, 22.98401 ], [ 120.18168, 22.984 ], [ 120.18168, 22.98401 ] ] ], [ [ [ 120.182, 22.98404 ], [ 120.18199, 22.98404 ], [ 120.18201, 22.98401 ], [ 120.182, 22.98404 ] ] ], [ [ [ 120.18201, 22.98405 ], [ 120.182, 22.98407 ], [ 120.182, 22.98405 ], [ 120.18201, 22.98405 ] ] ], [ [ [ 120.18236, 22.98425 ], [ 120.18237, 22.98422 ], [ 120.18237, 22.98425 ], [ 120.18236, 22.98425 ] ] ], [ [ [ 120.18236, 22.98429 ], [ 120.18237, 22.98426 ], [ 120.18237, 22.98429 ], [ 120.18236, 22.98429 ] ] ], [ [ [ 120.18355, 22.98436 ], [ 120.18354, 22.98436 ], [ 120.18355, 22.98435 ], [ 120.18355, 22.98436 ] ] ], [ [ [ 120.18357, 22.98439 ], [ 120.18356, 22.98439 ], [ 120.18357, 22.98438 ], [ 120.18357, 22.98439 ] ] ] ] }, { "type": "MultiPoint", "coordinates": [ [ 120.18263, 22.98374 ], [ 120.18269, 22.98373 ] ] } ] } },
{ "type": "Feature", "properties": { "park_id": 226, "scenario": "2026-07-21 11:00:00 CST", "solar_alt": 74.553791940997598, "solar_az": 96.018416276456904, "canopy_min": 2.0 }, "geometry": { "type": "MultiPolygon", "coordinates": [ [ [ [ 120.19375, 23.0116 ], [ 120.19374, 23.0116 ], [ 120.19374, 23.01159 ], [ 120.19375, 23.0116 ] ] ], [ [ [ 120.19374, 23.01165 ], [ 120.19373, 23.01165 ], [ 120.19373, 23.01163 ], [ 120.19374, 23.01165 ] ] ] ] } },
{ "type": "Feature", "properties": { "park_id": 227, "scenario": "2026-07-21 11:00:00 CST", "solar_alt": 74.553791940997598, "solar_az": 96.018416276456904, "canopy_min": 2.0 }, "geometry": { "type": "GeometryCollection", "geometries": [ { "type": "MultiPolygon", "coordinates": [ [ [ [ 120.23239, 22.97643 ], [ 120.23238, 22.97643 ], [ 120.23239, 22.97641 ], [ 120.23239, 22.97643 ] ] ], [ [ [ 120.23238, 22.97645 ], [ 120.23238, 22.97655 ], [ 120.23236, 22.97649 ], [ 120.23238, 22.97645 ] ] ], [ [ [ 120.23235, 22.97657 ], [ 120.23236, 22.97657 ], [ 120.23235, 22.97658 ], [ 120.23235, 22.97657 ] ] ], [ [ [ 120.23234, 22.97663 ], [ 120.23235, 22.97663 ], [ 120.23234, 22.97664 ], [ 120.23234, 22.97663 ] ] ], [ [ [ 120.23233, 22.97672 ], [ 120.23232, 22.97672 ], [ 120.23233, 22.97666 ], [ 120.23233, 22.97672 ] ] ], [ [ [ 120.23233, 22.97674 ], [ 120.23232, 22.97674 ], [ 120.23233, 22.97673 ], [ 120.23233, 22.97674 ] ] ], [ [ [ 120.23233, 22.97675 ], [ 120.23233, 22.97676 ], [ 120.23232, 22.97675 ], [ 120.23233, 22.97675 ] ] ], [ [ [ 120.2323, 22.97691 ], [ 120.2323, 22.9769 ], [ 120.23231, 22.97691 ], [ 120.2323, 22.97691 ] ] ], [ [ [ 120.23234, 22.97701 ], [ 120.23235, 22.97701 ], [ 120.23234, 22.97702 ], [ 120.23234, 22.97701 ] ] ], [ [ [ 120.23239, 22.97645 ], [ 120.23238, 22.97645 ], [ 120.23239, 22.97644 ], [ 120.23239, 22.97645 ] ] ], [ [ [ 120.23312, 22.97661 ], [ 120.23311, 22.97661 ], [ 120.23312, 22.9766 ], [ 120.23312, 22.97661 ] ] ], [ [ [ 120.23319, 22.97677 ], [ 120.23318, 22.97677 ], [ 120.23319, 22.97671 ], [ 120.23319, 22.97677 ] ] ], [ [ [ 120.23317, 22.97691 ], [ 120.23316, 22.97691 ], [ 120.23317, 22.9769 ], [ 120.23317, 22.97691 ] ] ], [ [ [ 120.23315, 22.97702 ], [ 120.23316, 22.97702 ], [ 120.23315, 22.97703 ], [ 120.23315, 22.97702 ] ] ], [ [ [ 120.23316, 22.97712 ], [ 120.23314, 22.97711 ], [ 120.23315, 22.97703 ], [ 120.23316, 22.97712 ] ] ], [ [ [ 120.23273, 22.97711 ], [ 120.23273, 22.97709 ], [ 120.23274, 22.97709 ], [ 120.23273, 22.97711 ] ] ], [ [ [ 120.233, 22.97723 ], [ 120.23299, 22.97723 ], [ 120.23299, 22.97717 ], [ 120.233, 22.97723 ] ] ] ] }, { "type": "MultiLineString", "coordinates": [ [ [ 120.23234, 22.97703 ], [ 120.23233, 22.97703 ] ], [ [ 120.23319, 22.97682 ], [ 120.23319, 22.97681 ] ], [ [ 120.23318, 22.97687 ], [ 120.23318, 22.97686 ] ] ] }, { "type": "Point", "coordinates": [ 120.23248, 22.97709 ] } ] } },
{ "type": "Feature", "properties": { "park_id": 229, "scenario": "2026-07-21 11:00:00 CST", "solar_alt": 74.553791940997598, "solar_az": 96.018416276456904, "canopy_min": 2.0 }, "geometry": { "type": "MultiPolygon", "coordinates": [ [ [ [ 120.14865, 22.99672 ], [ 120.14866, 22.99672 ], [ 120.14866, 22.99673 ], [ 120.14865, 22.99672 ] ] ], [ [ [ 120.14867, 22.99673 ], [ 120.14867, 22.99674 ], [ 120.14866, 22.99673 ], [ 120.14867, 22.99673 ] ] ] ] } },
{ "type": "Feature", "properties": { "park_id": 230, "scenario": "2026-07-21 11:00:00 CST", "solar_alt": 74.553791940997598, "solar_az": 96.018416276456904, "canopy_min": 2.0 }, "geometry": { "type": "MultiPolygon", "coordinates": [ [ [ [ 120.15862, 23.00007 ], [ 120.15861, 23.00007 ], [ 120.15861, 23.00001 ], [ 120.15862, 23.00007 ] ] ], [ [ [ 120.1586, 23.00009 ], [ 120.1586, 23.0001 ], [ 120.15859, 23.0001 ], [ 120.1586, 23.00009 ] ] ], [ [ [ 120.15858, 23.00021 ], [ 120.15858, 23.00022 ], [ 120.15857, 23.00022 ], [ 120.15858, 23.00021 ] ] ], [ [ [ 120.15857, 23.00025 ], [ 120.15858, 23.00025 ], [ 120.15858, 23.00028 ], [ 120.15857, 23.00025 ] ] ], [ [ [ 120.15838, 23.0017 ], [ 120.15838, 23.00166 ], [ 120.15839, 23.00166 ], [ 120.15838, 23.0017 ] ] ] ] } },
{ "type": "Feature", "properties": { "park_id": 231, "scenario": "2026-07-21 11:00:00 CST", "solar_alt": 74.553791940997598, "solar_az": 96.018416276456904, "canopy_min": 2.0 }, "geometry": { "type": "MultiPolygon", "coordinates": [ [ [ [ 120.15952, 22.9765 ], [ 120.15952, 22.97649 ], [ 120.15953, 22.97649 ], [ 120.15952, 22.9765 ] ] ], [ [ [ 120.15947, 22.97667 ], [ 120.15941, 22.97664 ], [ 120.15942, 22.97655 ], [ 120.15947, 22.97667 ] ] ], [ [ [ 120.1594, 22.97661 ], [ 120.15941, 22.97661 ], [ 120.15941, 22.97662 ], [ 120.1594, 22.97661 ] ] ], [ [ [ 120.15947, 22.97675 ], [ 120.15948, 22.9767 ], [ 120.1595, 22.97676 ], [ 120.15947, 22.97675 ] ] ], [ [ [ 120.15951, 22.97677 ], [ 120.15952, 22.97677 ], [ 120.15952, 22.97679 ], [ 120.15951, 22.97677 ] ] ], [ [ [ 120.15952, 22.97679 ], [ 120.15953, 22.97679 ], [ 120.15953, 22.97681 ], [ 120.15952, 22.97679 ] ] ], [ [ [ 120.15957, 22.97637 ], [ 120.15956, 22.97637 ], [ 120.15956, 22.97636 ], [ 120.15957, 22.97637 ] ] ], [ [ [ 120.15955, 22.97637 ], [ 120.15956, 22.97637 ], [ 120.15956, 22.97642 ], [ 120.15955, 22.97637 ] ] ], [ [ [ 120.15955, 22.97644 ], [ 120.15956, 22.97644 ], [ 120.15956, 22.97646 ], [ 120.15955, 22.97644 ] ] ], [ [ [ 120.15956, 22.97648 ], [ 120.15955, 22.97648 ], [ 120.15955, 22.97647 ], [ 120.15956, 22.97648 ] ] ], [ [ [ 120.15953, 22.97653 ], [ 120.15953, 22.9765 ], [ 120.15954, 22.9765 ], [ 120.15953, 22.97653 ] ] ] ] } },
{ "type": "Feature", "properties": { "park_id": 233, "scenario": "2026-07-21 11:00:00 CST", "solar_alt": 74.553791940997598, "solar_az": 96.018416276456904, "canopy_min": 2.0 }, "geometry": { "type": "MultiPolygon", "coordinates": [ [ [ [ 120.23529, 22.98154 ], [ 120.23528, 22.98162 ], [ 120.23526, 22.9816 ], [ 120.23529, 22.98154 ] ] ], [ [ [ 120.23528, 22.98162 ], [ 120.23529, 22.98162 ], [ 120.23529, 22.98163 ], [ 120.23528, 22.98162 ] ] ] ] } },
{ "type": "Feature", "properties": { "park_id": 234, "scenario": "2026-07-21 11:00:00 CST", "solar_alt": 74.553791940997598, "solar_az": 96.018416276456904, "canopy_min": 2.0 }, "geometry": { "type": "GeometryCollection", "geometries": [ { "type": "MultiPolygon", "coordinates": [ [ [ [ 120.1963, 23.01506 ], [ 120.1963, 23.01511 ], [ 120.19629, 23.01511 ], [ 120.1963, 23.01506 ] ] ], [ [ [ 120.19649, 23.01524 ], [ 120.1965, 23.01517 ], [ 120.1965, 23.01524 ], [ 120.19649, 23.01524 ] ] ], [ [ [ 120.19676, 23.01532 ], [ 120.19673, 23.01525 ], [ 120.19677, 23.01523 ], [ 120.19676, 23.01532 ] ] ], [ [ [ 120.19676, 23.01537 ], [ 120.19675, 23.01536 ], [ 120.19676, 23.01536 ], [ 120.19676, 23.01537 ] ] ], [ [ [ 120.19645, 23.01542 ], [ 120.19644, 23.01541 ], [ 120.19645, 23.01541 ], [ 120.19645, 23.01542 ] ] ], [ [ [ 120.19669, 23.01545 ], [ 120.19669, 23.01541 ], [ 120.19671, 23.01541 ], [ 120.19669, 23.01545 ] ] ], [ [ [ 120.1966, 23.01548 ], [ 120.19661, 23.01547 ], [ 120.19661, 23.01548 ], [ 120.1966, 23.01548 ] ] ] ] }, { "type": "LineString", "coordinates": [ [ 120.19642, 23.01533 ], [ 120.19643, 23.01533 ] ] } ] } },
{ "type": "Feature", "properties": { "park_id": 235, "scenario": "2026-07-21 11:00:00 CST", "solar_alt": 74.553791940997598, "solar_az": 96.018416276456904, "canopy_min": 2.0 }, "geometry": { "type": "GeometryCollection", "geometries": [ { "type": "MultiPolygon", "coordinates": [ [ [ [ 120.19927, 22.9885 ], [ 120.19928, 22.98849 ], [ 120.19928, 22.9885 ], [ 120.19927, 22.9885 ] ] ], [ [ [ 120.19927, 22.98851 ], [ 120.19929, 22.98854 ], [ 120.19927, 22.98855 ], [ 120.19927, 22.98851 ] ] ], [ [ [ 120.19926, 22.98866 ], [ 120.19925, 22.98866 ], [ 120.19926, 22.98864 ], [ 120.19926, 22.98866 ] ] ], [ [ [ 120.19917, 22.98872 ], [ 120.19919, 22.98869 ], [ 120.19918, 22.98872 ], [ 120.19917, 22.98872 ] ] ], [ [ [ 120.19897, 22.98874 ], [ 120.19898, 22.98874 ], [ 120.19897, 22.98875 ], [ 120.19897, 22.98874 ] ] ], [ [ [ 120.19919, 22.98879 ], [ 120.19915, 22.98879 ], [ 120.1992, 22.98874 ], [ 120.19919, 22.98879 ] ] ], [ [ [ 120.19929, 22.98848 ], [ 120.1993, 22.98846 ], [ 120.1993, 22.98848 ], [ 120.19929, 22.98848 ] ] ], [ [ [ 120.19929, 22.98856 ], [ 120.1993, 22.98856 ], [ 120.1993, 22.98857 ], [ 120.19929, 22.98857 ], [ 120.19929, 22.98856 ] ] ], [ [ [ 120.19929, 22.98858 ], [ 120.19929, 22.98857 ], [ 120.19931, 22.98858 ], [ 120.19929, 22.98858 ] ] ], [ [ [ 120.19932, 22.9886 ], [ 120.19931, 22.98858 ], [ 120.19932, 22.98858 ], [ 120.19932, 22.9886 ] ] ], [ [ [ 120.19933, 22.9886 ], [ 120.19935, 22.98861 ], [ 120.19933, 22.98862 ], [ 120.19933, 22.9886 ] ] ], [ [ [ 120.19936, 22.98862 ], [ 120.19938, 22.98864 ], [ 120.19936, 22.98865 ], [ 120.19936, 22.98862 ] ] ] ] }, { "type": "MultiLineString", "coordinates": [ [ [ 120.19875, 22.9886 ], [ 120.19875, 22.98856 ] ], [ [ 120.19924, 22.98866 ], [ 120.19923, 22.98866 ] ], [ [ 120.19922, 22.98866 ], [ 120.19922, 22.98868 ] ], [ [ 120.19899, 22.98874 ], [ 120.19898, 22.98874 ] ], [ [ 120.19921, 22.98879 ], [ 120.1992, 22.98879 ] ] ] } ] } },
{ "type": "Feature", "properties": { "park_id": 240, "scenario": "2026-07-21 11:00:00 CST", "solar_alt": 74.553791940997598, "solar_az": 96.018416276456904, "canopy_min": 2.0 }, "geometry": { "type": "GeometryCollection", "geometries": [ { "type": "MultiPolygon", "coordinates": [ [ [ [ 120.29917, 23.30815 ], [ 120.29918, 23.30815 ], [ 120.29917, 23.30816 ], [ 120.29917, 23.30815 ] ] ], [ [ [ 120.2993, 23.30823 ], [ 120.29929, 23.3082 ], [ 120.2993, 23.30821 ], [ 120.2993, 23.30823 ] ] ] ] }, { "type": "LineString", "coordinates": [ [ 120.29927, 23.30814 ], [ 120.29926, 23.30814 ] ] }, { "type": "MultiPoint", "coordinates": [ [ 120.29812, 23.30821 ], [ 120.29825, 23.3082 ] ] } ] } },
{ "type": "Feature", "properties": { "park_id": 241, "scenario": "2026-07-21 11:00:00 CST", "solar_alt": 74.553791940997598, "solar_az": 96.018416276456904, "canopy_min": 2.0 }, "geometry": { "type": "MultiPolygon", "coordinates": [ [ [ [ 120.29753, 23.30828 ], [ 120.29753, 23.30829 ], [ 120.29752, 23.30829 ], [ 120.29753, 23.30828 ] ] ], [ [ [ 120.29716, 23.30835 ], [ 120.29716, 23.30829 ], [ 120.29717, 23.30829 ], [ 120.29716, 23.30835 ] ] ], [ [ [ 120.29714, 23.30834 ], [ 120.29714, 23.30831 ], [ 120.29715, 23.30831 ], [ 120.29714, 23.30834 ] ] ] ] } },
{ "type": "Feature", "properties": { "park_id": 242, "scenario": "2026-07-21 11:00:00 CST", "solar_alt": 74.553791940997598, "solar_az": 96.018416276456904, "canopy_min": 2.0 }, "geometry": { "type": "GeometryCollection", "geometries": [ { "type": "MultiPolygon", "coordinates": [ [ [ [ 120.21569, 23.01195 ], [ 120.2157, 23.01195 ], [ 120.2157, 23.01196 ], [ 120.21569, 23.01195 ] ] ], [ [ [ 120.21524, 23.01199 ], [ 120.21521, 23.0121 ], [ 120.21516, 23.01203 ], [ 120.21524, 23.01199 ] ] ], [ [ [ 120.2155, 23.01206 ], [ 120.21551, 23.01206 ], [ 120.21551, 23.01207 ], [ 120.2155, 23.01206 ] ] ], [ [ [ 120.21538, 23.0121 ], [ 120.2154, 23.0121 ], [ 120.21539, 23.01211 ], [ 120.21538, 23.0121 ] ] ] ] }, { "type": "MultiLineString", "coordinates": [ [ [ 120.21547, 23.01185 ], [ 120.21546, 23.01184 ] ], [ [ 120.21558, 23.01204 ], [ 120.21559, 23.01204 ] ], [ [ 120.21549, 23.01209 ], [ 120.2155, 23.01207 ] ] ] } ] } },
{ "type": "Feature", "properties": { "park_id": 243, "scenario": "2026-07-21 11:00:00 CST", "solar_alt": 74.553791940997598, "solar_az": 96.018416276456904, "canopy_min": 2.0 }, "geometry": { "type": "Polygon", "coordinates": [ [ [ 120.29594, 23.30836 ], [ 120.29594, 23.30835 ], [ 120.29595, 23.30835 ], [ 120.29594, 23.30836 ] ] ] } },
{ "type": "Feature", "properties": { "park_id": 244, "scenario": "2026-07-21 11:00:00 CST", "solar_alt": 74.553791940997598, "solar_az": 96.018416276456904, "canopy_min": 2.0 }, "geometry": { "type": "GeometryCollection", "geometries": [ { "type": "MultiPolygon", "coordinates": [ [ [ [ 120.21648, 23.01193 ], [ 120.21647, 23.01193 ], [ 120.21648, 23.01192 ], [ 120.21648, 23.01193 ] ] ], [ [ [ 120.21623, 23.01207 ], [ 120.21624, 23.01207 ], [ 120.21624, 23.01208 ], [ 120.21623, 23.01207 ] ] ], [ [ [ 120.21605, 23.01213 ], [ 120.21605, 23.01218 ], [ 120.21603, 23.01216 ], [ 120.21605, 23.01213 ] ] ] ] }, { "type": "MultiLineString", "coordinates": [ [ [ 120.21589, 23.01192 ], [ 120.21589, 23.01193 ] ], [ [ 120.21591, 23.01208 ], [ 120.21591, 23.01209 ] ], [ [ 120.21593, 23.01219 ], [ 120.21593, 23.0122 ] ] ] }, { "type": "Point", "coordinates": [ 120.21592, 23.01214 ] } ] } },
{ "type": "Feature", "properties": { "park_id": 246, "scenario": "2026-07-21 11:00:00 CST", "solar_alt": 74.553791940997598, "solar_az": 96.018416276456904, "canopy_min": 2.0 }, "geometry": { "type": "GeometryCollection", "geometries": [ { "type": "MultiPolygon", "coordinates": [ [ [ [ 120.14824, 22.98877 ], [ 120.14823, 22.98877 ], [ 120.14823, 22.98876 ], [ 120.14824, 22.98877 ] ] ], [ [ [ 120.14782, 22.98933 ], [ 120.14783, 22.98933 ], [ 120.14783, 22.98937 ], [ 120.14782, 22.98933 ] ] ], [ [ [ 120.14766, 22.98943 ], [ 120.14767, 22.98943 ], [ 120.14767, 22.98944 ], [ 120.14766, 22.98943 ] ] ], [ [ [ 120.14765, 22.98946 ], [ 120.14766, 22.98949 ], [ 120.14765, 22.98949 ], [ 120.14765, 22.98946 ] ] ], [ [ [ 120.14753, 22.98965 ], [ 120.14752, 22.98964 ], [ 120.14753, 22.98964 ], [ 120.14753, 22.98965 ] ] ] ] }, { "type": "LineString", "coordinates": [ [ 120.14753, 22.9896 ], [ 120.14754, 22.98961 ] ] } ] } },
{ "type": "Feature", "properties": { "park_id": 247, "scenario": "2026-07-21 11:00:00 CST", "solar_alt": 74.553791940997598, "solar_az": 96.018416276456904, "canopy_min": 2.0 }, "geometry": { "type": "Polygon", "coordinates": [ [ [ 120.23427, 23.01825 ], [ 120.23425, 23.01825 ], [ 120.23426, 23.01824 ], [ 120.23427, 23.01825 ] ] ] } },
{ "type": "Feature", "properties": { "park_id": 252, "scenario": "2026-07-21 11:00:00 CST", "solar_alt": 74.553791940997598, "solar_az": 96.018416276456904, "canopy_min": 2.0 }, "geometry": { "type": "GeometryCollection", "geometries": [ { "type": "MultiPolygon", "coordinates": [ [ [ [ 120.20092, 23.00352 ], [ 120.20093, 23.00351 ], [ 120.20093, 23.00354 ], [ 120.20092, 23.00352 ] ] ], [ [ [ 120.2007, 23.00363 ], [ 120.2007, 23.00364 ], [ 120.20069, 23.00363 ], [ 120.2007, 23.00363 ] ] ], [ [ [ 120.20072, 23.00381 ], [ 120.20073, 23.00378 ], [ 120.20073, 23.00381 ], [ 120.20072, 23.00381 ] ] ], [ [ [ 120.20044, 23.00381 ], [ 120.20045, 23.0038 ], [ 120.20045, 23.00381 ], [ 120.20044, 23.00381 ] ] ], [ [ [ 120.20073, 23.00382 ], [ 120.20074, 23.00381 ], [ 120.20074, 23.00382 ], [ 120.20073, 23.00382 ] ] ], [ [ [ 120.20056, 23.00383 ], [ 120.20055, 23.00381 ], [ 120.20056, 23.00381 ], [ 120.20056, 23.00383 ] ] ], [ [ [ 120.20076, 23.00387 ], [ 120.20075, 23.00385 ], [ 120.20076, 23.00385 ], [ 120.20076, 23.00387 ] ] ] ] }, { "type": "MultiLineString", "coordinates": [ [ [ 120.20066, 23.00365 ], [ 120.20067, 23.00365 ] ], [ [ 120.20078, 23.00359 ], [ 120.20079, 23.00359 ] ] ] }, { "type": "MultiPoint", "coordinates": [ [ 120.20051, 23.00375 ], [ 120.20054, 23.00373 ], [ 120.20064, 23.00367 ], [ 120.20077, 23.0036 ], [ 120.20094, 23.00351 ], [ 120.20096, 23.0035 ] ] } ] } },
{ "type": "Feature", "properties": { "park_id": 256, "scenario": "2026-07-21 11:00:00 CST", "solar_alt": 74.553791940997598, "solar_az": 96.018416276456904, "canopy_min": 2.0 }, "geometry": { "type": "Polygon", "coordinates": [ [ [ 120.22018, 23.07052 ], [ 120.22017, 23.07052 ], [ 120.22016, 23.07047 ], [ 120.22018, 23.07052 ] ] ] } },
{ "type": "Feature", "properties": { "park_id": 258, "scenario": "2026-07-21 11:00:00 CST", "solar_alt": 74.553791940997598, "solar_az": 96.018416276456904, "canopy_min": 2.0 }, "geometry": { "type": "MultiPolygon", "coordinates": [ [ [ [ 120.2562, 23.09248 ], [ 120.25621, 23.09248 ], [ 120.25621, 23.09249 ], [ 120.2562, 23.09248 ] ] ], [ [ [ 120.25634, 23.09259 ], [ 120.25634, 23.09246 ], [ 120.25635, 23.09246 ], [ 120.25634, 23.09259 ] ] ], [ [ [ 120.25615, 23.09261 ], [ 120.25616, 23.09261 ], [ 120.25616, 23.09264 ], [ 120.25615, 23.09261 ] ] ], [ [ [ 120.25466, 23.09267 ], [ 120.25467, 23.09267 ], [ 120.25467, 23.09268 ], [ 120.25466, 23.09267 ] ] ], [ [ [ 120.25503, 23.09268 ], [ 120.25505, 23.09268 ], [ 120.25505, 23.09269 ], [ 120.25503, 23.09268 ] ] ] ] } },
{ "type": "Feature", "properties": { "park_id": 259, "scenario": "2026-07-21 11:00:00 CST", "solar_alt": 74.553791940997598, "solar_az": 96.018416276456904, "canopy_min": 2.0 }, "geometry": { "type": "MultiPolygon", "coordinates": [ [ [ [ 120.30056, 23.08269 ], [ 120.30055, 23.08269 ], [ 120.30055, 23.08268 ], [ 120.30056, 23.08269 ] ] ], [ [ [ 120.3004, 23.08285 ], [ 120.30037, 23.08285 ], [ 120.30039, 23.08282 ], [ 120.3004, 23.08285 ] ] ] ] } },
{ "type": "Feature", "properties": { "park_id": 260, "scenario": "2026-07-21 11:00:00 CST", "solar_alt": 74.553791940997598, "solar_az": 96.018416276456904, "canopy_min": 2.0 }, "geometry": { "type": "GeometryCollection", "geometries": [ { "type": "LineString", "coordinates": [ [ 120.22779, 23.0184 ], [ 120.22779, 23.01841 ] ] }, { "type": "MultiPoint", "coordinates": [ [ 120.22769, 23.01848 ], [ 120.2277, 23.01847 ], [ 120.22774, 23.01844 ], [ 120.22775, 23.01843 ], [ 120.22779, 23.01871 ] ] } ] } },
{ "type": "Feature", "properties": { "park_id": 261, "scenario": "2026-07-21 11:00:00 CST", "solar_alt": 74.553791940997598, "solar_az": 96.018416276456904, "canopy_min": 2.0 }, "geometry": { "type": "Polygon", "coordinates": [ [ [ 120.30499, 23.03236 ], [ 120.30498, 23.03236 ], [ 120.30496, 23.03232 ], [ 120.30499, 23.03236 ] ] ] } },
{ "type": "Feature", "properties": { "park_id": 262, "scenario": "2026-07-21 11:00:00 CST", "solar_alt": 74.553791940997598, "solar_az": 96.018416276456904, "canopy_min": 2.0 }, "geometry": { "type": "GeometryCollection", "geometries": [ { "type": "MultiPolygon", "coordinates": [ [ [ [ 120.21776, 22.96057 ], [ 120.21772, 22.96054 ], [ 120.21776, 22.96048 ], [ 120.21776, 22.96057 ] ] ], [ [ [ 120.21793, 22.96059 ], [ 120.21793, 22.96062 ], [ 120.21792, 22.96059 ], [ 120.21793, 22.96059 ] ] ] ] }, { "type": "LineString", "coordinates": [ [ 120.21824, 22.96059 ], [ 120.21825, 22.96059 ] ] } ] } },
{ "type": "Feature", "properties": { "park_id": 263, "scenario": "2026-07-21 11:00:00 CST", "solar_alt": 74.553791940997598, "solar_az": 96.018416276456904, "canopy_min": 2.0 }, "geometry": { "type": "GeometryCollection", "geometries": [ { "type": "MultiPolygon", "coordinates": [ [ [ [ 120.19808, 23.01313 ], [ 120.19808, 23.01317 ], [ 120.19807, 23.01313 ], [ 120.19808, 23.01313 ] ] ], [ [ [ 120.19773, 23.01324 ], [ 120.19774, 23.01324 ], [ 120.19774, 23.01325 ], [ 120.19773, 23.01324 ] ] ], [ [ [ 120.19773, 23.01326 ], [ 120.19774, 23.01326 ], [ 120.19774, 23.01327 ], [ 120.19773, 23.01326 ] ] ] ] }, { "type": "LineString", "coordinates": [ [ 120.19803, 23.0133 ], [ 120.19806, 23.0133 ] ] } ] } },
{ "type": "Feature", "properties": { "park_id": 264, "scenario": "2026-07-21 11:00:00 CST", "solar_alt": 74.553791940997598, "solar_az": 96.018416276456904, "canopy_min": 2.0 }, "geometry": { "type": "GeometryCollection", "geometries": [ { "type": "Point", "coordinates": [ 120.18104, 22.99056 ] }, { "type": "MultiPoint", "coordinates": [ [ 120.18085, 22.99058 ], [ 120.18097, 22.99057 ] ] } ] } },
{ "type": "Feature", "properties": { "park_id": 265, "scenario": "2026-07-21 11:00:00 CST", "solar_alt": 74.553791940997598, "solar_az": 96.018416276456904, "canopy_min": 2.0 }, "geometry": { "type": "MultiPolygon", "coordinates": [ [ [ [ 120.30294, 23.10705 ], [ 120.30293, 23.10705 ], [ 120.30293, 23.10704 ], [ 120.30294, 23.10705 ] ] ], [ [ [ 120.30294, 23.10708 ], [ 120.30293, 23.10708 ], [ 120.30293, 23.10707 ], [ 120.30294, 23.10708 ] ] ] ] } },
{ "type": "Feature", "properties": { "park_id": 266, "scenario": "2026-07-21 11:00:00 CST", "solar_alt": 74.553791940997598, "solar_az": 96.018416276456904, "canopy_min": 2.0 }, "geometry": { "type": "GeometryCollection", "geometries": [ { "type": "MultiPolygon", "coordinates": [ [ [ [ 120.21968, 23.01369 ], [ 120.21968, 23.01364 ], [ 120.21969, 23.01369 ], [ 120.21968, 23.01369 ] ] ], [ [ [ 120.21971, 23.01371 ], [ 120.2197, 23.01371 ], [ 120.2197, 23.01364 ], [ 120.21971, 23.01371 ] ] ], [ [ [ 120.21971, 23.01371 ], [ 120.21972, 23.01371 ], [ 120.21972, 23.01372 ], [ 120.21971, 23.01371 ] ] ], [ [ [ 120.21966, 23.01381 ], [ 120.21967, 23.01381 ], [ 120.21967, 23.01384 ], [ 120.21966, 23.01381 ] ] ], [ [ [ 120.21964, 23.01384 ], [ 120.21965, 23.01384 ], [ 120.21965, 23.01385 ], [ 120.21964, 23.01384 ] ] ], [ [ [ 120.21967, 23.01387 ], [ 120.21966, 23.01387 ], [ 120.21966, 23.01386 ], [ 120.21967, 23.01387 ] ] ], [ [ [ 120.2198, 23.01404 ], [ 120.2198, 23.01412 ], [ 120.21978, 23.01411 ], [ 120.2198, 23.01404 ] ] ], [ [ [ 120.21971, 23.01432 ], [ 120.21971, 23.01433 ], [ 120.2197, 23.01433 ], [ 120.21971, 23.01432 ] ] ], [ [ [ 120.21971, 23.01443 ], [ 120.21972, 23.01443 ], [ 120.21972, 23.01445 ], [ 120.21971, 23.01443 ] ] ], [ [ [ 120.21971, 23.01446 ], [ 120.21972, 23.01446 ], [ 120.21971, 23.01447 ], [ 120.21971, 23.01446 ] ] ], [ [ [ 120.21968, 23.01456 ], [ 120.21967, 23.01456 ], [ 120.21968, 23.01455 ], [ 120.21968, 23.01456 ] ] ], [ [ [ 120.21981, 23.01465 ], [ 120.2198, 23.01465 ], [ 120.2198, 23.01463 ], [ 120.21981, 23.01465 ] ] ], [ [ [ 120.21962, 23.01476 ], [ 120.21961, 23.01476 ], [ 120.21962, 23.01475 ], [ 120.21962, 23.01476 ] ] ], [ [ [ 120.2196, 23.01482 ], [ 120.21959, 23.01482 ], [ 120.2196, 23.01481 ], [ 120.2196, 23.01482 ] ] ], [ [ [ 120.21975, 23.01527 ], [ 120.21976, 23.01527 ], [ 120.21976, 23.01529 ], [ 120.21975, 23.01527 ] ] ], [ [ [ 120.22001, 23.01431 ], [ 120.22002, 23.01431 ], [ 120.22001, 23.01432 ], [ 120.22001, 23.01431 ] ] ], [ [ [ 120.21982, 23.01465 ], [ 120.21983, 23.01465 ], [ 120.21983, 23.01472 ], [ 120.21982, 23.01465 ] ] ], [ [ [ 120.21992, 23.01488 ], [ 120.21993, 23.01488 ], [ 120.21993, 23.0149 ], [ 120.21992, 23.01488 ] ] ], [ [ [ 120.21994, 23.01492 ], [ 120.21993, 23.01492 ], [ 120.21993, 23.01491 ], [ 120.21994, 23.01492 ] ] ], [ [ [ 120.2202, 23.0151 ], [ 120.22019, 23.0151 ], [ 120.22019, 23.01509 ], [ 120.2202, 23.0151 ] ] ], [ [ [ 120.21994, 23.01526 ], [ 120.21994, 23.01524 ], [ 120.21995, 23.01524 ], [ 120.21994, 23.01526 ] ] ], [ [ [ 120.21983, 23.01533 ], [ 120.21983, 23.01534 ], [ 120.21982, 23.01533 ], [ 120.21983, 23.01533 ] ] ], [ [ [ 120.22011, 23.01575 ], [ 120.22011, 23.01571 ], [ 120.22012, 23.01571 ], [ 120.22011, 23.01575 ] ] ], [ [ [ 120.22013, 23.01575 ], [ 120.22013, 23.01576 ], [ 120.22012, 23.01576 ], [ 120.22013, 23.01575 ] ] ], [ [ [ 120.22035, 23.01611 ], [ 120.22035, 23.01619 ], [ 120.22032, 23.01619 ], [ 120.22035, 23.01611 ] ] ], [ [ [ 120.22035, 23.0162 ], [ 120.22035, 23.01619 ], [ 120.22036, 23.01619 ], [ 120.22035, 23.0162 ] ] ], [ [ [ 120.22043, 23.01638 ], [ 120.22043, 23.01641 ], [ 120.22042, 23.01638 ], [ 120.22043, 23.01638 ] ] ], [ [ [ 120.22045, 23.01661 ], [ 120.22046, 23.01661 ], [ 120.22046, 23.01663 ], [ 120.22045, 23.01661 ] ] ], [ [ [ 120.22045, 23.01664 ], [ 120.22044, 23.01664 ], [ 120.22044, 23.01663 ], [ 120.22045, 23.01664 ] ] ], [ [ [ 120.22046, 23.01666 ], [ 120.22045, 23.01666 ], [ 120.22044, 23.01665 ], [ 120.22046, 23.01666 ] ] ] ] }, { "type": "MultiLineString", "coordinates": [ [ [ 120.21953, 23.01372 ], [ 120.21953, 23.01371 ] ], [ [ 120.21953, 23.01373 ], [ 120.21953, 23.01374 ] ], [ [ 120.21963, 23.01472 ], [ 120.21962, 23.01472 ] ], [ [ 120.21967, 23.01523 ], [ 120.21967, 23.01522 ] ], [ [ 120.21994, 23.01522 ], [ 120.21994, 23.01524 ] ], [ [ 120.2198, 23.01532 ], [ 120.21979, 23.01532 ] ], [ [ 120.21981, 23.01532 ], [ 120.21981, 23.01533 ] ], [ [ 120.22009, 23.01571 ], [ 120.2201, 23.01571 ] ], [ [ 120.22037, 23.01632 ], [ 120.22039, 23.01632 ] ], [ [ 120.22045, 23.01657 ], [ 120.22046, 23.01657 ] ], [ [ 120.22044, 23.01658 ], [ 120.22044, 23.0166 ] ], [ [ 120.22044, 23.01673 ], [ 120.22044, 23.01674 ] ], [ [ 120.22045, 23.01685 ], [ 120.22045, 23.01684 ] ] ] }, { "type": "MultiPoint", "coordinates": [ [ 120.2196, 23.01406 ], [ 120.21961, 23.01478 ], [ 120.21964, 23.01468 ], [ 120.21966, 23.01522 ], [ 120.21977, 23.0153 ] ] } ] } },
{ "type": "Feature", "properties": { "park_id": 268, "scenario": "2026-07-21 11:00:00 CST", "solar_alt": 74.553791940997598, "solar_az": 96.018416276456904, "canopy_min": 2.0 }, "geometry": { "type": "GeometryCollection", "geometries": [ { "type": "MultiPolygon", "coordinates": [ [ [ [ 120.21378, 22.99273 ], [ 120.21377, 22.99273 ], [ 120.21378, 22.99272 ], [ 120.21378, 22.99273 ] ] ], [ [ [ 120.21381, 22.99283 ], [ 120.21381, 22.99282 ], [ 120.21382, 22.99282 ], [ 120.21381, 22.99283 ] ] ] ] }, { "type": "LineString", "coordinates": [ [ 120.21379, 22.99239 ], [ 120.21379, 22.99238 ] ] } ] } },
{ "type": "Feature", "properties": { "park_id": 269, "scenario": "2026-07-21 11:00:00 CST", "solar_alt": 74.553791940997598, "solar_az": 96.018416276456904, "canopy_min": 2.0 }, "geometry": { "type": "GeometryCollection", "geometries": [ { "type": "GeometryCollection", "geometries": [ { "type": "LineString", "coordinates": [ [ 120.21498, 22.99636 ], [ 120.21498, 22.99638 ] ] }, { "type": "LineString", "coordinates": [ [ 120.215, 22.99648 ], [ 120.215, 22.99649 ] ] }, { "type": "Point", "coordinates": [ 120.21497, 22.99631 ] } ] }, { "type": "Point", "coordinates": [ 120.21499, 22.99643 ] } ] } },
{ "type": "Feature", "properties": { "park_id": 270, "scenario": "2026-07-21 11:00:00 CST", "solar_alt": 74.553791940997598, "solar_az": 96.018416276456904, "canopy_min": 2.0 }, "geometry": { "type": "Polygon", "coordinates": [ [ [ 120.19627, 22.9766 ], [ 120.19627, 22.97659 ], [ 120.19628, 22.97659 ], [ 120.19627, 22.9766 ] ] ] } },
{ "type": "Feature", "properties": { "park_id": 271, "scenario": "2026-07-21 11:00:00 CST", "solar_alt": 74.553791940997598, "solar_az": 96.018416276456904, "canopy_min": 2.0 }, "geometry": { "type": "GeometryCollection", "geometries": [ { "type": "MultiPolygon", "coordinates": [ [ [ [ 120.24426, 23.00197 ], [ 120.24427, 23.00198 ], [ 120.24426, 23.00198 ], [ 120.24426, 23.00197 ] ] ], [ [ [ 120.24554, 23.00246 ], [ 120.24555, 23.00245 ], [ 120.24555, 23.00246 ], [ 120.24554, 23.00246 ] ] ], [ [ [ 120.24437, 23.00305 ], [ 120.24438, 23.00308 ], [ 120.24437, 23.00308 ], [ 120.24437, 23.00305 ] ] ], [ [ [ 120.24438, 23.00309 ], [ 120.24437, 23.00311 ], [ 120.24437, 23.00309 ], [ 120.24438, 23.00309 ] ] ], [ [ [ 120.24408, 23.00313 ], [ 120.24407, 23.00314 ], [ 120.24407, 23.00313 ], [ 120.24408, 23.00313 ] ] ], [ [ [ 120.24407, 23.00319 ], [ 120.24408, 23.00318 ], [ 120.24408, 23.00319 ], [ 120.24407, 23.00319 ] ] ], [ [ [ 120.24509, 23.00324 ], [ 120.2451, 23.0032 ], [ 120.2451, 23.00324 ], [ 120.24509, 23.00324 ] ] ], [ [ [ 120.24319, 23.00327 ], [ 120.24318, 23.00327 ], [ 120.24319, 23.00326 ], [ 120.24319, 23.00327 ] ] ], [ [ [ 120.24297, 23.0039 ], [ 120.24298, 23.0039 ], [ 120.24297, 23.00391 ], [ 120.24297, 23.0039 ] ] ] ] }, { "type": "Point", "coordinates": [ 120.24428, 23.00197 ] }, { "type": "Point", "coordinates": [ 120.2449, 23.00316 ] } ] } },
{ "type": "Feature", "properties": { "park_id": 272, "scenario": "2026-07-21 11:00:00 CST", "solar_alt": 74.553791940997598, "solar_az": 96.018416276456904, "canopy_min": 2.0 }, "geometry": { "type": "MultiPolygon", "coordinates": [ [ [ [ 120.18737, 22.9613 ], [ 120.18736, 22.9613 ], [ 120.18736, 22.96129 ], [ 120.18737, 22.9613 ] ] ], [ [ [ 120.18736, 22.96142 ], [ 120.18736, 22.96143 ], [ 120.18735, 22.96143 ], [ 120.18736, 22.96142 ] ] ] ] } },
{ "type": "Feature", "properties": { "park_id": 274, "scenario": "2026-07-21 11:00:00 CST", "solar_alt": 74.553791940997598, "solar_az": 96.018416276456904, "canopy_min": 2.0 }, "geometry": { "type": "GeometryCollection", "geometries": [ { "type": "MultiPolygon", "coordinates": [ [ [ [ 120.35942, 22.96144 ], [ 120.35943, 22.96145 ], [ 120.35942, 22.96145 ], [ 120.35942, 22.96144 ] ] ], [ [ [ 120.35942, 22.96155 ], [ 120.35943, 22.96155 ], [ 120.35942, 22.96156 ], [ 120.35942, 22.96155 ] ] ], [ [ [ 120.35933, 22.96166 ], [ 120.35933, 22.96165 ], [ 120.35934, 22.96166 ], [ 120.35933, 22.96166 ] ] ], [ [ [ 120.35932, 22.96168 ], [ 120.35932, 22.96167 ], [ 120.35933, 22.96168 ], [ 120.35932, 22.96168 ] ] ], [ [ [ 120.35852, 22.96273 ], [ 120.35852, 22.96272 ], [ 120.35853, 22.96273 ], [ 120.35852, 22.96273 ] ] ], [ [ [ 120.35853, 22.96273 ], [ 120.35854, 22.96273 ], [ 120.35853, 22.96275 ], [ 120.35853, 22.96273 ] ] ], [ [ [ 120.35728, 22.96305 ], [ 120.35727, 22.96304 ], [ 120.35728, 22.96304 ], [ 120.35728, 22.96305 ] ] ], [ [ [ 120.35938, 22.96305 ], [ 120.35939, 22.96305 ], [ 120.35938, 22.96306 ], [ 120.35938, 22.96305 ] ] ], [ [ [ 120.3613, 22.96254 ], [ 120.3613, 22.96253 ], [ 120.36131, 22.96254 ], [ 120.3613, 22.96254 ] ] ], [ [ [ 120.35993, 22.96326 ], [ 120.35993, 22.96325 ], [ 120.35994, 22.96326 ], [ 120.35993, 22.96326 ] ] ], [ [ [ 120.35992, 22.96337 ], [ 120.35992, 22.96327 ], [ 120.35994, 22.96334 ], [ 120.35992, 22.96337 ] ] ], [ [ [ 120.35992, 22.96351 ], [ 120.35992, 22.9635 ], [ 120.35993, 22.96351 ], [ 120.35992, 22.96351 ] ] ], [ [ [ 120.3599, 22.96354 ], [ 120.3599, 22.96353 ], [ 120.35991, 22.96354 ], [ 120.3599, 22.96354 ] ] ], [ [ [ 120.35991, 22.96357 ], [ 120.35991, 22.96358 ], [ 120.3599, 22.96357 ], [ 120.35991, 22.96357 ] ] ], [ [ [ 120.35989, 22.96358 ], [ 120.35989, 22.9636 ], [ 120.35988, 22.96358 ], [ 120.35989, 22.96358 ] ] ] ] }, { "type": "GeometryCollection", "geometries": [ { "type": "Point", "coordinates": [ 120.35757, 22.96188 ] }, { "type": "LineString", "coordinates": [ [ 120.35743, 22.96194 ], [ 120.35742, 22.96194 ] ] }, { "type": "LineString", "coordinates": [ [ 120.35709, 22.96263 ], [ 120.35709, 22.96262 ] ] }, { "type": "LineString", "coordinates": [ [ 120.35722, 22.96295 ], [ 120.35722, 22.96294 ] ] }, { "type": "LineString", "coordinates": [ [ 120.3575, 22.96343 ], [ 120.3575, 22.96344 ] ] }, { "type": "LineString", "coordinates": [ [ 120.35758, 22.96357 ], [ 120.35757, 22.96357 ] ] }, { "type": "LineString", "coordinates": [ [ 120.35839, 22.96153 ], [ 120.35838, 22.96153 ] ] }, { "type": "LineString", "coordinates": [ [ 120.35837, 22.96154 ], [ 120.35836, 22.96154 ] ] }, { "type": "LineString", "coordinates": [ [ 120.35791, 22.96174 ], [ 120.3579, 22.96174 ] ] }, { "type": "LineString", "coordinates": [ [ 120.35759, 22.96359 ], [ 120.35758, 22.96359 ] ] }, { "type": "LineString", "coordinates": [ [ 120.35765, 22.9637 ], [ 120.35765, 22.96371 ] ] }, { "type": "LineString", "coordinates": [ [ 120.35813, 22.96393 ], [ 120.35812, 22.96393 ] ] }, { "type": "LineString", "coordinates": [ [ 120.35832, 22.96395 ], [ 120.35831, 22.96395 ] ] }, { "type": "LineString", "coordinates": [ [ 120.35868, 22.9614 ], [ 120.35868, 22.96141 ] ] } ] }, { "type": "MultiPoint", "coordinates": [ [ 120.35707, 22.96268 ], [ 120.35707, 22.96269 ], [ 120.35708, 22.96265 ], [ 120.35708, 22.96271 ], [ 120.3571, 22.9626 ], [ 120.35711, 22.96257 ], [ 120.35713, 22.96279 ], [ 120.35714, 22.96281 ], [ 120.35715, 22.96283 ], [ 120.35716, 22.96284 ], [ 120.35721, 22.96293 ], [ 120.35723, 22.96296 ], [ 120.35745, 22.96193 ], [ 120.35747, 22.96192 ], [ 120.35751, 22.96345 ], [ 120.35752, 22.96347 ], [ 120.35759, 22.96187 ], [ 120.3576, 22.9636 ], [ 120.35761, 22.96186 ], [ 120.35764, 22.96369 ], [ 120.35766, 22.96372 ], [ 120.35772, 22.96382 ], [ 120.35773, 22.96384 ], [ 120.35774, 22.96181 ], [ 120.35776, 22.9618 ], [ 120.35793, 22.96173 ], [ 120.35803, 22.96392 ], [ 120.35805, 22.96167 ], [ 120.35807, 22.96166 ], [ 120.35822, 22.9616 ], [ 120.35822, 22.96394 ], [ 120.35839, 22.96398 ], [ 120.35853, 22.96147 ], [ 120.35884, 22.96133 ], [ 120.35899, 22.96127 ], [ 120.3593, 22.96114 ], [ 120.36081, 22.96138 ], [ 120.36085, 22.96137 ], [ 120.361, 22.96133 ] ] } ] } },
{ "type": "Feature", "properties": { "park_id": 275, "scenario": "2026-07-21 11:00:00 CST", "solar_alt": 74.553791940997598, "solar_az": 96.018416276456904, "canopy_min": 2.0 }, "geometry": { "type": "GeometryCollection", "geometries": [ { "type": "MultiPolygon", "coordinates": [ [ [ [ 120.18919, 22.96748 ], [ 120.18918, 22.96748 ], [ 120.18918, 22.96747 ], [ 120.18919, 22.96748 ] ] ], [ [ [ 120.18906, 22.9675 ], [ 120.18906, 22.96748 ], [ 120.18907, 22.96748 ], [ 120.18906, 22.9675 ] ] ], [ [ [ 120.18914, 22.96754 ], [ 120.18914, 22.96756 ], [ 120.18913, 22.96755 ], [ 120.18914, 22.96754 ] ] ], [ [ [ 120.1892, 22.96756 ], [ 120.1892, 22.96757 ], [ 120.18919, 22.96756 ], [ 120.1892, 22.96756 ] ] ] ] }, { "type": "MultiLineString", "coordinates": [ [ [ 120.18915, 22.96756 ], [ 120.18914, 22.96756 ] ], [ [ 120.18916, 22.96756 ], [ 120.18917, 22.96756 ] ] ] } ] } },
{ "type": "Feature", "properties": { "park_id": 276, "scenario": "2026-07-21 11:00:00 CST", "solar_alt": 74.553791940997598, "solar_az": 96.018416276456904, "canopy_min": 2.0 }, "geometry": { "type": "Polygon", "coordinates": [ [ [ 120.19406, 22.9658 ], [ 120.19407, 22.96584 ], [ 120.19407, 22.96587 ], [ 120.19405, 22.96586 ], [ 120.19406, 22.9658 ] ] ] } },
{ "type": "Feature", "properties": { "park_id": 277, "scenario": "2026-07-21 11:00:00 CST", "solar_alt": 74.553791940997598, "solar_az": 96.018416276456904, "canopy_min": 2.0 }, "geometry": { "type": "MultiLineString", "coordinates": [ [ [ 120.21866, 23.06768 ], [ 120.21867, 23.06768 ] ], [ [ 120.21865, 23.06769 ], [ 120.21864, 23.06769 ] ] ] } },
{ "type": "Feature", "properties": { "park_id": 280, "scenario": "2026-07-21 11:00:00 CST", "solar_alt": 74.553791940997598, "solar_az": 96.018416276456904, "canopy_min": 2.0 }, "geometry": { "type": "Polygon", "coordinates": [ [ [ 120.17197, 22.95965 ], [ 120.17198, 22.95964 ], [ 120.17198, 22.95965 ], [ 120.17197, 22.95965 ] ] ] } },
{ "type": "Feature", "properties": { "park_id": 281, "scenario": "2026-07-21 11:00:00 CST", "solar_alt": 74.553791940997598, "solar_az": 96.018416276456904, "canopy_min": 2.0 }, "geometry": { "type": "MultiPolygon", "coordinates": [ [ [ [ 120.17951, 22.98658 ], [ 120.17951, 22.98652 ], [ 120.17952, 22.98652 ], [ 120.17951, 22.98658 ] ] ], [ [ [ 120.17944, 22.98657 ], [ 120.17945, 22.98657 ], [ 120.17945, 22.98668 ], [ 120.17944, 22.98657 ] ] ], [ [ [ 120.17914, 22.98667 ], [ 120.17914, 22.98671 ], [ 120.17913, 22.98671 ], [ 120.17914, 22.98667 ] ] ] ] } },
{ "type": "Feature", "properties": { "park_id": 282, "scenario": "2026-07-21 11:00:00 CST", "solar_alt": 74.553791940997598, "solar_az": 96.018416276456904, "canopy_min": 2.0 }, "geometry": { "type": "GeometryCollection", "geometries": [ { "type": "LineString", "coordinates": [ [ 120.18096, 22.92067 ], [ 120.18096, 22.92066 ] ] }, { "type": "Point", "coordinates": [ 120.18079, 22.9206 ] } ] } },
{ "type": "Feature", "properties": { "park_id": 283, "scenario": "2026-07-21 11:00:00 CST", "solar_alt": 74.553791940997598, "solar_az": 96.018416276456904, "canopy_min": 2.0 }, "geometry": { "type": "GeometryCollection", "geometries": [ { "type": "MultiPolygon", "coordinates": [ [ [ [ 120.25794, 23.01917 ], [ 120.25795, 23.01916 ], [ 120.25795, 23.01917 ], [ 120.25794, 23.01917 ] ] ], [ [ [ 120.25772, 23.01925 ], [ 120.25771, 23.01925 ], [ 120.25772, 23.01924 ], [ 120.25772, 23.01925 ] ] ], [ [ [ 120.25837, 23.02021 ], [ 120.25838, 23.02021 ], [ 120.25838, 23.02023 ], [ 120.25837, 23.02021 ] ] ] ] }, { "type": "GeometryCollection", "geometries": [ { "type": "Point", "coordinates": [ 120.25779, 23.01922 ] }, { "type": "LineString", "coordinates": [ [ 120.25764, 23.01927 ], [ 120.25763, 23.01927 ] ] }, { "type": "LineString", "coordinates": [ [ 120.25762, 23.01934 ], [ 120.25762, 23.01935 ] ] }, { "type": "LineString", "coordinates": [ [ 120.25766, 23.01944 ], [ 120.25765, 23.01944 ] ] }, { "type": "LineString", "coordinates": [ [ 120.25818, 23.01908 ], [ 120.25818, 23.01909 ] ] }, { "type": "LineString", "coordinates": [ [ 120.25816, 23.01909 ], [ 120.25815, 23.01909 ] ] }, { "type": "LineString", "coordinates": [ [ 120.25803, 23.01914 ], [ 120.25802, 23.01914 ] ] }, { "type": "LineString", "coordinates": [ [ 120.2578, 23.01978 ], [ 120.2578, 23.01977 ] ] }, { "type": "LineString", "coordinates": [ [ 120.25803, 23.02031 ], [ 120.25803, 23.02032 ] ] }, { "type": "LineString", "coordinates": [ [ 120.25867, 23.01892 ], [ 120.25867, 23.01891 ] ] }, { "type": "LineString", "coordinates": [ [ 120.25864, 23.01892 ], [ 120.25864, 23.01893 ] ] }, { "type": "LineString", "coordinates": [ [ 120.25852, 23.01897 ], [ 120.25851, 23.01897 ] ] }, { "type": "LineString", "coordinates": [ [ 120.25846, 23.01899 ], [ 120.25847, 23.01899 ] ] }, { "type": "LineString", "coordinates": [ [ 120.25839, 23.01901 ], [ 120.25838, 23.01901 ] ] }, { "type": "LineString", "coordinates": [ [ 120.25834, 23.01903 ], [ 120.25833, 23.01903 ] ] }, { "type": "LineString", "coordinates": [ [ 120.25826, 23.01906 ], [ 120.25825, 23.01906 ] ] } ] }, { "type": "MultiPoint", "coordinates": [ [ 120.2576, 23.0193 ], [ 120.25761, 23.01928 ], [ 120.25764, 23.01939 ], [ 120.25767, 23.01948 ], [ 120.25769, 23.01925 ], [ 120.25769, 23.01953 ], [ 120.25771, 23.01957 ], [ 120.25773, 23.01962 ], [ 120.25775, 23.01966 ], [ 120.25776, 23.01923 ], [ 120.25777, 23.01971 ], [ 120.25779, 23.01975 ], [ 120.25781, 23.0198 ], [ 120.25784, 23.0192 ], [ 120.25787, 23.01919 ], [ 120.25792, 23.01917 ], [ 120.258, 23.01915 ], [ 120.25801, 23.02027 ], [ 120.25805, 23.02036 ], [ 120.2582, 23.01908 ], [ 120.25823, 23.01907 ], [ 120.25828, 23.01905 ], [ 120.25831, 23.01904 ], [ 120.25836, 23.01902 ], [ 120.25844, 23.019 ], [ 120.25857, 23.01895 ], [ 120.25859, 23.01894 ], [ 120.25872, 23.0189 ], [ 120.2588, 23.01887 ] ] } ] } },
{ "type": "Feature", "properties": { "park_id": 284, "scenario": "2026-07-21 11:00:00 CST", "solar_alt": 74.553791940997598, "solar_az": 96.018416276456904, "canopy_min": 2.0 }, "geometry": { "type": "GeometryCollection", "geometries": [ { "type": "MultiPolygon", "coordinates": [ [ [ [ 120.24119, 22.9906 ], [ 120.2412, 22.9906 ], [ 120.2412, 22.99061 ], [ 120.24119, 22.9906 ] ] ], [ [ [ 120.24119, 22.99067 ], [ 120.24119, 22.99062 ], [ 120.2412, 22.99067 ], [ 120.24119, 22.99067 ] ] ], [ [ [ 120.24122, 22.99067 ], [ 120.24122, 22.99069 ], [ 120.24121, 22.99067 ], [ 120.24122, 22.99067 ] ] ], [ [ [ 120.24123, 22.99069 ], [ 120.24123, 22.9907 ], [ 120.24122, 22.9907 ], [ 120.24122, 22.99069 ], [ 120.24123, 22.99069 ] ] ], [ [ [ 120.24122, 22.99071 ], [ 120.24122, 22.9907 ], [ 120.24124, 22.99071 ], [ 120.24122, 22.99071 ] ] ], [ [ [ 120.24124, 22.99075 ], [ 120.24123, 22.99075 ], [ 120.24125, 22.99073 ], [ 120.24124, 22.99075 ] ] ], [ [ [ 120.2431, 22.99048 ], [ 120.24311, 22.99049 ], [ 120.2431, 22.99049 ], [ 120.2431, 22.99048 ] ] ], [ [ [ 120.24226, 22.99073 ], [ 120.24226, 22.99071 ], [ 120.24227, 22.99073 ], [ 120.24226, 22.99073 ] ] ], [ [ [ 120.24124, 22.99079 ], [ 120.24124, 22.99075 ], [ 120.24125, 22.99079 ], [ 120.24124, 22.99079 ] ] ], [ [ [ 120.24208, 22.99084 ], [ 120.24209, 22.99088 ], [ 120.24208, 22.99088 ], [ 120.24208, 22.99084 ] ] ], [ [ [ 120.24444, 22.99088 ], [ 120.24444, 22.99087 ], [ 120.24445, 22.99088 ], [ 120.24444, 22.99088 ] ] ], [ [ [ 120.24209, 22.99094 ], [ 120.24209, 22.9909 ], [ 120.2421, 22.99094 ], [ 120.24209, 22.99094 ] ] ] ] }, { "type": "LineString", "coordinates": [ [ 120.24118, 22.99064 ], [ 120.24118, 22.99058 ] ] } ] } },
{ "type": "Feature", "properties": { "park_id": 285, "scenario": "2026-07-21 11:00:00 CST", "solar_alt": 74.553791940997598, "solar_az": 96.018416276456904, "canopy_min": 2.0 }, "geometry": { "type": "Point", "coordinates": [ 120.21056, 23.01922 ] } },
{ "type": "Feature", "properties": { "park_id": 286, "scenario": "2026-07-21 11:00:00 CST", "solar_alt": 74.553791940997598, "solar_az": 96.018416276456904, "canopy_min": 2.0 }, "geometry": { "type": "GeometryCollection", "geometries": [ { "type": "MultiPolygon", "coordinates": [ [ [ [ 120.22962, 22.97545 ], [ 120.22965, 22.97544 ], [ 120.22965, 22.9755 ], [ 120.22962, 22.97545 ] ] ], [ [ [ 120.22983, 22.97554 ], [ 120.22979, 22.97569 ], [ 120.22979, 22.97561 ], [ 120.22983, 22.97554 ] ] ], [ [ [ 120.22976, 22.97563 ], [ 120.22978, 22.97562 ], [ 120.22978, 22.97568 ], [ 120.22976, 22.97563 ] ] ], [ [ [ 120.22973, 22.9758 ], [ 120.2297, 22.97577 ], [ 120.22971, 22.97573 ], [ 120.22972, 22.97573 ], [ 120.22973, 22.9758 ] ] ], [ [ [ 120.22989, 22.97578 ], [ 120.2299, 22.97577 ], [ 120.2299, 22.97578 ], [ 120.22989, 22.97578 ] ] ] ] }, { "type": "GeometryCollection", "geometries": [ { "type": "Point", "coordinates": [ 120.22939, 22.97572 ] }, { "type": "LineString", "coordinates": [ [ 120.22937, 22.97577 ], [ 120.22937, 22.97576 ] ] }, { "type": "LineString", "coordinates": [ [ 120.22935, 22.97581 ], [ 120.22935, 22.9758 ] ] }, { "type": "LineString", "coordinates": [ [ 120.22941, 22.97567 ], [ 120.22941, 22.97568 ] ] } ] }, { "type": "MultiPoint", "coordinates": [ [ 120.22934, 22.97583 ], [ 120.22936, 22.97578 ], [ 120.22938, 22.97574 ] ] } ] } },
{ "type": "Feature", "properties": { "park_id": 287, "scenario": "2026-07-21 11:00:00 CST", "solar_alt": 74.553791940997598, "solar_az": 96.018416276456904, "canopy_min": 2.0 }, "geometry": { "type": "GeometryCollection", "geometries": [ { "type": "MultiPolygon", "coordinates": [ [ [ [ 120.21016, 23.02997 ], [ 120.21015, 23.02997 ], [ 120.21016, 23.02995 ], [ 120.21016, 23.02997 ] ] ], [ [ [ 120.21062, 23.03005 ], [ 120.21061, 23.03005 ], [ 120.21062, 23.03004 ], [ 120.21062, 23.03005 ] ] ] ] }, { "type": "MultiLineString", "coordinates": [ [ [ 120.21039, 23.0302 ], [ 120.21039, 23.03021 ] ], [ [ 120.21019, 23.03041 ], [ 120.21018, 23.03041 ] ], [ [ 120.21024, 23.03042 ], [ 120.21023, 23.03042 ] ] ] }, { "type": "MultiPoint", "coordinates": [ [ 120.21043, 23.03046 ], [ 120.21048, 23.03047 ], [ 120.21053, 23.03048 ], [ 120.21058, 23.03049 ] ] } ] } },
{ "type": "Feature", "properties": { "park_id": 289, "scenario": "2026-07-21 11:00:00 CST", "solar_alt": 74.553791940997598, "solar_az": 96.018416276456904, "canopy_min": 2.0 }, "geometry": { "type": "GeometryCollection", "geometries": [ { "type": "MultiPolygon", "coordinates": [ [ [ [ 120.21706, 23.01489 ], [ 120.21705, 23.01489 ], [ 120.21705, 23.01488 ], [ 120.21706, 23.01489 ] ] ], [ [ [ 120.21704, 23.01493 ], [ 120.21703, 23.01492 ], [ 120.21704, 23.01492 ], [ 120.21704, 23.01493 ] ] ], [ [ [ 120.21703, 23.01495 ], [ 120.21704, 23.01494 ], [ 120.21704, 23.01495 ], [ 120.21703, 23.01495 ] ] ], [ [ [ 120.2173, 23.01511 ], [ 120.2173, 23.01512 ], [ 120.21729, 23.01512 ], [ 120.2173, 23.01511 ] ] ], [ [ [ 120.21737, 23.01531 ], [ 120.21738, 23.01532 ], [ 120.21737, 23.01532 ], [ 120.21737, 23.01531 ] ] ], [ [ [ 120.21738, 23.01549 ], [ 120.21739, 23.0155 ], [ 120.21738, 23.0155 ], [ 120.21738, 23.01549 ] ] ] ] }, { "type": "MultiLineString", "coordinates": [ [ [ 120.21693, 23.015 ], [ 120.21693, 23.01502 ] ], [ [ 120.21695, 23.01548 ], [ 120.21695, 23.01547 ] ] ] }, { "type": "MultiPoint", "coordinates": [ [ 120.21697, 23.01563 ], [ 120.21698, 23.01564 ], [ 120.21713, 23.0148 ] ] } ] } },
{ "type": "Feature", "properties": { "park_id": 292, "scenario": "2026-07-21 11:00:00 CST", "solar_alt": 74.553791940997598, "solar_az": 96.018416276456904, "canopy_min": 2.0 }, "geometry": { "type": "GeometryCollection", "geometries": [ { "type": "Polygon", "coordinates": [ [ [ 120.23679, 23.0241 ], [ 120.23678, 23.02412 ], [ 120.23678, 23.0241 ], [ 120.23679, 23.0241 ] ] ] }, { "type": "GeometryCollection", "geometries": [ { "type": "Point", "coordinates": [ 120.23672, 23.02377 ] }, { "type": "LineString", "coordinates": [ [ 120.23669, 23.02383 ], [ 120.23668, 23.02383 ] ] }, { "type": "LineString", "coordinates": [ [ 120.23643, 23.02424 ], [ 120.23643, 23.02423 ] ] } ] }, { "type": "MultiPoint", "coordinates": [ [ 120.2364, 23.02428 ], [ 120.23655, 23.02405 ], [ 120.23658, 23.024 ], [ 120.23662, 23.02394 ], [ 120.23666, 23.02388 ], [ 120.2367, 23.02381 ] ] } ] } },
{ "type": "Feature", "properties": { "park_id": 294, "scenario": "2026-07-21 11:00:00 CST", "solar_alt": 74.553791940997598, "solar_az": 96.018416276456904, "canopy_min": 2.0 }, "geometry": { "type": "GeometryCollection", "geometries": [ { "type": "MultiPolygon", "coordinates": [ [ [ [ 120.17061, 22.99544 ], [ 120.17062, 22.99546 ], [ 120.17061, 22.99546 ], [ 120.17061, 22.99544 ] ] ], [ [ [ 120.17074, 22.99546 ], [ 120.17075, 22.99547 ], [ 120.17074, 22.99547 ], [ 120.17074, 22.99546 ] ] ], [ [ [ 120.17082, 22.99553 ], [ 120.17083, 22.9956 ], [ 120.17082, 22.9956 ], [ 120.17082, 22.99553 ] ] ], [ [ [ 120.17076, 22.99572 ], [ 120.17075, 22.99567 ], [ 120.17077, 22.99566 ], [ 120.17076, 22.99572 ] ] ], [ [ [ 120.17074, 22.99577 ], [ 120.17075, 22.99578 ], [ 120.17074, 22.99578 ], [ 120.17074, 22.99577 ] ] ], [ [ [ 120.17086, 22.99582 ], [ 120.17087, 22.99586 ], [ 120.17086, 22.99586 ], [ 120.17086, 22.99582 ] ] ], [ [ [ 120.17075, 22.99589 ], [ 120.17076, 22.99585 ], [ 120.17076, 22.99589 ], [ 120.17075, 22.99589 ] ] ], [ [ [ 120.17085, 22.99583 ], [ 120.17087, 22.99591 ], [ 120.17084, 22.9959 ], [ 120.17084, 22.99583 ], [ 120.17085, 22.99583 ] ] ], [ [ [ 120.17078, 22.99589 ], [ 120.17077, 22.99589 ], [ 120.17078, 22.99587 ], [ 120.17078, 22.99589 ] ] ] ] }, { "type": "MultiLineString", "coordinates": [ [ [ 120.1707, 22.99537 ], [ 120.17071, 22.99537 ] ], [ [ 120.17058, 22.99596 ], [ 120.17058, 22.99597 ] ], [ [ 120.17081, 22.99536 ], [ 120.17079, 22.99536 ] ] ] }, { "type": "MultiPoint", "coordinates": [ [ 120.17054, 22.99554 ], [ 120.17056, 22.99571 ] ] } ] } },
{ "type": "Feature", "properties": { "park_id": 295, "scenario": "2026-07-21 11:00:00 CST", "solar_alt": 74.553791940997598, "solar_az": 96.018416276456904, "canopy_min": 2.0 }, "geometry": { "type": "GeometryCollection", "geometries": [ { "type": "MultiPolygon", "coordinates": [ [ [ [ 120.53443, 23.091 ], [ 120.53443, 23.09102 ], [ 120.53442, 23.09102 ], [ 120.53443, 23.091 ] ] ], [ [ [ 120.53216, 23.09173 ], [ 120.53216, 23.09174 ], [ 120.53215, 23.09174 ], [ 120.53216, 23.09173 ] ] ], [ [ [ 120.53217, 23.09176 ], [ 120.53217, 23.09177 ], [ 120.53216, 23.09177 ], [ 120.53217, 23.09176 ] ] ], [ [ [ 120.53298, 23.09209 ], [ 120.53298, 23.0921 ], [ 120.53297, 23.0921 ], [ 120.53298, 23.09209 ] ] ] ] }, { "type": "GeometryCollection", "geometries": [ { "type": "Point", "coordinates": [ 120.53248, 23.091 ] }, { "type": "LineString", "coordinates": [ [ 120.53215, 23.09173 ], [ 120.53214, 23.09173 ] ] }, { "type": "LineString", "coordinates": [ [ 120.53465, 23.09087 ], [ 120.53465, 23.09088 ] ] }, { "type": "LineString", "coordinates": [ [ 120.53461, 23.09088 ], [ 120.5346, 23.09088 ] ] }, { "type": "LineString", "coordinates": [ [ 120.53457, 23.09089 ], [ 120.53456, 23.09089 ] ] }, { "type": "LineString", "coordinates": [ [ 120.53453, 23.0909 ], [ 120.53452, 23.0909 ] ] }, { "type": "LineString", "coordinates": [ [ 120.53449, 23.09091 ], [ 120.53448, 23.09091 ] ] }, { "type": "LineString", "coordinates": [ [ 120.5337, 23.09101 ], [ 120.53369, 23.09101 ] ] }, { "type": "LineString", "coordinates": [ [ 120.53448, 23.09194 ], [ 120.53448, 23.09195 ] ] }, { "type": "LineString", "coordinates": [ [ 120.53492, 23.0941 ], [ 120.53493, 23.0941 ] ] } ] }, { "type": "MultiPoint", "coordinates": [ [ 120.53173, 23.0928 ], [ 120.53174, 23.09289 ], [ 120.53175, 23.09293 ], [ 120.53177, 23.09299 ], [ 120.5318, 23.09198 ], [ 120.5318, 23.09308 ], [ 120.53181, 23.09193 ], [ 120.53182, 23.09189 ], [ 120.53183, 23.09317 ], [ 120.53185, 23.09326 ], [ 120.53188, 23.09335 ], [ 120.53228, 23.09112 ], [ 120.53386, 23.091 ], [ 120.53403, 23.09099 ], [ 120.53471, 23.09087 ], [ 120.53477, 23.09086 ], [ 120.53483, 23.09085 ] ] } ] } },
{ "type": "Feature", "properties": { "park_id": 297, "scenario": "2026-07-21 11:00:00 CST", "solar_alt": 74.553791940997598, "solar_az": 96.018416276456904, "canopy_min": 2.0 }, "geometry": { "type": "GeometryCollection", "geometries": [ { "type": "MultiPolygon", "coordinates": [ [ [ [ 120.48526, 23.17783 ], [ 120.48526, 23.1778 ], [ 120.48527, 23.1778 ], [ 120.48526, 23.17783 ] ] ], [ [ [ 120.48582, 23.17782 ], [ 120.48582, 23.17787 ], [ 120.48581, 23.17787 ], [ 120.48582, 23.17782 ] ] ], [ [ [ 120.48528, 23.17785 ], [ 120.48528, 23.17786 ], [ 120.48527, 23.17786 ], [ 120.48528, 23.17785 ] ] ], [ [ [ 120.48603, 23.17843 ], [ 120.48603, 23.17844 ], [ 120.48602, 23.17844 ], [ 120.48603, 23.17843 ] ] ] ] }, { "type": "MultiLineString", "coordinates": [ [ [ 120.48529, 23.1784 ], [ 120.48529, 23.17841 ] ], [ [ 120.4853, 23.17858 ], [ 120.4853, 23.17859 ] ] ] } ] } },
{ "type": "Feature", "properties": { "park_id": 298, "scenario": "2026-07-21 11:00:00 CST", "solar_alt": 74.553791940997598, "solar_az": 96.018416276456904, "canopy_min": 2.0 }, "geometry": { "type": "GeometryCollection", "geometries": [ { "type": "MultiPolygon", "coordinates": [ [ [ [ 120.23204, 22.98917 ], [ 120.23203, 22.98917 ], [ 120.23203, 22.98915 ], [ 120.23204, 22.98917 ] ] ], [ [ [ 120.23199, 22.98928 ], [ 120.23199, 22.98924 ], [ 120.23201, 22.98925 ], [ 120.23199, 22.98928 ] ] ], [ [ [ 120.23132, 22.98924 ], [ 120.23135, 22.98923 ], [ 120.23135, 22.98932 ], [ 120.23132, 22.98924 ] ] ], [ [ [ 120.23102, 22.98928 ], [ 120.23102, 22.98929 ], [ 120.23101, 22.98929 ], [ 120.23102, 22.98928 ] ] ], [ [ [ 120.232, 22.98931 ], [ 120.232, 22.98928 ], [ 120.23201, 22.98928 ], [ 120.232, 22.98931 ] ] ], [ [ [ 120.23136, 22.98933 ], [ 120.23136, 22.9893 ], [ 120.23137, 22.9893 ], [ 120.23136, 22.98933 ] ] ], [ [ [ 120.23137, 22.98934 ], [ 120.23137, 22.98933 ], [ 120.23138, 22.98933 ], [ 120.23137, 22.98934 ] ] ], [ [ [ 120.23138, 22.98935 ], [ 120.23139, 22.98934 ], [ 120.23139, 22.98935 ], [ 120.23138, 22.98935 ] ] ], [ [ [ 120.23151, 22.99142 ], [ 120.2315, 22.99143 ], [ 120.2315, 22.99142 ], [ 120.23151, 22.99142 ] ] ], [ [ [ 120.2315, 22.99147 ], [ 120.2315, 22.99143 ], [ 120.23151, 22.99143 ], [ 120.2315, 22.99147 ] ] ], [ [ [ 120.23121, 22.99153 ], [ 120.2312, 22.99153 ], [ 120.2312, 22.99146 ], [ 120.23121, 22.99153 ] ] ], [ [ [ 120.23123, 22.99154 ], [ 120.23123, 22.99156 ], [ 120.23122, 22.99156 ], [ 120.23123, 22.99154 ] ] ], [ [ [ 120.23127, 22.99157 ], [ 120.23127, 22.99159 ], [ 120.23126, 22.99159 ], [ 120.23127, 22.99157 ] ] ], [ [ [ 120.23127, 22.9916 ], [ 120.23127, 22.99159 ], [ 120.23128, 22.99159 ], [ 120.23127, 22.9916 ] ] ], [ [ [ 120.23128, 22.9916 ], [ 120.23128, 22.99161 ], [ 120.23127, 22.99161 ], [ 120.23128, 22.9916 ] ] ], [ [ [ 120.23128, 22.99162 ], [ 120.23128, 22.99161 ], [ 120.23129, 22.99161 ], [ 120.23128, 22.99162 ] ] ], [ [ [ 120.23126, 22.99206 ], [ 120.23127, 22.99203 ], [ 120.23127, 22.99206 ], [ 120.23126, 22.99206 ] ] ], [ [ [ 120.2313, 22.99261 ], [ 120.23132, 22.99254 ], [ 120.23134, 22.99254 ], [ 120.23135, 22.99263 ], [ 120.2313, 22.99261 ] ] ], [ [ [ 120.23216, 22.98966 ], [ 120.23213, 22.98967 ], [ 120.23213, 22.98965 ], [ 120.23216, 22.98966 ] ] ], [ [ [ 120.23208, 22.98972 ], [ 120.23208, 22.98969 ], [ 120.23209, 22.98969 ], [ 120.23208, 22.98972 ] ] ], [ [ [ 120.2321, 22.98974 ], [ 120.2321, 22.98971 ], [ 120.23211, 22.98971 ], [ 120.2321, 22.98974 ] ] ], [ [ [ 120.23209, 22.98974 ], [ 120.23208, 22.98974 ], [ 120.23208, 22.98973 ], [ 120.23209, 22.98974 ] ] ], [ [ [ 120.23216, 22.99006 ], [ 120.23215, 22.99001 ], [ 120.23218, 22.98998 ], [ 120.23219, 22.99006 ], [ 120.23216, 22.99006 ] ] ], [ [ [ 120.23213, 22.99015 ], [ 120.23215, 22.99013 ], [ 120.23215, 22.99017 ], [ 120.23213, 22.99015 ] ] ], [ [ [ 120.2322, 22.99063 ], [ 120.23224, 22.99061 ], [ 120.23224, 22.99065 ], [ 120.23222, 22.99066 ], [ 120.23221, 22.99069 ], [ 120.2322, 22.99063 ] ] ], [ [ [ 120.23223, 22.99066 ], [ 120.23224, 22.9907 ], [ 120.23223, 22.9907 ], [ 120.23223, 22.99066 ] ] ], [ [ [ 120.23225, 22.99081 ], [ 120.23221, 22.99076 ], [ 120.23225, 22.9907 ], [ 120.23225, 22.99081 ] ] ], [ [ [ 120.23214, 22.9913 ], [ 120.23215, 22.99125 ], [ 120.23214, 22.99134 ], [ 120.23212, 22.99125 ], [ 120.23214, 22.9913 ] ] ], [ [ [ 120.23237, 22.99154 ], [ 120.23236, 22.99154 ], [ 120.23236, 22.99153 ], [ 120.23237, 22.99154 ] ] ], [ [ [ 120.23235, 22.99154 ], [ 120.23235, 22.99159 ], [ 120.23233, 22.99158 ], [ 120.23235, 22.99154 ] ] ], [ [ [ 120.23248, 22.9921 ], [ 120.23248, 22.99213 ], [ 120.23247, 22.99213 ], [ 120.23248, 22.9921 ] ] ], [ [ [ 120.23248, 22.99215 ], [ 120.23247, 22.99215 ], [ 120.23247, 22.99214 ], [ 120.23248, 22.99215 ] ] ], [ [ [ 120.23248, 22.99222 ], [ 120.23247, 22.99222 ], [ 120.23246, 22.99216 ], [ 120.23248, 22.99222 ] ] ], [ [ [ 120.23245, 22.99233 ], [ 120.23245, 22.9923 ], [ 120.23246, 22.9923 ], [ 120.23245, 22.99233 ] ] ], [ [ [ 120.23246, 22.99235 ], [ 120.23245, 22.99234 ], [ 120.23246, 22.99234 ], [ 120.23246, 22.99235 ] ] ], [ [ [ 120.23244, 22.99265 ], [ 120.23243, 22.99263 ], [ 120.23244, 22.99263 ], [ 120.23244, 22.99265 ] ] ] ] }, { "type": "MultiLineString", "coordinates": [ [ [ 120.232, 22.98922 ], [ 120.23201, 22.98922 ] ], [ [ 120.23216, 22.98978 ], [ 120.23215, 22.98978 ] ] ] } ] } },
{ "type": "Feature", "properties": { "park_id": 300, "scenario": "2026-07-21 11:00:00 CST", "solar_alt": 74.553791940997598, "solar_az": 96.018416276456904, "canopy_min": 2.0 }, "geometry": { "type": "GeometryCollection", "geometries": [ { "type": "MultiPolygon", "coordinates": [ [ [ [ 120.21112, 22.97777 ], [ 120.21111, 22.97775 ], [ 120.21112, 22.97775 ], [ 120.21112, 22.97777 ] ] ], [ [ [ 120.2111, 22.97777 ], [ 120.21109, 22.97777 ], [ 120.2111, 22.97776 ], [ 120.2111, 22.97777 ] ] ], [ [ [ 120.2111, 22.97779 ], [ 120.2111, 22.9778 ], [ 120.21109, 22.97779 ], [ 120.2111, 22.97779 ] ] ], [ [ [ 120.2114, 22.9779 ], [ 120.21141, 22.97789 ], [ 120.21141, 22.9779 ], [ 120.2114, 22.9779 ] ] ], [ [ [ 120.2114, 22.97793 ], [ 120.2114, 22.97792 ], [ 120.21141, 22.97793 ], [ 120.2114, 22.97793 ] ] ], [ [ [ 120.21142, 22.97793 ], [ 120.21142, 22.97792 ], [ 120.21143, 22.97793 ], [ 120.21142, 22.97793 ] ] ], [ [ [ 120.21236, 22.9762 ], [ 120.21237, 22.97621 ], [ 120.21236, 22.97621 ], [ 120.21236, 22.9762 ] ] ], [ [ [ 120.21231, 22.97635 ], [ 120.2123, 22.97635 ], [ 120.21231, 22.9763 ], [ 120.21231, 22.97635 ] ] ], [ [ [ 120.21229, 22.97639 ], [ 120.21229, 22.9764 ], [ 120.21228, 22.97639 ], [ 120.21229, 22.97639 ] ] ], [ [ [ 120.21229, 22.97643 ], [ 120.21228, 22.97642 ], [ 120.21229, 22.97642 ], [ 120.21229, 22.97643 ] ] ], [ [ [ 120.21215, 22.97659 ], [ 120.21217, 22.97661 ], [ 120.21215, 22.97663 ], [ 120.21215, 22.97659 ] ] ], [ [ [ 120.2121, 22.97695 ], [ 120.21209, 22.97698 ], [ 120.21207, 22.97695 ], [ 120.2121, 22.97695 ] ] ] ] }, { "type": "Point", "coordinates": [ 120.21122, 22.9777 ] }, { "type": "Point", "coordinates": [ 120.21175, 22.978 ] } ] } },
{ "type": "Feature", "properties": { "park_id": 301, "scenario": "2026-07-21 11:00:00 CST", "solar_alt": 74.553791940997598, "solar_az": 96.018416276456904, "canopy_min": 2.0 }, "geometry": { "type": "GeometryCollection", "geometries": [ { "type": "MultiPolygon", "coordinates": [ [ [ [ 120.21112, 22.97777 ], [ 120.21111, 22.97775 ], [ 120.21112, 22.97775 ], [ 120.21112, 22.97777 ] ] ], [ [ [ 120.2111, 22.97777 ], [ 120.21109, 22.97777 ], [ 120.2111, 22.97776 ], [ 120.2111, 22.97777 ] ] ], [ [ [ 120.2111, 22.97779 ], [ 120.2111, 22.9778 ], [ 120.21109, 22.97779 ], [ 120.2111, 22.97779 ] ] ], [ [ [ 120.2114, 22.9779 ], [ 120.21141, 22.97789 ], [ 120.21141, 22.9779 ], [ 120.2114, 22.9779 ] ] ], [ [ [ 120.2114, 22.97793 ], [ 120.2114, 22.97792 ], [ 120.21141, 22.97793 ], [ 120.2114, 22.97793 ] ] ], [ [ [ 120.21142, 22.97793 ], [ 120.21142, 22.97792 ], [ 120.21143, 22.97793 ], [ 120.21142, 22.97793 ] ] ], [ [ [ 120.21236, 22.9762 ], [ 120.21237, 22.97621 ], [ 120.21236, 22.97621 ], [ 120.21236, 22.9762 ] ] ], [ [ [ 120.21231, 22.97635 ], [ 120.2123, 22.97635 ], [ 120.21231, 22.9763 ], [ 120.21231, 22.97635 ] ] ], [ [ [ 120.21229, 22.97639 ], [ 120.21229, 22.9764 ], [ 120.21228, 22.97639 ], [ 120.21229, 22.97639 ] ] ], [ [ [ 120.21229, 22.97643 ], [ 120.21228, 22.97642 ], [ 120.21229, 22.97642 ], [ 120.21229, 22.97643 ] ] ], [ [ [ 120.21215, 22.97659 ], [ 120.21217, 22.97661 ], [ 120.21215, 22.97663 ], [ 120.21215, 22.97659 ] ] ], [ [ [ 120.2121, 22.97695 ], [ 120.21209, 22.97698 ], [ 120.21207, 22.97695 ], [ 120.2121, 22.97695 ] ] ] ] }, { "type": "Point", "coordinates": [ 120.21122, 22.9777 ] }, { "type": "Point", "coordinates": [ 120.21175, 22.978 ] } ] } },
{ "type": "Feature", "properties": { "park_id": 303, "scenario": "2026-07-21 11:00:00 CST", "solar_alt": 74.553791940997598, "solar_az": 96.018416276456904, "canopy_min": 2.0 }, "geometry": { "type": "GeometryCollection", "geometries": [ { "type": "Polygon", "coordinates": [ [ [ 120.23017, 22.99771 ], [ 120.23018, 22.99769 ], [ 120.23018, 22.99771 ], [ 120.23017, 22.99771 ] ] ] }, { "type": "GeometryCollection", "geometries": [ { "type": "Point", "coordinates": [ 120.23007, 22.9975 ] }, { "type": "LineString", "coordinates": [ [ 120.23002, 22.99755 ], [ 120.23001, 22.99755 ] ] }, { "type": "LineString", "coordinates": [ [ 120.23001, 22.99756 ], [ 120.23, 22.99756 ] ] } ] }, { "type": "MultiPoint", "coordinates": [ [ 120.22983, 22.99774 ], [ 120.23002, 22.99754 ], [ 120.23003, 22.99753 ], [ 120.23004, 22.99752 ], [ 120.23005, 22.99751 ], [ 120.23006, 22.9975 ] ] } ] } },
{ "type": "Feature", "properties": { "park_id": 304, "scenario": "2026-07-21 11:00:00 CST", "solar_alt": 74.553791940997598, "solar_az": 96.018416276456904, "canopy_min": 2.0 }, "geometry": { "type": "MultiPolygon", "coordinates": [ [ [ [ 120.22894, 22.9975 ], [ 120.22894, 22.99747 ], [ 120.22895, 22.99747 ], [ 120.22894, 22.9975 ] ] ], [ [ [ 120.22895, 22.99753 ], [ 120.22895, 22.99752 ], [ 120.22896, 22.99752 ], [ 120.22895, 22.99753 ] ] ], [ [ [ 120.22897, 22.99755 ], [ 120.22897, 22.99764 ], [ 120.22895, 22.99764 ], [ 120.22894, 22.9976 ], [ 120.22897, 22.99755 ] ] ], [ [ [ 120.22907, 22.9978 ], [ 120.22907, 22.99781 ], [ 120.22906, 22.99781 ], [ 120.22907, 22.9978 ] ] ], [ [ [ 120.22906, 22.99782 ], [ 120.22905, 22.99782 ], [ 120.22905, 22.99781 ], [ 120.22906, 22.99782 ] ] ], [ [ [ 120.22876, 22.99783 ], [ 120.22877, 22.99778 ], [ 120.22878, 22.99783 ], [ 120.22876, 22.99783 ] ] ], [ [ [ 120.2292, 22.99723 ], [ 120.2292, 22.99724 ], [ 120.22919, 22.99724 ], [ 120.2292, 22.99723 ] ] ], [ [ [ 120.2292, 22.99732 ], [ 120.2292, 22.99733 ], [ 120.22919, 22.99733 ], [ 120.2292, 22.99732 ] ] ], [ [ [ 120.22915, 22.99769 ], [ 120.22915, 22.99766 ], [ 120.22916, 22.99766 ], [ 120.22915, 22.99769 ] ] ], [ [ [ 120.22919, 22.99767 ], [ 120.22919, 22.99768 ], [ 120.22918, 22.99768 ], [ 120.22919, 22.99767 ] ] ], [ [ [ 120.22916, 22.99773 ], [ 120.22916, 22.99769 ], [ 120.22917, 22.99769 ], [ 120.22916, 22.99773 ] ] ] ] } },
{ "type": "Feature", "properties": { "park_id": 308, "scenario": "2026-07-21 11:00:00 CST", "solar_alt": 74.553791940997598, "solar_az": 96.018416276456904, "canopy_min": 2.0 }, "geometry": { "type": "GeometryCollection", "geometries": [ { "type": "MultiLineString", "coordinates": [ [ [ 120.18808, 22.98336 ], [ 120.18809, 22.98336 ] ], [ [ 120.18792, 22.98338 ], [ 120.18793, 22.98338 ] ], [ [ 120.18778, 22.9834 ], [ 120.18777, 22.9834 ] ] ] }, { "type": "MultiPoint", "coordinates": [ [ 120.18748, 22.98348 ], [ 120.18752, 22.98367 ], [ 120.18756, 22.98386 ], [ 120.18757, 22.9839 ], [ 120.1877, 22.9834 ], [ 120.18785, 22.98339 ] ] } ] } },
{ "type": "Feature", "properties": { "park_id": 310, "scenario": "2026-07-21 11:00:00 CST", "solar_alt": 74.553791940997598, "solar_az": 96.018416276456904, "canopy_min": 2.0 }, "geometry": { "type": "GeometryCollection", "geometries": [ { "type": "MultiPolygon", "coordinates": [ [ [ [ 120.18925, 22.98781 ], [ 120.18924, 22.9878 ], [ 120.18926, 22.9878 ], [ 120.18925, 22.98781 ] ] ], [ [ [ 120.18925, 22.98784 ], [ 120.18926, 22.98782 ], [ 120.18926, 22.98784 ], [ 120.18925, 22.98784 ] ] ], [ [ [ 120.18925, 22.98792 ], [ 120.18924, 22.9879 ], [ 120.18925, 22.9879 ], [ 120.18925, 22.98792 ] ] ], [ [ [ 120.18964, 22.988 ], [ 120.18963, 22.988 ], [ 120.18964, 22.98799 ], [ 120.18964, 22.988 ] ] ], [ [ [ 120.18907, 22.98801 ], [ 120.18906, 22.98801 ], [ 120.18907, 22.988 ], [ 120.18907, 22.98801 ] ] ], [ [ [ 120.18958, 22.98807 ], [ 120.18957, 22.98808 ], [ 120.18957, 22.98807 ], [ 120.18958, 22.98807 ] ] ], [ [ [ 120.18958, 22.98811 ], [ 120.18959, 22.98809 ], [ 120.18959, 22.98811 ], [ 120.18958, 22.98811 ] ] ], [ [ [ 120.18978, 22.98813 ], [ 120.18977, 22.98814 ], [ 120.18977, 22.9881 ], [ 120.18978, 22.98813 ] ] ], [ [ [ 120.18947, 22.98834 ], [ 120.18946, 22.98834 ], [ 120.18947, 22.98832 ], [ 120.18947, 22.98834 ] ] ], [ [ [ 120.18956, 22.98845 ], [ 120.18957, 22.98845 ], [ 120.18956, 22.98848 ], [ 120.18956, 22.98845 ] ] ] ] }, { "type": "LineString", "coordinates": [ [ 120.18958, 22.98806 ], [ 120.18957, 22.98806 ] ] } ] } },
{ "type": "Feature", "properties": { "park_id": 311, "scenario": "2026-07-21 11:00:00 CST", "solar_alt": 74.553791940997598, "solar_az": 96.018416276456904, "canopy_min": 2.0 }, "geometry": { "type": "GeometryCollection", "geometries": [ { "type": "Polygon", "coordinates": [ [ [ 120.19175, 22.97853 ], [ 120.19178, 22.97851 ], [ 120.19179, 22.9786 ], [ 120.19177, 22.97861 ], [ 120.19175, 22.97853 ] ] ] }, { "type": "Point", "coordinates": [ 120.19164, 22.97873 ] } ] } },
{ "type": "Feature", "properties": { "park_id": 312, "scenario": "2026-07-21 11:00:00 CST", "solar_alt": 74.553791940997598, "solar_az": 96.018416276456904, "canopy_min": 2.0 }, "geometry": { "type": "MultiPolygon", "coordinates": [ [ [ [ 120.19349, 22.97983 ], [ 120.19349, 22.97984 ], [ 120.19348, 22.97984 ], [ 120.19349, 22.97983 ] ] ], [ [ [ 120.19341, 22.97988 ], [ 120.19341, 22.97991 ], [ 120.1934, 22.97991 ], [ 120.19341, 22.97988 ] ] ], [ [ [ 120.19341, 22.97993 ], [ 120.19341, 22.97991 ], [ 120.19342, 22.97991 ], [ 120.19341, 22.97993 ] ] ] ] } },
{ "type": "Feature", "properties": { "park_id": 316, "scenario": "2026-07-21 11:00:00 CST", "solar_alt": 74.553791940997598, "solar_az": 96.018416276456904, "canopy_min": 2.0 }, "geometry": { "type": "GeometryCollection", "geometries": [ { "type": "MultiPolygon", "coordinates": [ [ [ [ 120.19017, 22.98032 ], [ 120.19018, 22.98039 ], [ 120.19015, 22.98037 ], [ 120.19017, 22.98032 ] ] ], [ [ [ 120.19018, 22.98048 ], [ 120.19019, 22.98048 ], [ 120.19019, 22.98049 ], [ 120.19018, 22.98048 ] ] ], [ [ [ 120.19019, 22.98051 ], [ 120.1902, 22.98051 ], [ 120.1902, 22.98052 ], [ 120.19019, 22.98051 ] ] ], [ [ [ 120.19017, 22.98053 ], [ 120.19018, 22.98052 ], [ 120.19018, 22.98053 ], [ 120.19017, 22.98053 ] ] ], [ [ [ 120.19018, 22.98054 ], [ 120.19019, 22.98053 ], [ 120.19019, 22.98054 ], [ 120.19018, 22.98054 ] ] ] ] }, { "type": "MultiLineString", "coordinates": [ [ [ 120.19003, 22.98009 ], [ 120.19004, 22.98009 ] ], [ [ 120.18971, 22.98064 ], [ 120.18971, 22.98065 ] ] ] }, { "type": "Point", "coordinates": [ 120.18993, 22.98069 ] } ] } },
{ "type": "Feature", "properties": { "park_id": 317, "scenario": "2026-07-21 11:00:00 CST", "solar_alt": 74.553791940997598, "solar_az": 96.018416276456904, "canopy_min": 2.0 }, "geometry": { "type": "GeometryCollection", "geometries": [ { "type": "MultiPolygon", "coordinates": [ [ [ [ 120.41656, 23.34621 ], [ 120.41655, 23.3462 ], [ 120.41656, 23.3462 ], [ 120.41656, 23.34621 ] ] ], [ [ [ 120.41655, 23.34623 ], [ 120.41654, 23.34623 ], [ 120.41655, 23.34622 ], [ 120.41655, 23.34623 ] ] ], [ [ [ 120.41653, 23.34624 ], [ 120.41653, 23.34625 ], [ 120.41652, 23.34624 ], [ 120.41653, 23.34624 ] ] ], [ [ [ 120.41651, 23.34626 ], [ 120.41651, 23.34627 ], [ 120.4165, 23.34626 ], [ 120.41651, 23.34626 ] ] ], [ [ [ 120.41643, 23.34635 ], [ 120.41643, 23.34637 ], [ 120.41642, 23.34635 ], [ 120.41643, 23.34635 ] ] ], [ [ [ 120.41642, 23.34641 ], [ 120.41642, 23.34642 ], [ 120.41641, 23.34641 ], [ 120.41642, 23.34641 ] ] ], [ [ [ 120.41639, 23.34644 ], [ 120.4164, 23.34644 ], [ 120.41639, 23.34645 ], [ 120.41639, 23.34644 ] ] ], [ [ [ 120.41767, 23.34559 ], [ 120.41768, 23.34557 ], [ 120.41768, 23.34559 ], [ 120.41767, 23.34559 ] ] ], [ [ [ 120.41765, 23.34563 ], [ 120.41765, 23.34565 ], [ 120.41764, 23.34563 ], [ 120.41765, 23.34563 ] ] ], [ [ [ 120.41764, 23.34565 ], [ 120.41764, 23.34566 ], [ 120.41763, 23.34565 ], [ 120.41764, 23.34565 ] ] ], [ [ [ 120.41673, 23.34598 ], [ 120.41672, 23.34598 ], [ 120.41673, 23.34597 ], [ 120.41673, 23.34598 ] ] ], [ [ [ 120.4167, 23.34609 ], [ 120.4167, 23.34611 ], [ 120.41669, 23.34609 ], [ 120.4167, 23.34609 ] ] ], [ [ [ 120.41671, 23.34611 ], [ 120.41671, 23.34613 ], [ 120.4167, 23.34611 ], [ 120.41671, 23.34611 ] ] ], [ [ [ 120.41706, 23.34657 ], [ 120.41706, 23.34656 ], [ 120.41707, 23.34657 ], [ 120.41706, 23.34657 ] ] ] ] }, { "type": "MultiLineString", "coordinates": [ [ [ 120.41643, 23.34633 ], [ 120.41644, 23.34633 ] ], [ [ 120.41706, 23.34658 ], [ 120.41707, 23.34658 ] ] ] }, { "type": "MultiPoint", "coordinates": [ [ 120.41643, 23.34649 ], [ 120.4165, 23.34653 ], [ 120.41678, 23.34588 ] ] } ] } },
{ "type": "Feature", "properties": { "park_id": 318, "scenario": "2026-07-21 11:00:00 CST", "solar_alt": 74.553791940997598, "solar_az": 96.018416276456904, "canopy_min": 2.0 }, "geometry": { "type": "MultiPolygon", "coordinates": [ [ [ [ 120.24594, 22.98795 ], [ 120.24593, 22.98795 ], [ 120.24593, 22.98794 ], [ 120.24594, 22.98795 ] ] ], [ [ [ 120.24616, 22.98799 ], [ 120.24615, 22.98799 ], [ 120.24615, 22.98796 ], [ 120.24616, 22.98799 ] ] ], [ [ [ 120.24616, 22.98801 ], [ 120.24615, 22.98801 ], [ 120.24615, 22.988 ], [ 120.24616, 22.98801 ] ] ], [ [ [ 120.24664, 22.98803 ], [ 120.24663, 22.98803 ], [ 120.24663, 22.98799 ], [ 120.24664, 22.98803 ] ] ], [ [ [ 120.24616, 22.98805 ], [ 120.24615, 22.98805 ], [ 120.24615, 22.98802 ], [ 120.24616, 22.98805 ] ] ], [ [ [ 120.24607, 22.98814 ], [ 120.24606, 22.98814 ], [ 120.24606, 22.98812 ], [ 120.24607, 22.98814 ] ] ], [ [ [ 120.24662, 22.98821 ], [ 120.24661, 22.98821 ], [ 120.24661, 22.9882 ], [ 120.24662, 22.98821 ] ] ], [ [ [ 120.24533, 22.98874 ], [ 120.24533, 22.98875 ], [ 120.24532, 22.98875 ], [ 120.24533, 22.98874 ] ] ], [ [ [ 120.24608, 22.98879 ], [ 120.24607, 22.98879 ], [ 120.24607, 22.98878 ], [ 120.24608, 22.98879 ] ] ], [ [ [ 120.24673, 22.98862 ], [ 120.24672, 22.98862 ], [ 120.24672, 22.98861 ], [ 120.24673, 22.98862 ] ] ], [ [ [ 120.24668, 22.98884 ], [ 120.24668, 22.98885 ], [ 120.24667, 22.98885 ], [ 120.24668, 22.98884 ] ] ], [ [ [ 120.24666, 22.98887 ], [ 120.24666, 22.98885 ], [ 120.24667, 22.98885 ], [ 120.24666, 22.98887 ] ] ], [ [ [ 120.24668, 22.98888 ], [ 120.24667, 22.98888 ], [ 120.24667, 22.98887 ], [ 120.24668, 22.98888 ] ] ], [ [ [ 120.2467, 22.98888 ], [ 120.24669, 22.98888 ], [ 120.24669, 22.98887 ], [ 120.2467, 22.98888 ] ] ], [ [ [ 120.24673, 22.98895 ], [ 120.24672, 22.98895 ], [ 120.24672, 22.98894 ], [ 120.24673, 22.98895 ] ] ], [ [ [ 120.24671, 22.98897 ], [ 120.24671, 22.98895 ], [ 120.24673, 22.98896 ], [ 120.24671, 22.98897 ] ] ], [ [ [ 120.2467, 22.98899 ], [ 120.2467, 22.98898 ], [ 120.24671, 22.98898 ], [ 120.2467, 22.98899 ] ] ] ] } },
{ "type": "Feature", "properties": { "park_id": 319, "scenario": "2026-07-21 11:00:00 CST", "solar_alt": 74.553791940997598, "solar_az": 96.018416276456904, "canopy_min": 2.0 }, "geometry": { "type": "GeometryCollection", "geometries": [ { "type": "MultiPolygon", "coordinates": [ [ [ [ 120.24709, 22.9864 ], [ 120.24709, 22.98641 ], [ 120.24708, 22.9864 ], [ 120.24709, 22.9864 ] ] ], [ [ [ 120.24654, 22.98655 ], [ 120.24654, 22.98656 ], [ 120.24653, 22.98655 ], [ 120.24654, 22.98655 ] ] ] ] }, { "type": "LineString", "coordinates": [ [ 120.24707, 22.98633 ], [ 120.24708, 22.98633 ] ] } ] } },
{ "type": "Feature", "properties": { "park_id": 320, "scenario": "2026-07-21 11:00:00 CST", "solar_alt": 74.553791940997598, "solar_az": 96.018416276456904, "canopy_min": 2.0 }, "geometry": { "type": "GeometryCollection", "geometries": [ { "type": "MultiPolygon", "coordinates": [ [ [ [ 120.24196, 22.98276 ], [ 120.24196, 22.98275 ], [ 120.24197, 22.98275 ], [ 120.24196, 22.98276 ] ] ], [ [ [ 120.24196, 22.98277 ], [ 120.24195, 22.98278 ], [ 120.24195, 22.98277 ], [ 120.24196, 22.98277 ] ] ], [ [ [ 120.24196, 22.98283 ], [ 120.24197, 22.98284 ], [ 120.24196, 22.98284 ], [ 120.24196, 22.98283 ] ] ], [ [ [ 120.24197, 22.98284 ], [ 120.24198, 22.98284 ], [ 120.24198, 22.98287 ], [ 120.24197, 22.98284 ] ] ], [ [ [ 120.242, 22.98286 ], [ 120.24199, 22.98292 ], [ 120.24199, 22.98286 ], [ 120.242, 22.98286 ] ] ], [ [ [ 120.24198, 22.98288 ], [ 120.24196, 22.98293 ], [ 120.24197, 22.98288 ], [ 120.24198, 22.98288 ] ] ] ] }, { "type": "LineString", "coordinates": [ [ 120.24204, 22.98269 ], [ 120.24203, 22.98269 ] ] } ] } },
{ "type": "Feature", "properties": { "park_id": 321, "scenario": "2026-07-21 11:00:00 CST", "solar_alt": 74.553791940997598, "solar_az": 96.018416276456904, "canopy_min": 2.0 }, "geometry": { "type": "MultiPolygon", "coordinates": [ [ [ [ 120.24078, 22.98588 ], [ 120.24078, 22.98587 ], [ 120.24079, 22.98587 ], [ 120.24078, 22.98588 ] ] ], [ [ [ 120.24104, 22.98597 ], [ 120.24105, 22.98597 ], [ 120.24105, 22.98599 ], [ 120.24104, 22.98597 ] ] ], [ [ [ 120.24102, 22.98598 ], [ 120.24103, 22.98598 ], [ 120.24103, 22.98601 ], [ 120.24102, 22.98598 ] ] ] ] } },
{ "type": "Feature", "properties": { "park_id": 322, "scenario": "2026-07-21 11:00:00 CST", "solar_alt": 74.553791940997598, "solar_az": 96.018416276456904, "canopy_min": 2.0 }, "geometry": { "type": "GeometryCollection", "geometries": [ { "type": "MultiPolygon", "coordinates": [ [ [ [ 120.21315, 22.97259 ], [ 120.21319, 22.97258 ], [ 120.21319, 22.97262 ], [ 120.21315, 22.97259 ] ] ], [ [ [ 120.21342, 22.97272 ], [ 120.21342, 22.97258 ], [ 120.21345, 22.97273 ], [ 120.21342, 22.97272 ] ] ], [ [ [ 120.21326, 22.97266 ], [ 120.21327, 22.97267 ], [ 120.21326, 22.97267 ], [ 120.21326, 22.97266 ] ] ], [ [ [ 120.21327, 22.97268 ], [ 120.21328, 22.97267 ], [ 120.21328, 22.97268 ], [ 120.21327, 22.97268 ] ] ], [ [ [ 120.21386, 22.97273 ], [ 120.21385, 22.97272 ], [ 120.21386, 22.97272 ], [ 120.21386, 22.97273 ] ] ], [ [ [ 120.21364, 22.97271 ], [ 120.21362, 22.97274 ], [ 120.21361, 22.97272 ], [ 120.21364, 22.97271 ] ] ], [ [ [ 120.21348, 22.97274 ], [ 120.21347, 22.97272 ], [ 120.21348, 22.97272 ], [ 120.21348, 22.97274 ] ] ], [ [ [ 120.21383, 22.97283 ], [ 120.21382, 22.97284 ], [ 120.21382, 22.97281 ], [ 120.21383, 22.97283 ] ] ] ] }, { "type": "MultiLineString", "coordinates": [ [ [ 120.21317, 22.97253 ], [ 120.21317, 22.97252 ] ], [ [ 120.2132, 22.97262 ], [ 120.21321, 22.97262 ] ] ] } ] } },
{ "type": "Feature", "properties": { "park_id": 323, "scenario": "2026-07-21 11:00:00 CST", "solar_alt": 74.553791940997598, "solar_az": 96.018416276456904, "canopy_min": 2.0 }, "geometry": { "type": "GeometryCollection", "geometries": [ { "type": "Polygon", "coordinates": [ [ [ 120.2116, 22.97453 ], [ 120.21161, 22.97452 ], [ 120.21161, 22.97453 ], [ 120.2116, 22.97453 ] ] ] }, { "type": "GeometryCollection", "geometries": [ { "type": "Point", "coordinates": [ 120.21163, 22.97437 ] }, { "type": "LineString", "coordinates": [ [ 120.21162, 22.97444 ], [ 120.21162, 22.97445 ] ] } ] }, { "type": "Point", "coordinates": [ 120.2121, 22.9747 ] } ] } },
{ "type": "Feature", "properties": { "park_id": 324, "scenario": "2026-07-21 11:00:00 CST", "solar_alt": 74.553791940997598, "solar_az": 96.018416276456904, "canopy_min": 2.0 }, "geometry": { "type": "GeometryCollection", "geometries": [ { "type": "MultiPolygon", "coordinates": [ [ [ [ 120.21979, 22.97625 ], [ 120.2198, 22.97625 ], [ 120.21979, 22.97627 ], [ 120.21979, 22.97625 ] ] ], [ [ [ 120.21978, 22.97627 ], [ 120.2198, 22.97633 ], [ 120.21978, 22.97631 ], [ 120.21978, 22.97627 ] ] ] ] }, { "type": "LineString", "coordinates": [ [ 120.21976, 22.9764 ], [ 120.21975, 22.9764 ] ] } ] } },
{ "type": "Feature", "properties": { "park_id": 325, "scenario": "2026-07-21 11:00:00 CST", "solar_alt": 74.553791940997598, "solar_az": 96.018416276456904, "canopy_min": 2.0 }, "geometry": { "type": "GeometryCollection", "geometries": [ { "type": "MultiPolygon", "coordinates": [ [ [ [ 120.22792, 22.97495 ], [ 120.22793, 22.97495 ], [ 120.22793, 22.97496 ], [ 120.22792, 22.97495 ] ] ], [ [ [ 120.22785, 22.97501 ], [ 120.22785, 22.97499 ], [ 120.22786, 22.97499 ], [ 120.22785, 22.97501 ] ] ], [ [ [ 120.22762, 22.97511 ], [ 120.22761, 22.97508 ], [ 120.22765, 22.97506 ], [ 120.22762, 22.97511 ] ] ], [ [ [ 120.22769, 22.97513 ], [ 120.22768, 22.97519 ], [ 120.22768, 22.97513 ], [ 120.22769, 22.97513 ] ] ], [ [ [ 120.22776, 22.97526 ], [ 120.22775, 22.97527 ], [ 120.22775, 22.97526 ], [ 120.22776, 22.97526 ] ] ] ] }, { "type": "MultiPoint", "coordinates": [ [ 120.22767, 22.97504 ], [ 120.22773, 22.975 ], [ 120.22775, 22.97539 ], [ 120.22779, 22.97543 ] ] } ] } },
{ "type": "Feature", "properties": { "park_id": 326, "scenario": "2026-07-21 11:00:00 CST", "solar_alt": 74.553791940997598, "solar_az": 96.018416276456904, "canopy_min": 2.0 }, "geometry": { "type": "MultiPolygon", "coordinates": [ [ [ [ 120.29819, 23.30925 ], [ 120.2982, 23.30925 ], [ 120.2982, 23.30927 ], [ 120.29819, 23.30925 ] ] ], [ [ [ 120.29805, 23.30937 ], [ 120.29806, 23.30937 ], [ 120.29806, 23.30938 ], [ 120.29805, 23.30937 ] ] ], [ [ [ 120.29811, 23.30943 ], [ 120.29812, 23.30943 ], [ 120.29812, 23.30944 ], [ 120.29811, 23.30943 ] ] ], [ [ [ 120.29821, 23.3095 ], [ 120.29822, 23.3095 ], [ 120.29822, 23.30952 ], [ 120.29821, 23.3095 ] ] ], [ [ [ 120.29822, 23.30953 ], [ 120.29822, 23.30954 ], [ 120.29821, 23.30954 ], [ 120.29822, 23.30953 ] ] ], [ [ [ 120.29819, 23.30952 ], [ 120.2982, 23.30952 ], [ 120.2982, 23.30957 ], [ 120.29819, 23.30952 ] ] ], [ [ [ 120.298, 23.30962 ], [ 120.298, 23.30963 ], [ 120.29799, 23.30963 ], [ 120.298, 23.30962 ] ] ], [ [ [ 120.29811, 23.30979 ], [ 120.29812, 23.30979 ], [ 120.29812, 23.3098 ], [ 120.29811, 23.30979 ] ] ] ] } },
{ "type": "Feature", "properties": { "park_id": 328, "scenario": "2026-07-21 11:00:00 CST", "solar_alt": 74.553791940997598, "solar_az": 96.018416276456904, "canopy_min": 2.0 }, "geometry": { "type": "MultiPolygon", "coordinates": [ [ [ [ 120.32435, 23.31592 ], [ 120.32434, 23.31592 ], [ 120.32434, 23.3159 ], [ 120.32435, 23.31592 ] ] ], [ [ [ 120.32436, 23.31595 ], [ 120.32435, 23.31595 ], [ 120.32435, 23.31594 ], [ 120.32436, 23.31595 ] ] ], [ [ [ 120.32434, 23.31601 ], [ 120.32433, 23.31601 ], [ 120.32433, 23.31592 ], [ 120.32434, 23.31601 ] ] ], [ [ [ 120.32436, 23.316 ], [ 120.32435, 23.316 ], [ 120.32435, 23.31598 ], [ 120.32436, 23.316 ] ] ], [ [ [ 120.32437, 23.31621 ], [ 120.32436, 23.31621 ], [ 120.32436, 23.3162 ], [ 120.32437, 23.31621 ] ] ], [ [ [ 120.32435, 23.31621 ], [ 120.32436, 23.31621 ], [ 120.32436, 23.31622 ], [ 120.32435, 23.31621 ] ] ], [ [ [ 120.32437, 23.31622 ], [ 120.32437, 23.31623 ], [ 120.32436, 23.31623 ], [ 120.32436, 23.31622 ], [ 120.32437, 23.31622 ] ] ], [ [ [ 120.32437, 23.31626 ], [ 120.32436, 23.31626 ], [ 120.32436, 23.31625 ], [ 120.32437, 23.31626 ] ] ], [ [ [ 120.32438, 23.31628 ], [ 120.32437, 23.31628 ], [ 120.32437, 23.31626 ], [ 120.32438, 23.31628 ] ] ], [ [ [ 120.32474, 23.31578 ], [ 120.32473, 23.31578 ], [ 120.32474, 23.31576 ], [ 120.32474, 23.31578 ] ] ], [ [ [ 120.32453, 23.31601 ], [ 120.32452, 23.31601 ], [ 120.32452, 23.316 ], [ 120.32453, 23.31601 ] ] ], [ [ [ 120.32454, 23.31604 ], [ 120.32453, 23.31604 ], [ 120.32453, 23.31603 ], [ 120.32454, 23.31604 ] ] ], [ [ [ 120.32454, 23.31608 ], [ 120.32453, 23.31608 ], [ 120.32453, 23.31607 ], [ 120.32454, 23.31608 ] ] ], [ [ [ 120.32453, 23.31612 ], [ 120.32452, 23.31612 ], [ 120.32452, 23.31609 ], [ 120.32453, 23.31612 ] ] ], [ [ [ 120.32465, 23.31629 ], [ 120.32464, 23.31629 ], [ 120.32464, 23.31628 ], [ 120.32465, 23.31629 ] ] ], [ [ [ 120.3244, 23.31627 ], [ 120.32441, 23.31633 ], [ 120.32439, 23.31633 ], [ 120.3244, 23.31627 ] ] ], [ [ [ 120.32464, 23.31633 ], [ 120.32464, 23.3163 ], [ 120.32465, 23.3163 ], [ 120.32464, 23.31633 ] ] ] ] } },
{ "type": "Feature", "properties": { "park_id": 329, "scenario": "2026-07-21 11:00:00 CST", "solar_alt": 74.553791940997598, "solar_az": 96.018416276456904, "canopy_min": 2.0 }, "geometry": { "type": "GeometryCollection", "geometries": [ { "type": "MultiPolygon", "coordinates": [ [ [ [ 120.31475, 23.30873 ], [ 120.31474, 23.30873 ], [ 120.31475, 23.30871 ], [ 120.31475, 23.30873 ] ] ], [ [ [ 120.31471, 23.30873 ], [ 120.31472, 23.30873 ], [ 120.3147, 23.30881 ], [ 120.31471, 23.30873 ] ] ], [ [ [ 120.31483, 23.30886 ], [ 120.31484, 23.30886 ], [ 120.31483, 23.3089 ], [ 120.31483, 23.30886 ] ] ], [ [ [ 120.31485, 23.3089 ], [ 120.31485, 23.30891 ], [ 120.31484, 23.30891 ], [ 120.31485, 23.3089 ] ] ], [ [ [ 120.31487, 23.30897 ], [ 120.31487, 23.30895 ], [ 120.31488, 23.30895 ], [ 120.31487, 23.30897 ] ] ], [ [ [ 120.31384, 23.30902 ], [ 120.31385, 23.30902 ], [ 120.31384, 23.30903 ], [ 120.31384, 23.30902 ] ] ], [ [ [ 120.31493, 23.30919 ], [ 120.31494, 23.30919 ], [ 120.31493, 23.30923 ], [ 120.31493, 23.30919 ] ] ], [ [ [ 120.31494, 23.30925 ], [ 120.31495, 23.30925 ], [ 120.31494, 23.30926 ], [ 120.31494, 23.30925 ] ] ], [ [ [ 120.31422, 23.31005 ], [ 120.31422, 23.31004 ], [ 120.31423, 23.31004 ], [ 120.31422, 23.31005 ] ] ], [ [ [ 120.31468, 23.3101 ], [ 120.31468, 23.31007 ], [ 120.31469, 23.31007 ], [ 120.31468, 23.3101 ] ] ], [ [ [ 120.31465, 23.31019 ], [ 120.31466, 23.31019 ], [ 120.31465, 23.31029 ], [ 120.31465, 23.31019 ] ] ], [ [ [ 120.31586, 23.3089 ], [ 120.3159, 23.30907 ], [ 120.31585, 23.30901 ], [ 120.31586, 23.3089 ] ] ], [ [ [ 120.31587, 23.30906 ], [ 120.31588, 23.30906 ], [ 120.31587, 23.30907 ], [ 120.31587, 23.30906 ] ] ], [ [ [ 120.31588, 23.30908 ], [ 120.31588, 23.30907 ], [ 120.31589, 23.30907 ], [ 120.31588, 23.30908 ] ] ], [ [ [ 120.3159, 23.30917 ], [ 120.3159, 23.30927 ], [ 120.31586, 23.30908 ], [ 120.3159, 23.30917 ] ] ], [ [ [ 120.31589, 23.30928 ], [ 120.31588, 23.30928 ], [ 120.31589, 23.30927 ], [ 120.31589, 23.30928 ] ] ], [ [ [ 120.31588, 23.30928 ], [ 120.3159, 23.3094 ], [ 120.31585, 23.30934 ], [ 120.31588, 23.30928 ] ] ], [ [ [ 120.31585, 23.30948 ], [ 120.31585, 23.30946 ], [ 120.31586, 23.30946 ], [ 120.31585, 23.30948 ] ] ], [ [ [ 120.3159, 23.31027 ], [ 120.31589, 23.31028 ], [ 120.31589, 23.31001 ], [ 120.3159, 23.31027 ] ] ], [ [ [ 120.31588, 23.31029 ], [ 120.31588, 23.31028 ], [ 120.31589, 23.31028 ], [ 120.31588, 23.31029 ] ] ], [ [ [ 120.31583, 23.31051 ], [ 120.31583, 23.3105 ], [ 120.31584, 23.3105 ], [ 120.31583, 23.31051 ] ] ] ] }, { "type": "MultiLineString", "coordinates": [ [ [ 120.3138, 23.30987 ], [ 120.31379, 23.30987 ] ], [ [ 120.31377, 23.31031 ], [ 120.31377, 23.3103 ] ], [ [ 120.31503, 23.31064 ], [ 120.31504, 23.31064 ] ] ] }, { "type": "MultiPoint", "coordinates": [ [ 120.31378, 23.31009 ], [ 120.31381, 23.30965 ], [ 120.31383, 23.30921 ] ] } ] } },
{ "type": "Feature", "properties": { "park_id": 330, "scenario": "2026-07-21 11:00:00 CST", "solar_alt": 74.553791940997598, "solar_az": 96.018416276456904, "canopy_min": 2.0 }, "geometry": { "type": "GeometryCollection", "geometries": [ { "type": "Polygon", "coordinates": [ [ [ 120.23206, 23.00025 ], [ 120.23205, 23.00026 ], [ 120.23205, 23.00025 ], [ 120.23206, 23.00025 ] ] ] }, { "type": "Point", "coordinates": [ 120.23204, 23.00019 ] } ] } },
{ "type": "Feature", "properties": { "park_id": 331, "scenario": "2026-07-21 11:00:00 CST", "solar_alt": 74.553791940997598, "solar_az": 96.018416276456904, "canopy_min": 2.0 }, "geometry": { "type": "Point", "coordinates": [ 120.1928, 22.98267 ] } },
{ "type": "Feature", "properties": { "park_id": 332, "scenario": "2026-07-21 11:00:00 CST", "solar_alt": 74.553791940997598, "solar_az": 96.018416276456904, "canopy_min": 2.0 }, "geometry": { "type": "MultiPolygon", "coordinates": [ [ [ [ 120.1984, 22.98787 ], [ 120.1984, 22.98786 ], [ 120.19841, 22.98786 ], [ 120.1984, 22.98787 ] ] ], [ [ [ 120.19849, 22.98793 ], [ 120.19849, 22.98795 ], [ 120.19848, 22.98795 ], [ 120.19849, 22.98793 ] ] ], [ [ [ 120.19849, 22.98797 ], [ 120.19849, 22.988 ], [ 120.19848, 22.988 ], [ 120.19849, 22.98797 ] ] ], [ [ [ 120.19847, 22.98802 ], [ 120.19847, 22.98801 ], [ 120.19848, 22.98801 ], [ 120.19847, 22.98802 ] ] ], [ [ [ 120.19846, 22.98806 ], [ 120.19846, 22.98807 ], [ 120.19845, 22.98807 ], [ 120.19846, 22.98806 ] ] ], [ [ [ 120.19848, 22.98809 ], [ 120.19848, 22.98811 ], [ 120.19847, 22.98811 ], [ 120.19848, 22.98809 ] ] ], [ [ [ 120.19881, 22.98782 ], [ 120.19882, 22.98782 ], [ 120.19882, 22.98784 ], [ 120.19881, 22.98782 ] ] ], [ [ [ 120.1986, 22.98782 ], [ 120.19859, 22.98788 ], [ 120.19856, 22.98787 ], [ 120.1986, 22.98782 ] ] ], [ [ [ 120.19879, 22.98789 ], [ 120.19879, 22.98793 ], [ 120.19878, 22.98793 ], [ 120.19879, 22.98789 ] ] ], [ [ [ 120.19873, 22.98809 ], [ 120.19873, 22.98808 ], [ 120.19874, 22.98808 ], [ 120.19873, 22.98809 ] ] ], [ [ [ 120.19849, 22.98812 ], [ 120.19849, 22.98813 ], [ 120.19848, 22.98813 ], [ 120.19849, 22.98812 ] ] ], [ [ [ 120.19923, 22.98816 ], [ 120.19922, 22.98816 ], [ 120.19922, 22.98815 ], [ 120.19923, 22.98816 ] ] ] ] } },
{ "type": "Feature", "properties": { "park_id": 333, "scenario": "2026-07-21 11:00:00 CST", "solar_alt": 74.553791940997598, "solar_az": 96.018416276456904, "canopy_min": 2.0 }, "geometry": { "type": "GeometryCollection", "geometries": [ { "type": "MultiPolygon", "coordinates": [ [ [ [ 120.16176, 22.97647 ], [ 120.16175, 22.97647 ], [ 120.16175, 22.97644 ], [ 120.16176, 22.97647 ] ] ], [ [ [ 120.16051, 22.97836 ], [ 120.16051, 22.97835 ], [ 120.16052, 22.97835 ], [ 120.16051, 22.97836 ] ] ], [ [ [ 120.1605, 22.9784 ], [ 120.1605, 22.97837 ], [ 120.16051, 22.97837 ], [ 120.1605, 22.9784 ] ] ], [ [ [ 120.15872, 22.98009 ], [ 120.15871, 22.98009 ], [ 120.15871, 22.98008 ], [ 120.15872, 22.98009 ] ] ], [ [ [ 120.15871, 22.98013 ], [ 120.15872, 22.98013 ], [ 120.15872, 22.98014 ], [ 120.15871, 22.98013 ] ] ], [ [ [ 120.15856, 22.98036 ], [ 120.15856, 22.98035 ], [ 120.15857, 22.98035 ], [ 120.15856, 22.98036 ] ] ], [ [ [ 120.15839, 22.98055 ], [ 120.15838, 22.98055 ], [ 120.15838, 22.98054 ], [ 120.15839, 22.98055 ] ] ], [ [ [ 120.15837, 22.98055 ], [ 120.15838, 22.98056 ], [ 120.15837, 22.98056 ], [ 120.15837, 22.98055 ] ] ], [ [ [ 120.15839, 22.98056 ], [ 120.15838, 22.98057 ], [ 120.15838, 22.98056 ], [ 120.15839, 22.98056 ] ] ], [ [ [ 120.15829, 22.98063 ], [ 120.15828, 22.98063 ], [ 120.15828, 22.98062 ], [ 120.15829, 22.98063 ] ] ], [ [ [ 120.15785, 22.98118 ], [ 120.15784, 22.98118 ], [ 120.15784, 22.98116 ], [ 120.15785, 22.98118 ] ] ], [ [ [ 120.15785, 22.98118 ], [ 120.15786, 22.98118 ], [ 120.15786, 22.98119 ], [ 120.15785, 22.98118 ] ] ], [ [ [ 120.15786, 22.9812 ], [ 120.15785, 22.98121 ], [ 120.15785, 22.9812 ], [ 120.15786, 22.9812 ] ] ], [ [ [ 120.15757, 22.98128 ], [ 120.15758, 22.98129 ], [ 120.15757, 22.98129 ], [ 120.15757, 22.98128 ] ] ], [ [ [ 120.15761, 22.98132 ], [ 120.15761, 22.98133 ], [ 120.1576, 22.98133 ], [ 120.15761, 22.98132 ] ] ], [ [ [ 120.15758, 22.98133 ], [ 120.15757, 22.98133 ], [ 120.15757, 22.98132 ], [ 120.15758, 22.98133 ] ] ], [ [ [ 120.15767, 22.98154 ], [ 120.15767, 22.9815 ], [ 120.15768, 22.9815 ], [ 120.15767, 22.98154 ] ] ], [ [ [ 120.1575, 22.9816 ], [ 120.15751, 22.98159 ], [ 120.15751, 22.9816 ], [ 120.1575, 22.9816 ] ] ], [ [ [ 120.15731, 22.98183 ], [ 120.1573, 22.98184 ], [ 120.1573, 22.98183 ], [ 120.15731, 22.98183 ] ] ], [ [ [ 120.16373, 22.97363 ], [ 120.16373, 22.97361 ], [ 120.16374, 22.97361 ], [ 120.16373, 22.97363 ] ] ], [ [ [ 120.16364, 22.9738 ], [ 120.16363, 22.9738 ], [ 120.16363, 22.97378 ], [ 120.16364, 22.9738 ] ] ], [ [ [ 120.16408, 22.97384 ], [ 120.16409, 22.97384 ], [ 120.16409, 22.97385 ], [ 120.16408, 22.97384 ] ] ], [ [ [ 120.16408, 22.97387 ], [ 120.16408, 22.97386 ], [ 120.16409, 22.97386 ], [ 120.16408, 22.97387 ] ] ], [ [ [ 120.16353, 22.9739 ], [ 120.16353, 22.97387 ], [ 120.16354, 22.97387 ], [ 120.16353, 22.9739 ] ] ], [ [ [ 120.16312, 22.97453 ], [ 120.16312, 22.97451 ], [ 120.16313, 22.97451 ], [ 120.16312, 22.97453 ] ] ], [ [ [ 120.16313, 22.97454 ], [ 120.16313, 22.97456 ], [ 120.16312, 22.97456 ], [ 120.16313, 22.97454 ] ] ], [ [ [ 120.16301, 22.97469 ], [ 120.163, 22.97472 ], [ 120.163, 22.97469 ], [ 120.16301, 22.97469 ] ] ], [ [ [ 120.16324, 22.97491 ], [ 120.16323, 22.97492 ], [ 120.16323, 22.97491 ], [ 120.16324, 22.97491 ] ] ], [ [ [ 120.16278, 22.97496 ], [ 120.16278, 22.97495 ], [ 120.16279, 22.97495 ], [ 120.16278, 22.97496 ] ] ], [ [ [ 120.16267, 22.97507 ], [ 120.16266, 22.97507 ], [ 120.16267, 22.97506 ], [ 120.16267, 22.97507 ] ] ], [ [ [ 120.1626, 22.97516 ], [ 120.16259, 22.97516 ], [ 120.1626, 22.97515 ], [ 120.1626, 22.97516 ] ] ], [ [ [ 120.16278, 22.97525 ], [ 120.16277, 22.97528 ], [ 120.16277, 22.97525 ], [ 120.16278, 22.97525 ] ] ], [ [ [ 120.16288, 22.97536 ], [ 120.16291, 22.97528 ], [ 120.16292, 22.97537 ], [ 120.16288, 22.97536 ] ] ], [ [ [ 120.16271, 22.97561 ], [ 120.1627, 22.97561 ], [ 120.1627, 22.9756 ], [ 120.16271, 22.97561 ] ] ], [ [ [ 120.16264, 22.97568 ], [ 120.16263, 22.97568 ], [ 120.16263, 22.97567 ], [ 120.16264, 22.97568 ] ] ], [ [ [ 120.16193, 22.976 ], [ 120.16193, 22.97603 ], [ 120.16192, 22.97603 ], [ 120.16193, 22.976 ] ] ], [ [ [ 120.16185, 22.97622 ], [ 120.16184, 22.97626 ], [ 120.16184, 22.97622 ], [ 120.16185, 22.97622 ] ] ], [ [ [ 120.16177, 22.97648 ], [ 120.16176, 22.97649 ], [ 120.16176, 22.97648 ], [ 120.16177, 22.97648 ] ] ] ] }, { "type": "MultiLineString", "coordinates": [ [ [ 120.15897, 22.97971 ], [ 120.15896, 22.97971 ] ], [ [ 120.16241, 22.97296 ], [ 120.1624, 22.97296 ] ], [ [ 120.16262, 22.97513 ], [ 120.16261, 22.97513 ] ], [ [ 120.16154, 22.97675 ], [ 120.16154, 22.97676 ] ], [ [ 120.16313, 22.97448 ], [ 120.16312, 22.97448 ] ], [ [ 120.16287, 22.97481 ], [ 120.16287, 22.9748 ] ] ] }, { "type": "MultiPoint", "coordinates": [ [ 120.16152, 22.97682 ], [ 120.1616, 22.97657 ], [ 120.16173, 22.97625 ], [ 120.16174, 22.97624 ], [ 120.16194, 22.97599 ], [ 120.16241, 22.97299 ], [ 120.16288, 22.97354 ], [ 120.16315, 22.97445 ] ] } ] } },
{ "type": "Feature", "properties": { "park_id": 336, "scenario": "2026-07-21 11:00:00 CST", "solar_alt": 74.553791940997598, "solar_az": 96.018416276456904, "canopy_min": 2.0 }, "geometry": { "type": "GeometryCollection", "geometries": [ { "type": "Polygon", "coordinates": [ [ [ 120.22228, 22.99202 ], [ 120.2223, 22.99198 ], [ 120.2223, 22.99202 ], [ 120.22228, 22.99202 ] ] ] }, { "type": "Point", "coordinates": [ 120.22232, 22.99192 ] }, { "type": "Point", "coordinates": [ 120.22251, 22.99236 ] } ] } },
{ "type": "Feature", "properties": { "park_id": 338, "scenario": "2026-07-21 11:00:00 CST", "solar_alt": 74.553791940997598, "solar_az": 96.018416276456904, "canopy_min": 2.0 }, "geometry": { "type": "GeometryCollection", "geometries": [ { "type": "MultiPolygon", "coordinates": [ [ [ [ 120.18482, 22.9609 ], [ 120.18483, 22.9609 ], [ 120.18483, 22.96091 ], [ 120.18482, 22.9609 ] ] ], [ [ [ 120.18519, 22.96102 ], [ 120.18518, 22.96102 ], [ 120.18517, 22.96094 ], [ 120.18519, 22.96102 ] ] ], [ [ [ 120.18521, 22.96103 ], [ 120.18521, 22.96102 ], [ 120.18522, 22.96102 ], [ 120.18521, 22.96103 ] ] ], [ [ [ 120.18481, 22.96111 ], [ 120.18482, 22.96105 ], [ 120.18484, 22.96105 ], [ 120.18481, 22.96111 ] ] ] ] }, { "type": "LineString", "coordinates": [ [ 120.18522, 22.96111 ], [ 120.18523, 22.96111 ] ] } ] } },
{ "type": "Feature", "properties": { "park_id": 339, "scenario": "2026-07-21 11:00:00 CST", "solar_alt": 74.553791940997598, "solar_az": 96.018416276456904, "canopy_min": 2.0 }, "geometry": { "type": "GeometryCollection", "geometries": [ { "type": "MultiPolygon", "coordinates": [ [ [ [ 120.18724, 22.96181 ], [ 120.18724, 22.9618 ], [ 120.18725, 22.96181 ], [ 120.18724, 22.96181 ] ] ], [ [ [ 120.18714, 22.96187 ], [ 120.18716, 22.96185 ], [ 120.18716, 22.96201 ], [ 120.18714, 22.96187 ] ] ], [ [ [ 120.18716, 22.96203 ], [ 120.18718, 22.96191 ], [ 120.18719, 22.962 ], [ 120.18717, 22.96205 ], [ 120.18716, 22.96203 ] ] ] ] }, { "type": "GeometryCollection", "geometries": [ { "type": "Point", "coordinates": [ 120.18728, 22.96179 ] }, { "type": "LineString", "coordinates": [ [ 120.18716, 22.96202 ], [ 120.18716, 22.96203 ] ] } ] } ] } },
{ "type": "Feature", "properties": { "park_id": 341, "scenario": "2026-07-21 11:00:00 CST", "solar_alt": 74.553791940997598, "solar_az": 96.018416276456904, "canopy_min": 2.0 }, "geometry": { "type": "LineString", "coordinates": [ [ 120.18417, 22.96926 ], [ 120.18417, 22.96922 ] ] } },
{ "type": "Feature", "properties": { "park_id": 343, "scenario": "2026-07-21 11:00:00 CST", "solar_alt": 74.553791940997598, "solar_az": 96.018416276456904, "canopy_min": 2.0 }, "geometry": { "type": "GeometryCollection", "geometries": [ { "type": "MultiPolygon", "coordinates": [ [ [ [ 120.18594, 22.97282 ], [ 120.18594, 22.97281 ], [ 120.18595, 22.97281 ], [ 120.18594, 22.97282 ] ] ], [ [ [ 120.18614, 22.97285 ], [ 120.18615, 22.97283 ], [ 120.18615, 22.97285 ], [ 120.18614, 22.97285 ] ] ], [ [ [ 120.18611, 22.9729 ], [ 120.18612, 22.97286 ], [ 120.18612, 22.9729 ], [ 120.18611, 22.9729 ] ] ], [ [ [ 120.18596, 22.97288 ], [ 120.18596, 22.97289 ], [ 120.18595, 22.97289 ], [ 120.18596, 22.97288 ] ] ], [ [ [ 120.18643, 22.9729 ], [ 120.18644, 22.97288 ], [ 120.18644, 22.9729 ], [ 120.18643, 22.9729 ] ] ], [ [ [ 120.18614, 22.97291 ], [ 120.18615, 22.97289 ], [ 120.18615, 22.97291 ], [ 120.18614, 22.97291 ] ] ] ] }, { "type": "LineString", "coordinates": [ [ 120.18651, 22.97284 ], [ 120.1865, 22.97284 ] ] } ] } },
{ "type": "Feature", "properties": { "park_id": 344, "scenario": "2026-07-21 11:00:00 CST", "solar_alt": 74.553791940997598, "solar_az": 96.018416276456904, "canopy_min": 2.0 }, "geometry": { "type": "GeometryCollection", "geometries": [ { "type": "MultiPolygon", "coordinates": [ [ [ [ 120.40352, 23.31739 ], [ 120.40352, 23.31737 ], [ 120.40353, 23.31736 ], [ 120.40352, 23.31739 ] ] ], [ [ [ 120.40353, 23.31741 ], [ 120.40354, 23.31741 ], [ 120.40354, 23.31742 ], [ 120.40353, 23.31741 ] ] ], [ [ [ 120.40364, 23.31764 ], [ 120.40365, 23.31764 ], [ 120.40365, 23.31767 ], [ 120.40364, 23.31764 ] ] ], [ [ [ 120.40366, 23.31769 ], [ 120.40365, 23.3177 ], [ 120.40365, 23.31769 ], [ 120.40366, 23.31769 ] ] ], [ [ [ 120.40369, 23.31775 ], [ 120.4037, 23.31774 ], [ 120.4037, 23.31775 ], [ 120.40369, 23.31775 ] ] ], [ [ [ 120.40345, 23.31793 ], [ 120.40346, 23.31793 ], [ 120.40346, 23.31794 ], [ 120.40345, 23.31793 ] ] ], [ [ [ 120.40342, 23.31805 ], [ 120.40341, 23.31808 ], [ 120.40344, 23.31797 ], [ 120.40342, 23.31805 ] ] ], [ [ [ 120.40327, 23.3182 ], [ 120.40326, 23.31819 ], [ 120.40327, 23.31819 ], [ 120.40327, 23.3182 ] ] ], [ [ [ 120.40326, 23.31842 ], [ 120.40326, 23.31841 ], [ 120.40327, 23.31841 ], [ 120.40326, 23.31842 ] ] ], [ [ [ 120.40357, 23.31858 ], [ 120.40356, 23.31859 ], [ 120.40356, 23.31858 ], [ 120.40357, 23.31858 ] ] ], [ [ [ 120.40347, 23.31874 ], [ 120.40348, 23.31875 ], [ 120.40347, 23.31875 ], [ 120.40347, 23.31874 ] ] ], [ [ [ 120.40353, 23.31881 ], [ 120.40354, 23.31881 ], [ 120.40354, 23.31882 ], [ 120.40353, 23.31881 ] ] ], [ [ [ 120.40373, 23.31904 ], [ 120.40373, 23.31903 ], [ 120.40374, 23.31903 ], [ 120.40373, 23.31904 ] ] ], [ [ [ 120.40374, 23.31905 ], [ 120.40375, 23.31905 ], [ 120.40375, 23.31906 ], [ 120.40374, 23.31905 ] ] ], [ [ [ 120.40378, 23.31912 ], [ 120.40377, 23.3191 ], [ 120.40378, 23.3191 ], [ 120.40378, 23.31912 ] ] ], [ [ [ 120.40436, 23.31708 ], [ 120.40436, 23.31709 ], [ 120.40435, 23.31709 ], [ 120.40436, 23.31708 ] ] ], [ [ [ 120.40414, 23.31719 ], [ 120.40415, 23.31719 ], [ 120.40415, 23.3172 ], [ 120.40414, 23.31719 ] ] ], [ [ [ 120.40452, 23.3172 ], [ 120.4045, 23.31724 ], [ 120.4045, 23.31719 ], [ 120.40452, 23.3172 ] ] ], [ [ [ 120.40416, 23.31726 ], [ 120.40415, 23.31724 ], [ 120.40416, 23.31724 ], [ 120.40416, 23.31726 ] ] ], [ [ [ 120.40451, 23.31724 ], [ 120.40452, 23.31724 ], [ 120.40452, 23.31728 ], [ 120.40451, 23.31724 ] ] ], [ [ [ 120.40458, 23.31735 ], [ 120.40457, 23.31733 ], [ 120.40458, 23.31733 ], [ 120.40458, 23.31735 ] ] ], [ [ [ 120.40459, 23.31738 ], [ 120.40458, 23.31739 ], [ 120.40458, 23.31738 ], [ 120.40459, 23.31738 ] ] ], [ [ [ 120.40463, 23.31753 ], [ 120.40463, 23.31744 ], [ 120.40464, 23.31744 ], [ 120.40463, 23.31753 ] ] ], [ [ [ 120.40465, 23.31757 ], [ 120.40466, 23.31757 ], [ 120.40466, 23.31758 ], [ 120.40465, 23.31757 ] ] ], [ [ [ 120.4038, 23.3178 ], [ 120.4038, 23.31779 ], [ 120.40381, 23.31779 ], [ 120.4038, 23.3178 ] ] ], [ [ [ 120.40382, 23.31782 ], [ 120.40381, 23.3178 ], [ 120.40382, 23.3178 ], [ 120.40382, 23.31782 ] ] ], [ [ [ 120.40393, 23.31801 ], [ 120.40392, 23.31797 ], [ 120.40393, 23.31797 ], [ 120.40393, 23.31801 ] ] ], [ [ [ 120.40391, 23.31805 ], [ 120.40391, 23.31802 ], [ 120.40392, 23.31802 ], [ 120.40391, 23.31805 ] ] ], [ [ [ 120.40379, 23.31913 ], [ 120.40378, 23.31912 ], [ 120.40379, 23.31912 ], [ 120.40379, 23.31913 ] ] ], [ [ [ 120.40381, 23.31927 ], [ 120.40388, 23.31915 ], [ 120.40389, 23.31921 ], [ 120.40381, 23.31927 ] ] ], [ [ [ 120.40474, 23.31778 ], [ 120.40473, 23.31778 ], [ 120.40473, 23.31772 ], [ 120.40474, 23.31778 ] ] ], [ [ [ 120.40474, 23.31784 ], [ 120.40473, 23.31781 ], [ 120.40474, 23.31781 ], [ 120.40474, 23.31784 ] ] ], [ [ [ 120.40478, 23.31787 ], [ 120.40477, 23.31788 ], [ 120.40477, 23.31787 ], [ 120.40478, 23.31787 ] ] ], [ [ [ 120.40478, 23.31791 ], [ 120.40478, 23.31789 ], [ 120.40479, 23.31789 ], [ 120.40478, 23.31791 ] ] ], [ [ [ 120.4048, 23.31795 ], [ 120.40479, 23.31794 ], [ 120.4048, 23.31794 ], [ 120.4048, 23.31795 ] ] ], [ [ [ 120.40481, 23.31796 ], [ 120.4048, 23.31795 ], [ 120.40481, 23.31795 ], [ 120.40481, 23.31796 ] ] ], [ [ [ 120.40482, 23.31802 ], [ 120.40483, 23.31802 ], [ 120.40483, 23.31805 ], [ 120.40482, 23.31802 ] ] ], [ [ [ 120.4049, 23.31811 ], [ 120.40489, 23.31813 ], [ 120.40489, 23.31811 ], [ 120.4049, 23.31811 ] ] ], [ [ [ 120.40474, 23.31813 ], [ 120.40473, 23.31815 ], [ 120.40473, 23.31813 ], [ 120.40474, 23.31813 ] ] ], [ [ [ 120.4049, 23.31814 ], [ 120.40491, 23.31814 ], [ 120.40491, 23.31816 ], [ 120.4049, 23.31814 ] ] ], [ [ [ 120.40472, 23.31815 ], [ 120.40471, 23.31817 ], [ 120.40471, 23.31815 ], [ 120.40472, 23.31815 ] ] ], [ [ [ 120.4047, 23.31819 ], [ 120.40471, 23.31817 ], [ 120.40471, 23.31819 ], [ 120.4047, 23.31819 ] ] ], [ [ [ 120.4047, 23.31824 ], [ 120.4047, 23.3182 ], [ 120.40471, 23.3182 ], [ 120.4047, 23.31824 ] ] ], [ [ [ 120.40472, 23.31824 ], [ 120.40471, 23.31826 ], [ 120.40471, 23.31824 ], [ 120.40472, 23.31824 ] ] ], [ [ [ 120.40483, 23.31831 ], [ 120.40482, 23.31832 ], [ 120.40482, 23.31831 ], [ 120.40483, 23.31831 ] ] ] ] }, { "type": "GeometryCollection", "geometries": [ { "type": "Point", "coordinates": [ 120.40375, 23.31729 ] }, { "type": "LineString", "coordinates": [ [ 120.40441, 23.31707 ], [ 120.4044, 23.31707 ] ] }, { "type": "LineString", "coordinates": [ [ 120.40428, 23.31711 ], [ 120.40427, 23.31711 ] ] }, { "type": "LineString", "coordinates": [ [ 120.40452, 23.31728 ], [ 120.40453, 23.31729 ] ] }, { "type": "LineString", "coordinates": [ [ 120.40382, 23.31783 ], [ 120.40382, 23.31782 ] ] } ] }, { "type": "MultiPoint", "coordinates": [ [ 120.40333, 23.31743 ], [ 120.40367, 23.31732 ], [ 120.40383, 23.31726 ], [ 120.40425, 23.31712 ], [ 120.40433, 23.31709 ], [ 120.40443, 23.31706 ], [ 120.40448, 23.31704 ], [ 120.40451, 23.31703 ] ] } ] } },
{ "type": "Feature", "properties": { "park_id": 345, "scenario": "2026-07-21 11:00:00 CST", "solar_alt": 74.553791940997598, "solar_az": 96.018416276456904, "canopy_min": 2.0 }, "geometry": { "type": "MultiPolygon", "coordinates": [ [ [ [ 120.19243, 22.99555 ], [ 120.19244, 22.99555 ], [ 120.19244, 22.99559 ], [ 120.19243, 22.99555 ] ] ], [ [ [ 120.19242, 22.99559 ], [ 120.19241, 22.99559 ], [ 120.19242, 22.99557 ], [ 120.19242, 22.99559 ] ] ] ] } },
{ "type": "Feature", "properties": { "park_id": 346, "scenario": "2026-07-21 11:00:00 CST", "solar_alt": 74.553791940997598, "solar_az": 96.018416276456904, "canopy_min": 2.0 }, "geometry": { "type": "MultiPolygon", "coordinates": [ [ [ [ 120.19176, 22.99274 ], [ 120.19176, 22.99273 ], [ 120.19177, 22.99273 ], [ 120.19176, 22.99274 ] ] ], [ [ [ 120.19181, 22.99293 ], [ 120.19181, 22.99292 ], [ 120.19182, 22.99292 ], [ 120.19181, 22.99293 ] ] ] ] } },
{ "type": "Feature", "properties": { "park_id": 347, "scenario": "2026-07-21 11:00:00 CST", "solar_alt": 74.553791940997598, "solar_az": 96.018416276456904, "canopy_min": 2.0 }, "geometry": { "type": "MultiPolygon", "coordinates": [ [ [ [ 120.1683, 22.99871 ], [ 120.1683, 22.99873 ], [ 120.16829, 22.99873 ], [ 120.1683, 22.99871 ] ] ], [ [ [ 120.16801, 22.99893 ], [ 120.16804, 22.99892 ], [ 120.16803, 22.99894 ], [ 120.16801, 22.99893 ] ] ], [ [ [ 120.16803, 22.99897 ], [ 120.16803, 22.99896 ], [ 120.16804, 22.99896 ], [ 120.16803, 22.99897 ] ] ] ] } },
{ "type": "Feature", "properties": { "park_id": 348, "scenario": "2026-07-21 11:00:00 CST", "solar_alt": 74.553791940997598, "solar_az": 96.018416276456904, "canopy_min": 2.0 }, "geometry": { "type": "GeometryCollection", "geometries": [ { "type": "MultiPolygon", "coordinates": [ [ [ [ 120.18594, 22.98541 ], [ 120.18593, 22.98542 ], [ 120.18593, 22.98541 ], [ 120.18594, 22.98541 ] ] ], [ [ [ 120.18596, 22.98542 ], [ 120.18595, 22.98543 ], [ 120.18595, 22.98542 ], [ 120.18596, 22.98542 ] ] ], [ [ [ 120.18619, 22.98543 ], [ 120.18618, 22.98546 ], [ 120.18618, 22.98543 ], [ 120.18619, 22.98543 ] ] ], [ [ [ 120.1862, 22.98554 ], [ 120.18621, 22.9855 ], [ 120.18621, 22.98554 ], [ 120.1862, 22.98554 ] ] ], [ [ [ 120.18616, 22.98562 ], [ 120.18617, 22.98559 ], [ 120.18617, 22.98562 ], [ 120.18616, 22.98562 ] ] ], [ [ [ 120.18617, 22.98563 ], [ 120.18616, 22.98564 ], [ 120.18616, 22.98563 ], [ 120.18617, 22.98563 ] ] ], [ [ [ 120.18622, 22.98581 ], [ 120.18617, 22.98567 ], [ 120.18618, 22.98565 ], [ 120.18624, 22.98575 ], [ 120.18622, 22.98581 ] ] ], [ [ [ 120.18626, 22.98583 ], [ 120.18625, 22.98583 ], [ 120.18626, 22.9858 ], [ 120.18626, 22.98583 ] ] ], [ [ [ 120.18629, 22.98591 ], [ 120.18628, 22.98591 ], [ 120.18629, 22.98586 ], [ 120.18629, 22.98591 ] ] ] ] }, { "type": "LineString", "coordinates": [ [ 120.18618, 22.98565 ], [ 120.18617, 22.98565 ] ] } ] } },
{ "type": "Feature", "properties": { "park_id": 349, "scenario": "2026-07-21 11:00:00 CST", "solar_alt": 74.553791940997598, "solar_az": 96.018416276456904, "canopy_min": 2.0 }, "geometry": { "type": "GeometryCollection", "geometries": [ { "type": "MultiPolygon", "coordinates": [ [ [ [ 120.21593, 23.0061 ], [ 120.21594, 23.00609 ], [ 120.21594, 23.0061 ], [ 120.21593, 23.0061 ] ] ], [ [ [ 120.21597, 23.00608 ], [ 120.21596, 23.00611 ], [ 120.21596, 23.00608 ], [ 120.21597, 23.00608 ] ] ], [ [ [ 120.21587, 23.00617 ], [ 120.21586, 23.00618 ], [ 120.21586, 23.00617 ], [ 120.21587, 23.00617 ] ] ], [ [ [ 120.21597, 23.00651 ], [ 120.21596, 23.00651 ], [ 120.21597, 23.0065 ], [ 120.21597, 23.00651 ] ] ], [ [ [ 120.21596, 23.00653 ], [ 120.21597, 23.00653 ], [ 120.21596, 23.00657 ], [ 120.21596, 23.00653 ] ] ], [ [ [ 120.21585, 23.00662 ], [ 120.21584, 23.0066 ], [ 120.21586, 23.0066 ], [ 120.21585, 23.00662 ] ] ], [ [ [ 120.21604, 23.00604 ], [ 120.21602, 23.00604 ], [ 120.21604, 23.00601 ], [ 120.21604, 23.00604 ] ] ], [ [ [ 120.21618, 23.00626 ], [ 120.21619, 23.00626 ], [ 120.21618, 23.00627 ], [ 120.21618, 23.00626 ] ] ], [ [ [ 120.21618, 23.00629 ], [ 120.21619, 23.00628 ], [ 120.21619, 23.00629 ], [ 120.21618, 23.00629 ] ] ], [ [ [ 120.21597, 23.00628 ], [ 120.21598, 23.00628 ], [ 120.21596, 23.00634 ], [ 120.21597, 23.00628 ] ] ], [ [ [ 120.21598, 23.00637 ], [ 120.21599, 23.00637 ], [ 120.21598, 23.00638 ], [ 120.21598, 23.00637 ] ] ] ] }, { "type": "MultiLineString", "coordinates": [ [ [ 120.21584, 23.00596 ], [ 120.21584, 23.00597 ] ], [ [ 120.21583, 23.00599 ], [ 120.21583, 23.006 ] ], [ [ 120.21579, 23.00608 ], [ 120.2158, 23.00607 ] ], [ [ 120.21576, 23.00615 ], [ 120.21576, 23.00616 ] ], [ [ 120.21575, 23.00618 ], [ 120.21575, 23.00617 ] ], [ [ 120.21577, 23.00637 ], [ 120.21576, 23.00637 ] ] ] }, { "type": "MultiPoint", "coordinates": [ [ 120.21565, 23.00642 ], [ 120.21572, 23.00625 ], [ 120.21587, 23.00663 ], [ 120.2159, 23.00664 ] ] } ] } },
{ "type": "Feature", "properties": { "park_id": 352, "scenario": "2026-07-21 11:00:00 CST", "solar_alt": 74.553791940997598, "solar_az": 96.018416276456904, "canopy_min": 2.0 }, "geometry": { "type": "Polygon", "coordinates": [ [ [ 120.15689, 23.03837 ], [ 120.15688, 23.03837 ], [ 120.15688, 23.03836 ], [ 120.15689, 23.03837 ] ] ] } },
{ "type": "Feature", "properties": { "park_id": 355, "scenario": "2026-07-21 11:00:00 CST", "solar_alt": 74.553791940997598, "solar_az": 96.018416276456904, "canopy_min": 2.0 }, "geometry": { "type": "GeometryCollection", "geometries": [ { "type": "MultiPolygon", "coordinates": [ [ [ [ 120.25119, 23.09371 ], [ 120.25119, 23.09372 ], [ 120.25118, 23.09371 ], [ 120.25119, 23.09371 ] ] ], [ [ [ 120.25118, 23.09372 ], [ 120.25118, 23.09375 ], [ 120.25117, 23.09372 ], [ 120.25118, 23.09372 ] ] ], [ [ [ 120.25109, 23.09379 ], [ 120.2511, 23.09379 ], [ 120.25109, 23.09384 ], [ 120.25109, 23.09379 ] ] ], [ [ [ 120.25092, 23.09415 ], [ 120.25092, 23.09416 ], [ 120.25091, 23.09415 ], [ 120.25092, 23.09415 ] ] ], [ [ [ 120.25091, 23.09416 ], [ 120.25091, 23.09419 ], [ 120.2509, 23.09416 ], [ 120.25091, 23.09416 ] ] ], [ [ [ 120.25089, 23.09429 ], [ 120.25089, 23.09428 ], [ 120.2509, 23.09429 ], [ 120.25089, 23.09429 ] ] ], [ [ [ 120.25293, 23.09716 ], [ 120.25293, 23.09717 ], [ 120.25292, 23.09716 ], [ 120.25293, 23.09716 ] ] ], [ [ [ 120.25293, 23.09719 ], [ 120.25293, 23.09718 ], [ 120.25294, 23.09719 ], [ 120.25293, 23.09719 ] ] ], [ [ [ 120.25299, 23.09723 ], [ 120.25299, 23.09722 ], [ 120.253, 23.09723 ], [ 120.25299, 23.09723 ] ] ], [ [ [ 120.25324, 23.09356 ], [ 120.25324, 23.09359 ], [ 120.25323, 23.09356 ], [ 120.25324, 23.09356 ] ] ], [ [ [ 120.25338, 23.09453 ], [ 120.25338, 23.0945 ], [ 120.25339, 23.09453 ], [ 120.25338, 23.09453 ] ] ], [ [ [ 120.25337, 23.09453 ], [ 120.25338, 23.09453 ], [ 120.25337, 23.09454 ], [ 120.25337, 23.09453 ] ] ], [ [ [ 120.25325, 23.09727 ], [ 120.25325, 23.09728 ], [ 120.25324, 23.09727 ], [ 120.25325, 23.09727 ] ] ], [ [ [ 120.25323, 23.09742 ], [ 120.25323, 23.09741 ], [ 120.25324, 23.09742 ], [ 120.25323, 23.09742 ] ] ], [ [ [ 120.2533, 23.09748 ], [ 120.2533, 23.09747 ], [ 120.25331, 23.09748 ], [ 120.2533, 23.09748 ] ] ], [ [ [ 120.25331, 23.09749 ], [ 120.25332, 23.09749 ], [ 120.25332, 23.0975 ], [ 120.25331, 23.09749 ] ] ], [ [ [ 120.25385, 23.0982 ], [ 120.25384, 23.0982 ], [ 120.25384, 23.09819 ], [ 120.25385, 23.0982 ] ] ] ] }, { "type": "MultiLineString", "coordinates": [ [ [ 120.25088, 23.09438 ], [ 120.25088, 23.09437 ] ], [ [ 120.25087, 23.09444 ], [ 120.25087, 23.09445 ] ], [ [ 120.25086, 23.09454 ], [ 120.25086, 23.09455 ] ] ] }, { "type": "MultiPoint", "coordinates": [ [ 120.25085, 23.09463 ], [ 120.25121, 23.09585 ], [ 120.25132, 23.09602 ], [ 120.25374, 23.0986 ] ] } ] } },
{ "type": "Feature", "properties": { "park_id": 356, "scenario": "2026-07-21 11:00:00 CST", "solar_alt": 74.553791940997598, "solar_az": 96.018416276456904, "canopy_min": 2.0 }, "geometry": { "type": "GeometryCollection", "geometries": [ { "type": "MultiPolygon", "coordinates": [ [ [ [ 120.22323, 22.93178 ], [ 120.22322, 22.93178 ], [ 120.22323, 22.93177 ], [ 120.22323, 22.93178 ] ] ], [ [ [ 120.22323, 22.93179 ], [ 120.22323, 22.93178 ], [ 120.22324, 22.93178 ], [ 120.22323, 22.93179 ] ] ], [ [ [ 120.22246, 22.93185 ], [ 120.22246, 22.93184 ], [ 120.22247, 22.93184 ], [ 120.22246, 22.93185 ] ] ], [ [ [ 120.22158, 22.93201 ], [ 120.22158, 22.932 ], [ 120.22159, 22.932 ], [ 120.22158, 22.93201 ] ] ], [ [ [ 120.22323, 22.93206 ], [ 120.22323, 22.93203 ], [ 120.22324, 22.93203 ], [ 120.22323, 22.93206 ] ] ], [ [ [ 120.22268, 22.93232 ], [ 120.22268, 22.93231 ], [ 120.22269, 22.93231 ], [ 120.22268, 22.93232 ] ] ], [ [ [ 120.22255, 22.93245 ], [ 120.22255, 22.93244 ], [ 120.22256, 22.93244 ], [ 120.22255, 22.93245 ] ] ], [ [ [ 120.22252, 22.93317 ], [ 120.22252, 22.93316 ], [ 120.22253, 22.93316 ], [ 120.22252, 22.93317 ] ] ], [ [ [ 120.22263, 22.93541 ], [ 120.22263, 22.93539 ], [ 120.22264, 22.93539 ], [ 120.22263, 22.93541 ] ] ], [ [ [ 120.22126, 22.93583 ], [ 120.22126, 22.93579 ], [ 120.22127, 22.93579 ], [ 120.22126, 22.93583 ] ] ], [ [ [ 120.22124, 22.93651 ], [ 120.22124, 22.9365 ], [ 120.22125, 22.9365 ], [ 120.22124, 22.93651 ] ] ], [ [ [ 120.22266, 22.9367 ], [ 120.22266, 22.93669 ], [ 120.22267, 22.93669 ], [ 120.22266, 22.9367 ] ] ], [ [ [ 120.2232, 22.93719 ], [ 120.2232, 22.93717 ], [ 120.22321, 22.93717 ], [ 120.2232, 22.93719 ] ] ], [ [ [ 120.22349, 22.9373 ], [ 120.22349, 22.93729 ], [ 120.2235, 22.93729 ], [ 120.22349, 22.9373 ] ] ], [ [ [ 120.22338, 22.93731 ], [ 120.22338, 22.9373 ], [ 120.22339, 22.9373 ], [ 120.22338, 22.93731 ] ] ], [ [ [ 120.22366, 22.93213 ], [ 120.22367, 22.93213 ], [ 120.22366, 22.93214 ], [ 120.22366, 22.93213 ] ] ], [ [ [ 120.22367, 22.93227 ], [ 120.22367, 22.93223 ], [ 120.22368, 22.93223 ], [ 120.22367, 22.93227 ] ] ], [ [ [ 120.22368, 22.93229 ], [ 120.22368, 22.93228 ], [ 120.22369, 22.93228 ], [ 120.22368, 22.93229 ] ] ], [ [ [ 120.22352, 22.93248 ], [ 120.22352, 22.93246 ], [ 120.22353, 22.93246 ], [ 120.22352, 22.93248 ] ] ], [ [ [ 120.22428, 22.93256 ], [ 120.22428, 22.93254 ], [ 120.22429, 22.93254 ], [ 120.22428, 22.93256 ] ] ], [ [ [ 120.22404, 22.93269 ], [ 120.22404, 22.93268 ], [ 120.22405, 22.93268 ], [ 120.22404, 22.93269 ] ] ], [ [ [ 120.22449, 22.9327 ], [ 120.22449, 22.93269 ], [ 120.2245, 22.93269 ], [ 120.22449, 22.9327 ] ] ], [ [ [ 120.22591, 22.93315 ], [ 120.22591, 22.93314 ], [ 120.22592, 22.93314 ], [ 120.22591, 22.93315 ] ] ], [ [ [ 120.22354, 22.93566 ], [ 120.22354, 22.93565 ], [ 120.22355, 22.93565 ], [ 120.22354, 22.93566 ] ] ], [ [ [ 120.22409, 22.93601 ], [ 120.22409, 22.936 ], [ 120.2241, 22.936 ], [ 120.22409, 22.93601 ] ] ], [ [ [ 120.22446, 22.93712 ], [ 120.22446, 22.93711 ], [ 120.22447, 22.93711 ], [ 120.22446, 22.93712 ] ] ], [ [ [ 120.22677, 22.93735 ], [ 120.22677, 22.93734 ], [ 120.22678, 22.93734 ], [ 120.22677, 22.93735 ] ] ], [ [ [ 120.22676, 22.93738 ], [ 120.22676, 22.93737 ], [ 120.22677, 22.93737 ], [ 120.22676, 22.93738 ] ] ], [ [ [ 120.22673, 22.93747 ], [ 120.22673, 22.93746 ], [ 120.22674, 22.93746 ], [ 120.22673, 22.93747 ] ] ], [ [ [ 120.22673, 22.9375 ], [ 120.22673, 22.93749 ], [ 120.22674, 22.93749 ], [ 120.22673, 22.9375 ] ] ] ] }, { "type": "LineString", "coordinates": [ [ 120.22239, 22.93715 ], [ 120.2224, 22.93715 ] ] } ] } },
{ "type": "Feature", "properties": { "park_id": 357, "scenario": "2026-07-21 11:00:00 CST", "solar_alt": 74.553791940997598, "solar_az": 96.018416276456904, "canopy_min": 2.0 }, "geometry": { "type": "GeometryCollection", "geometries": [ { "type": "Polygon", "coordinates": [ [ [ 120.25891, 23.18096 ], [ 120.25892, 23.18101 ], [ 120.25891, 23.18101 ], [ 120.25891, 23.18096 ] ] ] }, { "type": "LineString", "coordinates": [ [ 120.25862, 23.18055 ], [ 120.25861, 23.18055 ] ] } ] } },
{ "type": "Feature", "properties": { "park_id": 358, "scenario": "2026-07-21 11:00:00 CST", "solar_alt": 74.553791940997598, "solar_az": 96.018416276456904, "canopy_min": 2.0 }, "geometry": { "type": "GeometryCollection", "geometries": [ { "type": "Point", "coordinates": [ 120.20956, 22.98781 ] }, { "type": "MultiPoint", "coordinates": [ [ 120.20928, 22.98792 ], [ 120.20929, 22.98791 ] ] } ] } },
{ "type": "Feature", "properties": { "park_id": 359, "scenario": "2026-07-21 11:00:00 CST", "solar_alt": 74.553791940997598, "solar_az": 96.018416276456904, "canopy_min": 2.0 }, "geometry": { "type": "GeometryCollection", "geometries": [ { "type": "MultiPolygon", "coordinates": [ [ [ [ 120.20161, 23.01624 ], [ 120.20162, 23.01624 ], [ 120.20161, 23.01625 ], [ 120.20161, 23.01624 ] ] ], [ [ [ 120.20165, 23.01627 ], [ 120.20165, 23.01628 ], [ 120.20164, 23.01628 ], [ 120.20165, 23.01627 ] ] ], [ [ [ 120.20226, 23.01635 ], [ 120.20227, 23.01635 ], [ 120.20227, 23.01637 ], [ 120.20226, 23.01635 ] ] ] ] }, { "type": "MultiLineString", "coordinates": [ [ [ 120.20152, 23.01661 ], [ 120.20152, 23.01659 ] ], [ [ 120.20151, 23.01668 ], [ 120.20151, 23.0167 ] ] ] }, { "type": "Point", "coordinates": [ 120.20151, 23.01671 ] } ] } },
{ "type": "Feature", "properties": { "park_id": 360, "scenario": "2026-07-21 11:00:00 CST", "solar_alt": 74.553791940997598, "solar_az": 96.018416276456904, "canopy_min": 2.0 }, "geometry": { "type": "GeometryCollection", "geometries": [ { "type": "MultiPolygon", "coordinates": [ [ [ [ 120.20255, 23.01954 ], [ 120.20256, 23.01954 ], [ 120.20256, 23.01955 ], [ 120.20255, 23.01954 ] ] ], [ [ [ 120.20274, 23.01957 ], [ 120.20273, 23.01956 ], [ 120.20274, 23.01956 ], [ 120.20274, 23.01957 ] ] ], [ [ [ 120.20255, 23.01956 ], [ 120.20256, 23.01955 ], [ 120.20257, 23.01955 ], [ 120.20257, 23.01961 ], [ 120.20255, 23.01956 ] ] ], [ [ [ 120.20271, 23.01961 ], [ 120.20272, 23.01959 ], [ 120.20272, 23.01961 ], [ 120.20271, 23.01961 ] ] ], [ [ [ 120.20273, 23.01964 ], [ 120.20274, 23.01958 ], [ 120.20274, 23.01964 ], [ 120.20273, 23.01964 ] ] ], [ [ [ 120.20254, 23.01965 ], [ 120.20252, 23.01969 ], [ 120.20252, 23.01964 ], [ 120.20254, 23.01965 ] ] ], [ [ [ 120.20283, 23.01985 ], [ 120.20283, 23.01986 ], [ 120.20282, 23.01985 ], [ 120.20283, 23.01985 ] ] ] ] }, { "type": "GeometryCollection", "geometries": [ { "type": "Point", "coordinates": [ 120.20264, 23.01936 ] }, { "type": "LineString", "coordinates": [ [ 120.20249, 23.01977 ], [ 120.20248, 23.01977 ] ] }, { "type": "LineString", "coordinates": [ [ 120.20287, 23.01986 ], [ 120.20286, 23.01986 ] ] } ] }, { "type": "MultiPoint", "coordinates": [ [ 120.20247, 23.01977 ], [ 120.20263, 23.01981 ], [ 120.20267, 23.01982 ], [ 120.20271, 23.01983 ], [ 120.20275, 23.01984 ], [ 120.20279, 23.01985 ], [ 120.2029, 23.01987 ], [ 120.20294, 23.01988 ] ] } ] } },
{ "type": "Feature", "properties": { "park_id": 361, "scenario": "2026-07-21 11:00:00 CST", "solar_alt": 74.553791940997598, "solar_az": 96.018416276456904, "canopy_min": 2.0 }, "geometry": { "type": "GeometryCollection", "geometries": [ { "type": "MultiPolygon", "coordinates": [ [ [ [ 120.20573, 23.02026 ], [ 120.20573, 23.02027 ], [ 120.20572, 23.02027 ], [ 120.20573, 23.02026 ] ] ], [ [ [ 120.20572, 23.02028 ], [ 120.20571, 23.02027 ], [ 120.20572, 23.02027 ], [ 120.20572, 23.02028 ] ] ], [ [ [ 120.20541, 23.02029 ], [ 120.2054, 23.02028 ], [ 120.20541, 23.02028 ], [ 120.20541, 23.02029 ] ] ], [ [ [ 120.20572, 23.02036 ], [ 120.20571, 23.02035 ], [ 120.20572, 23.02031 ], [ 120.20573, 23.02035 ], [ 120.20572, 23.02036 ] ] ], [ [ [ 120.2056, 23.02044 ], [ 120.20561, 23.02043 ], [ 120.20561, 23.02044 ], [ 120.2056, 23.02044 ] ] ], [ [ [ 120.20561, 23.02046 ], [ 120.2056, 23.02045 ], [ 120.20561, 23.02045 ], [ 120.20561, 23.02046 ] ] ], [ [ [ 120.2056, 23.0205 ], [ 120.20559, 23.02046 ], [ 120.2056, 23.02046 ], [ 120.2056, 23.0205 ] ] ] ] }, { "type": "Point", "coordinates": [ 120.20537, 23.0202 ] } ] } },
{ "type": "Feature", "properties": { "park_id": 362, "scenario": "2026-07-21 11:00:00 CST", "solar_alt": 74.553791940997598, "solar_az": 96.018416276456904, "canopy_min": 2.0 }, "geometry": { "type": "GeometryCollection", "geometries": [ { "type": "MultiPolygon", "coordinates": [ [ [ [ 120.20801, 23.0209 ], [ 120.208, 23.02091 ], [ 120.208, 23.0209 ], [ 120.20801, 23.0209 ] ] ], [ [ [ 120.20796, 23.021 ], [ 120.20794, 23.02099 ], [ 120.20796, 23.02099 ], [ 120.20796, 23.021 ] ] ], [ [ [ 120.20795, 23.02101 ], [ 120.20796, 23.02103 ], [ 120.20795, 23.02103 ], [ 120.20795, 23.02101 ] ] ], [ [ [ 120.20795, 23.02108 ], [ 120.20794, 23.02109 ], [ 120.20794, 23.02108 ], [ 120.20795, 23.02108 ] ] ], [ [ [ 120.20794, 23.02109 ], [ 120.20792, 23.02114 ], [ 120.20793, 23.02109 ], [ 120.20794, 23.02109 ] ] ], [ [ [ 120.20794, 23.02115 ], [ 120.20793, 23.02116 ], [ 120.20793, 23.02115 ], [ 120.20794, 23.02115 ] ] ], [ [ [ 120.20803, 23.02131 ], [ 120.20804, 23.0213 ], [ 120.20804, 23.02131 ], [ 120.20803, 23.02131 ] ] ], [ [ [ 120.20817, 23.02132 ], [ 120.20818, 23.0213 ], [ 120.20818, 23.02132 ], [ 120.20817, 23.02132 ] ] ] ] }, { "type": "MultiLineString", "coordinates": [ [ [ 120.20794, 23.02096 ], [ 120.20795, 23.02096 ] ], [ [ 120.20796, 23.02105 ], [ 120.20795, 23.02105 ] ] ] } ] } },
{ "type": "Feature", "properties": { "park_id": 363, "scenario": "2026-07-21 11:00:00 CST", "solar_alt": 74.553791940997598, "solar_az": 96.018416276456904, "canopy_min": 2.0 }, "geometry": { "type": "MultiPolygon", "coordinates": [ [ [ [ 120.20953, 23.01746 ], [ 120.20954, 23.01746 ], [ 120.20954, 23.01747 ], [ 120.20953, 23.01746 ] ] ], [ [ [ 120.20953, 23.01748 ], [ 120.20954, 23.01748 ], [ 120.20954, 23.01749 ], [ 120.20953, 23.01748 ] ] ] ] } },
{ "type": "Feature", "properties": { "park_id": 364, "scenario": "2026-07-21 11:00:00 CST", "solar_alt": 74.553791940997598, "solar_az": 96.018416276456904, "canopy_min": 2.0 }, "geometry": { "type": "GeometryCollection", "geometries": [ { "type": "MultiPolygon", "coordinates": [ [ [ [ 120.18496, 22.99362 ], [ 120.18495, 22.99362 ], [ 120.18497, 22.99361 ], [ 120.18496, 22.99362 ] ] ], [ [ [ 120.18495, 22.99365 ], [ 120.18495, 22.99363 ], [ 120.18496, 22.99363 ], [ 120.18495, 22.99365 ] ] ], [ [ [ 120.18492, 22.99369 ], [ 120.18492, 22.99368 ], [ 120.18493, 22.99368 ], [ 120.18492, 22.99369 ] ] ], [ [ [ 120.18493, 22.9937 ], [ 120.18492, 22.99378 ], [ 120.1849, 22.99375 ], [ 120.18493, 22.9937 ] ] ], [ [ [ 120.18499, 22.99382 ], [ 120.18498, 22.99382 ], [ 120.18498, 22.99381 ], [ 120.18499, 22.99382 ] ] ], [ [ [ 120.18501, 22.99384 ], [ 120.185, 22.99384 ], [ 120.185, 22.99382 ], [ 120.18501, 22.99384 ] ] ], [ [ [ 120.18492, 22.99387 ], [ 120.18495, 22.99385 ], [ 120.18499, 22.99413 ], [ 120.18494, 22.99409 ], [ 120.18492, 22.99387 ] ] ], [ [ [ 120.18507, 22.99403 ], [ 120.1851, 22.99404 ], [ 120.18507, 22.99408 ], [ 120.18507, 22.99403 ] ] ], [ [ [ 120.18496, 22.99424 ], [ 120.18496, 22.99418 ], [ 120.18499, 22.99418 ], [ 120.18496, 22.99424 ] ] ], [ [ [ 120.18509, 22.99428 ], [ 120.18508, 22.99428 ], [ 120.18508, 22.99427 ], [ 120.18509, 22.99428 ] ] ], [ [ [ 120.18499, 22.99436 ], [ 120.18498, 22.99436 ], [ 120.18498, 22.99431 ], [ 120.18499, 22.99436 ] ] ], [ [ [ 120.18499, 22.99437 ], [ 120.18499, 22.99438 ], [ 120.18498, 22.99438 ], [ 120.18499, 22.99437 ] ] ], [ [ [ 120.18517, 22.99441 ], [ 120.18518, 22.99438 ], [ 120.18519, 22.99438 ], [ 120.18517, 22.99441 ] ] ], [ [ [ 120.185, 22.99441 ], [ 120.185, 22.9944 ], [ 120.18501, 22.9944 ], [ 120.185, 22.99441 ] ] ], [ [ [ 120.18519, 22.99444 ], [ 120.18519, 22.99445 ], [ 120.18518, 22.99444 ], [ 120.18519, 22.99444 ] ] ], [ [ [ 120.18532, 22.9937 ], [ 120.18532, 22.99369 ], [ 120.18533, 22.99369 ], [ 120.18532, 22.9937 ] ] ], [ [ [ 120.18533, 22.99374 ], [ 120.18534, 22.99374 ], [ 120.18536, 22.99386 ], [ 120.18532, 22.99381 ], [ 120.18533, 22.99374 ] ] ], [ [ [ 120.18537, 22.99388 ], [ 120.18536, 22.99388 ], [ 120.18536, 22.99387 ], [ 120.18537, 22.99388 ] ] ], [ [ [ 120.18552, 22.99392 ], [ 120.18552, 22.99391 ], [ 120.18553, 22.99391 ], [ 120.18552, 22.99392 ] ] ], [ [ [ 120.1853, 22.99393 ], [ 120.18529, 22.99393 ], [ 120.18529, 22.9939 ], [ 120.1853, 22.99393 ] ] ], [ [ [ 120.18567, 22.99399 ], [ 120.18568, 22.99394 ], [ 120.18569, 22.99394 ], [ 120.18567, 22.99399 ] ] ], [ [ [ 120.18536, 22.99399 ], [ 120.18536, 22.99401 ], [ 120.18534, 22.99401 ], [ 120.18536, 22.99399 ] ] ], [ [ [ 120.18567, 22.99402 ], [ 120.18566, 22.99402 ], [ 120.18566, 22.99401 ], [ 120.18567, 22.99402 ] ] ], [ [ [ 120.18568, 22.99407 ], [ 120.18567, 22.99407 ], [ 120.18567, 22.99404 ], [ 120.18568, 22.99407 ] ] ], [ [ [ 120.18568, 22.99408 ], [ 120.18568, 22.99407 ], [ 120.18569, 22.99407 ], [ 120.18568, 22.99408 ] ] ], [ [ [ 120.18568, 22.99408 ], [ 120.18568, 22.99409 ], [ 120.18567, 22.99409 ], [ 120.18568, 22.99408 ] ] ], [ [ [ 120.18556, 22.99424 ], [ 120.18556, 22.99421 ], [ 120.18557, 22.99421 ], [ 120.18556, 22.99424 ] ] ], [ [ [ 120.18544, 22.99423 ], [ 120.18545, 22.99423 ], [ 120.18546, 22.99427 ], [ 120.18544, 22.99423 ] ] ], [ [ [ 120.18544, 22.99429 ], [ 120.18545, 22.99429 ], [ 120.18545, 22.9943 ], [ 120.18544, 22.99429 ] ] ] ] }, { "type": "GeometryCollection", "geometries": [ { "type": "Point", "coordinates": [ 120.185, 22.9936 ] }, { "type": "LineString", "coordinates": [ [ 120.18499, 22.99444 ], [ 120.18499, 22.99445 ] ] }, { "type": "LineString", "coordinates": [ [ 120.18508, 22.99452 ], [ 120.18509, 22.99452 ] ] }, { "type": "LineString", "coordinates": [ [ 120.18533, 22.99372 ], [ 120.18534, 22.9937 ] ] } ] } ] } },
{ "type": "Feature", "properties": { "park_id": 365, "scenario": "2026-07-21 11:00:00 CST", "solar_alt": 74.553791940997598, "solar_az": 96.018416276456904, "canopy_min": 2.0 }, "geometry": { "type": "GeometryCollection", "geometries": [ { "type": "MultiPolygon", "coordinates": [ [ [ [ 120.17578, 22.98453 ], [ 120.17579, 22.98452 ], [ 120.17579, 22.98453 ], [ 120.17578, 22.98453 ] ] ], [ [ [ 120.1762, 22.9845 ], [ 120.17619, 22.9846 ], [ 120.17616, 22.98455 ], [ 120.1762, 22.9845 ] ] ], [ [ [ 120.1758, 22.9846 ], [ 120.17579, 22.98454 ], [ 120.1758, 22.98453 ], [ 120.1758, 22.9846 ] ] ], [ [ [ 120.17633, 22.98464 ], [ 120.17631, 22.98459 ], [ 120.17632, 22.98459 ], [ 120.17633, 22.98464 ] ] ], [ [ [ 120.17622, 22.9847 ], [ 120.17622, 22.98468 ], [ 120.17623, 22.9847 ], [ 120.17622, 22.9847 ] ] ], [ [ [ 120.17617, 22.98488 ], [ 120.17616, 22.98478 ], [ 120.17621, 22.9847 ], [ 120.17617, 22.98488 ] ] ], [ [ [ 120.17626, 22.985 ], [ 120.17625, 22.98493 ], [ 120.17626, 22.98493 ], [ 120.17626, 22.985 ] ] ], [ [ [ 120.17648, 22.98451 ], [ 120.17648, 22.98452 ], [ 120.17647, 22.98451 ], [ 120.17648, 22.98451 ] ] ], [ [ [ 120.17648, 22.98452 ], [ 120.17649, 22.98452 ], [ 120.17649, 22.98453 ], [ 120.17648, 22.98453 ], [ 120.17648, 22.98452 ] ] ], [ [ [ 120.17643, 22.98473 ], [ 120.17643, 22.98468 ], [ 120.17644, 22.98473 ], [ 120.17643, 22.98473 ] ] ], [ [ [ 120.17645, 22.98494 ], [ 120.17645, 22.98487 ], [ 120.17647, 22.98493 ], [ 120.17645, 22.98494 ] ] ], [ [ [ 120.17641, 22.98506 ], [ 120.1764, 22.98506 ], [ 120.17641, 22.98505 ], [ 120.17641, 22.98506 ] ] ], [ [ [ 120.17644, 22.98509 ], [ 120.17643, 22.98509 ], [ 120.17644, 22.98506 ], [ 120.17644, 22.98509 ] ] ] ] }, { "type": "LineString", "coordinates": [ [ 120.17584, 22.98492 ], [ 120.17584, 22.98491 ] ] } ] } },
{ "type": "Feature", "properties": { "park_id": 366, "scenario": "2026-07-21 11:00:00 CST", "solar_alt": 74.553791940997598, "solar_az": 96.018416276456904, "canopy_min": 2.0 }, "geometry": { "type": "GeometryCollection", "geometries": [ { "type": "Polygon", "coordinates": [ [ [ 120.18417, 22.98533 ], [ 120.18416, 22.98534 ], [ 120.18416, 22.98533 ], [ 120.18417, 22.98533 ] ] ] }, { "type": "LineString", "coordinates": [ [ 120.18408, 22.98528 ], [ 120.18408, 22.98527 ] ] } ] } },
{ "type": "Feature", "properties": { "park_id": 367, "scenario": "2026-07-21 11:00:00 CST", "solar_alt": 74.553791940997598, "solar_az": 96.018416276456904, "canopy_min": 2.0 }, "geometry": { "type": "GeometryCollection", "geometries": [ { "type": "MultiPolygon", "coordinates": [ [ [ [ 120.1762, 22.99231 ], [ 120.17619, 22.99229 ], [ 120.1762, 22.99229 ], [ 120.1762, 22.99231 ] ] ], [ [ [ 120.17617, 22.99237 ], [ 120.17617, 22.99234 ], [ 120.17618, 22.99237 ], [ 120.17617, 22.99237 ] ] ], [ [ [ 120.17618, 22.99238 ], [ 120.17618, 22.99239 ], [ 120.17617, 22.99238 ], [ 120.17618, 22.99238 ] ] ], [ [ [ 120.17592, 22.99245 ], [ 120.17592, 22.99249 ], [ 120.17591, 22.99245 ], [ 120.17592, 22.99245 ] ] ], [ [ [ 120.17603, 22.99269 ], [ 120.17603, 22.99268 ], [ 120.17605, 22.99269 ], [ 120.17603, 22.99269 ] ] ], [ [ [ 120.17605, 22.9927 ], [ 120.17605, 22.99271 ], [ 120.17604, 22.9927 ], [ 120.17605, 22.9927 ] ] ], [ [ [ 120.17637, 22.99243 ], [ 120.17638, 22.99246 ], [ 120.17637, 22.99246 ], [ 120.17637, 22.99243 ] ] ], [ [ [ 120.17638, 22.9925 ], [ 120.17638, 22.99249 ], [ 120.17639, 22.9925 ], [ 120.17638, 22.9925 ] ] ], [ [ [ 120.17639, 22.99258 ], [ 120.17638, 22.99258 ], [ 120.17639, 22.99252 ], [ 120.17639, 22.99258 ] ] ], [ [ [ 120.1764, 22.99258 ], [ 120.17639, 22.99259 ], [ 120.17639, 22.99258 ], [ 120.1764, 22.99258 ] ] ], [ [ [ 120.17635, 22.99276 ], [ 120.17635, 22.99271 ], [ 120.17636, 22.99276 ], [ 120.17635, 22.99276 ] ] ], [ [ [ 120.17637, 22.99281 ], [ 120.17637, 22.99274 ], [ 120.17639, 22.9928 ], [ 120.17637, 22.99281 ] ] ] ] }, { "type": "LineString", "coordinates": [ [ 120.1762, 22.99229 ], [ 120.17621, 22.99229 ] ] } ] } },
{ "type": "Feature", "properties": { "park_id": 368, "scenario": "2026-07-21 11:00:00 CST", "solar_alt": 74.553791940997598, "solar_az": 96.018416276456904, "canopy_min": 2.0 }, "geometry": { "type": "GeometryCollection", "geometries": [ { "type": "MultiPolygon", "coordinates": [ [ [ [ 120.17586, 22.98849 ], [ 120.17585, 22.98848 ], [ 120.17586, 22.98848 ], [ 120.17586, 22.98849 ] ] ], [ [ [ 120.17585, 22.9885 ], [ 120.17586, 22.9885 ], [ 120.17585, 22.98851 ], [ 120.17585, 22.9885 ] ] ], [ [ [ 120.17587, 22.98853 ], [ 120.17586, 22.98853 ], [ 120.17587, 22.98852 ], [ 120.17587, 22.98853 ] ] ], [ [ [ 120.17622, 22.9889 ], [ 120.17623, 22.9889 ], [ 120.17622, 22.98891 ], [ 120.17622, 22.9889 ] ] ], [ [ [ 120.17624, 22.98892 ], [ 120.17623, 22.98892 ], [ 120.17624, 22.98891 ], [ 120.17624, 22.98892 ] ] ], [ [ [ 120.17624, 22.98905 ], [ 120.17624, 22.98904 ], [ 120.17625, 22.98905 ], [ 120.17624, 22.98905 ] ] ], [ [ [ 120.17626, 22.98905 ], [ 120.17626, 22.98906 ], [ 120.17625, 22.98905 ], [ 120.17626, 22.98905 ] ] ], [ [ [ 120.17624, 22.98906 ], [ 120.17625, 22.98906 ], [ 120.17624, 22.98907 ], [ 120.17624, 22.98906 ] ] ], [ [ [ 120.17629, 22.98844 ], [ 120.1763, 22.98844 ], [ 120.17629, 22.98846 ], [ 120.17629, 22.98844 ] ] ], [ [ [ 120.17631, 22.98846 ], [ 120.17633, 22.98848 ], [ 120.17632, 22.98851 ], [ 120.17631, 22.98846 ] ] ], [ [ [ 120.17637, 22.98893 ], [ 120.17636, 22.98893 ], [ 120.17637, 22.9889 ], [ 120.17637, 22.98893 ] ] ], [ [ [ 120.17635, 22.98891 ], [ 120.17635, 22.98894 ], [ 120.17634, 22.98891 ], [ 120.17635, 22.98891 ] ] ], [ [ [ 120.17652, 22.98901 ], [ 120.17653, 22.98901 ], [ 120.17652, 22.98902 ], [ 120.17652, 22.98901 ] ] ], [ [ [ 120.17642, 22.98903 ], [ 120.17642, 22.98905 ], [ 120.17641, 22.98903 ], [ 120.17642, 22.98903 ] ] ], [ [ [ 120.17654, 22.98905 ], [ 120.17653, 22.98904 ], [ 120.17654, 22.98903 ], [ 120.17654, 22.98905 ] ] ] ] }, { "type": "MultiLineString", "coordinates": [ [ [ 120.17623, 22.98843 ], [ 120.17622, 22.98843 ] ], [ [ 120.17612, 22.98844 ], [ 120.17613, 22.98844 ] ], [ [ 120.17586, 22.98846 ], [ 120.17587, 22.98846 ] ], [ [ 120.1764, 22.98841 ], [ 120.17639, 22.98841 ] ], [ [ 120.1763, 22.98842 ], [ 120.17632, 22.98842 ] ], [ [ 120.17629, 22.98847 ], [ 120.1763, 22.98847 ] ] ] }, { "type": "Point", "coordinates": [ 120.17587, 22.98888 ] } ] } },
{ "type": "Feature", "properties": { "park_id": 369, "scenario": "2026-07-21 11:00:00 CST", "solar_alt": 74.553791940997598, "solar_az": 96.018416276456904, "canopy_min": 2.0 }, "geometry": { "type": "GeometryCollection", "geometries": [ { "type": "MultiPolygon", "coordinates": [ [ [ [ 120.2175, 22.9829 ], [ 120.2175, 22.98289 ], [ 120.21752, 22.9829 ], [ 120.2175, 22.9829 ] ] ], [ [ [ 120.21752, 22.98294 ], [ 120.21751, 22.98294 ], [ 120.21751, 22.98293 ], [ 120.21752, 22.98294 ] ] ], [ [ [ 120.21753, 22.98296 ], [ 120.21752, 22.98296 ], [ 120.21752, 22.98294 ], [ 120.21753, 22.98296 ] ] ], [ [ [ 120.21755, 22.98298 ], [ 120.21754, 22.98298 ], [ 120.21754, 22.98297 ], [ 120.21755, 22.98298 ] ] ], [ [ [ 120.21781, 22.98316 ], [ 120.2178, 22.98316 ], [ 120.2178, 22.98315 ], [ 120.21781, 22.98316 ] ] ], [ [ [ 120.2175, 22.98321 ], [ 120.2175, 22.98322 ], [ 120.21749, 22.98321 ], [ 120.2175, 22.98321 ] ] ], [ [ [ 120.21791, 22.98322 ], [ 120.21792, 22.98322 ], [ 120.21792, 22.98326 ], [ 120.21791, 22.98322 ] ] ], [ [ [ 120.21793, 22.98328 ], [ 120.21792, 22.98328 ], [ 120.21792, 22.98327 ], [ 120.21793, 22.98328 ] ] ], [ [ [ 120.21797, 22.9834 ], [ 120.21796, 22.9834 ], [ 120.21796, 22.98338 ], [ 120.21797, 22.9834 ] ] ], [ [ [ 120.21786, 22.98345 ], [ 120.21787, 22.98345 ], [ 120.21787, 22.98348 ], [ 120.21786, 22.98345 ] ] ], [ [ [ 120.21795, 22.98353 ], [ 120.21794, 22.98353 ], [ 120.21794, 22.9835 ], [ 120.21795, 22.98353 ] ] ], [ [ [ 120.21773, 22.98355 ], [ 120.21773, 22.98352 ], [ 120.21775, 22.98353 ], [ 120.21773, 22.98355 ] ] ], [ [ [ 120.21794, 22.98357 ], [ 120.21794, 22.98359 ], [ 120.21793, 22.98359 ], [ 120.21794, 22.98357 ] ] ], [ [ [ 120.21792, 22.9836 ], [ 120.21793, 22.9836 ], [ 120.21793, 22.98362 ], [ 120.21792, 22.9836 ] ] ], [ [ [ 120.2179, 22.98363 ], [ 120.21791, 22.98363 ], [ 120.21791, 22.98364 ], [ 120.2179, 22.98363 ] ] ], [ [ [ 120.21798, 22.98384 ], [ 120.21798, 22.98385 ], [ 120.21797, 22.98385 ], [ 120.21798, 22.98384 ] ] ], [ [ [ 120.2189, 22.98333 ], [ 120.21889, 22.98333 ], [ 120.21889, 22.98329 ], [ 120.2189, 22.98333 ] ] ], [ [ [ 120.21888, 22.98336 ], [ 120.21887, 22.98336 ], [ 120.21887, 22.98333 ], [ 120.21888, 22.98336 ] ] ], [ [ [ 120.21798, 22.98335 ], [ 120.21798, 22.98336 ], [ 120.21797, 22.98336 ], [ 120.21798, 22.98335 ] ] ], [ [ [ 120.21891, 22.9834 ], [ 120.2189, 22.9834 ], [ 120.2189, 22.98334 ], [ 120.21891, 22.9834 ] ] ], [ [ [ 120.21798, 22.98337 ], [ 120.21798, 22.98338 ], [ 120.21797, 22.98338 ], [ 120.21798, 22.98337 ] ] ], [ [ [ 120.21867, 22.9835 ], [ 120.21866, 22.9835 ], [ 120.21866, 22.98347 ], [ 120.21867, 22.9835 ] ] ], [ [ [ 120.21863, 22.98365 ], [ 120.21863, 22.98357 ], [ 120.21864, 22.98357 ], [ 120.21863, 22.98365 ] ] ], [ [ [ 120.21797, 22.9838 ], [ 120.21798, 22.9838 ], [ 120.21798, 22.98382 ], [ 120.21797, 22.9838 ] ] ], [ [ [ 120.21798, 22.98385 ], [ 120.21798, 22.98387 ], [ 120.21797, 22.98387 ], [ 120.21798, 22.98385 ] ] ], [ [ [ 120.21802, 22.98391 ], [ 120.21801, 22.98391 ], [ 120.21801, 22.9839 ], [ 120.21802, 22.98391 ] ] ], [ [ [ 120.21804, 22.98396 ], [ 120.21804, 22.98395 ], [ 120.21805, 22.98395 ], [ 120.21804, 22.98396 ] ] ], [ [ [ 120.2183, 22.98397 ], [ 120.2183, 22.98396 ], [ 120.21831, 22.98396 ], [ 120.2183, 22.98397 ] ] ], [ [ [ 120.21806, 22.98396 ], [ 120.21806, 22.98402 ], [ 120.21805, 22.98402 ], [ 120.21806, 22.98396 ] ] ], [ [ [ 120.21831, 22.98402 ], [ 120.2183, 22.98402 ], [ 120.21829, 22.98397 ], [ 120.21831, 22.98402 ] ] ], [ [ [ 120.21807, 22.98405 ], [ 120.21806, 22.98405 ], [ 120.21806, 22.98402 ], [ 120.21807, 22.98405 ] ] ] ] }, { "type": "MultiLineString", "coordinates": [ [ [ 120.21791, 22.9832 ], [ 120.21791, 22.98322 ] ], [ [ 120.21752, 22.98326 ], [ 120.21752, 22.98327 ] ], [ [ 120.21755, 22.98329 ], [ 120.21755, 22.9833 ] ], [ [ 120.21798, 22.98404 ], [ 120.21798, 22.98405 ] ] ] }, { "type": "MultiPoint", "coordinates": [ [ 120.21742, 22.98293 ], [ 120.2176, 22.98338 ], [ 120.21801, 22.9841 ] ] } ] } },
{ "type": "Feature", "properties": { "park_id": 370, "scenario": "2026-07-21 11:00:00 CST", "solar_alt": 74.553791940997598, "solar_az": 96.018416276456904, "canopy_min": 2.0 }, "geometry": { "type": "MultiPolygon", "coordinates": [ [ [ [ 120.30121, 23.31184 ], [ 120.3012, 23.31184 ], [ 120.3012, 23.31183 ], [ 120.30121, 23.31184 ] ] ], [ [ [ 120.301, 23.312 ], [ 120.30102, 23.312 ], [ 120.30102, 23.31202 ], [ 120.301, 23.312 ] ] ], [ [ [ 120.3009, 23.31211 ], [ 120.30091, 23.31211 ], [ 120.30091, 23.31213 ], [ 120.3009, 23.31211 ] ] ] ] } },
{ "type": "Feature", "properties": { "park_id": 371, "scenario": "2026-07-21 11:00:00 CST", "solar_alt": 74.553791940997598, "solar_az": 96.018416276456904, "canopy_min": 2.0 }, "geometry": { "type": "GeometryCollection", "geometries": [ { "type": "MultiPolygon", "coordinates": [ [ [ [ 120.22226, 23.00649 ], [ 120.22227, 23.00648 ], [ 120.22227, 23.00649 ], [ 120.22226, 23.00649 ] ] ], [ [ [ 120.22202, 23.00678 ], [ 120.22203, 23.00677 ], [ 120.22203, 23.00678 ], [ 120.22202, 23.00678 ] ] ], [ [ [ 120.22202, 23.00679 ], [ 120.22201, 23.0068 ], [ 120.22201, 23.00679 ], [ 120.22202, 23.00679 ] ] ], [ [ [ 120.22223, 23.00714 ], [ 120.22224, 23.00713 ], [ 120.22224, 23.00714 ], [ 120.22223, 23.00714 ] ] ], [ [ [ 120.22208, 23.00715 ], [ 120.22209, 23.00713 ], [ 120.22209, 23.00715 ], [ 120.22208, 23.00715 ] ] ], [ [ [ 120.22255, 23.00727 ], [ 120.22256, 23.00726 ], [ 120.22256, 23.00727 ], [ 120.22255, 23.00727 ] ] ], [ [ [ 120.22199, 23.00731 ], [ 120.222, 23.00728 ], [ 120.222, 23.00731 ], [ 120.22199, 23.00731 ] ] ], [ [ [ 120.22201, 23.00733 ], [ 120.22202, 23.00726 ], [ 120.22202, 23.00733 ], [ 120.22201, 23.00733 ] ] ], [ [ [ 120.22213, 23.00739 ], [ 120.22215, 23.00738 ], [ 120.22215, 23.00743 ], [ 120.22213, 23.00739 ] ] ], [ [ [ 120.22267, 23.00746 ], [ 120.22269, 23.00744 ], [ 120.22268, 23.00746 ], [ 120.22267, 23.00746 ] ] ], [ [ [ 120.22223, 23.00746 ], [ 120.22222, 23.00747 ], [ 120.22222, 23.00746 ], [ 120.22223, 23.00746 ] ] ], [ [ [ 120.22268, 23.00746 ], [ 120.22269, 23.00748 ], [ 120.22268, 23.00748 ], [ 120.22268, 23.00746 ] ] ], [ [ [ 120.2227, 23.00749 ], [ 120.22269, 23.00748 ], [ 120.2227, 23.00748 ], [ 120.2227, 23.00749 ] ] ], [ [ [ 120.22269, 23.00749 ], [ 120.22268, 23.00755 ], [ 120.22268, 23.00749 ], [ 120.22269, 23.00749 ] ] ], [ [ [ 120.22244, 23.00754 ], [ 120.22243, 23.00755 ], [ 120.22243, 23.00754 ], [ 120.22244, 23.00754 ] ] ], [ [ [ 120.22269, 23.00756 ], [ 120.22269, 23.00757 ], [ 120.22268, 23.00757 ], [ 120.22269, 23.00756 ] ] ], [ [ [ 120.22202, 23.00762 ], [ 120.22203, 23.00763 ], [ 120.22202, 23.00763 ], [ 120.22202, 23.00762 ] ] ], [ [ [ 120.22204, 23.00767 ], [ 120.22203, 23.00768 ], [ 120.22203, 23.00767 ], [ 120.22204, 23.00767 ] ] ], [ [ [ 120.22176, 23.00804 ], [ 120.22177, 23.008 ], [ 120.22177, 23.00804 ], [ 120.22176, 23.00804 ] ] ], [ [ [ 120.22178, 23.00805 ], [ 120.22179, 23.00802 ], [ 120.22179, 23.00805 ], [ 120.22178, 23.00805 ] ] ], [ [ [ 120.22338, 23.00576 ], [ 120.22337, 23.00571 ], [ 120.22338, 23.0057 ], [ 120.22338, 23.00576 ] ] ], [ [ [ 120.22338, 23.00601 ], [ 120.22337, 23.00602 ], [ 120.22337, 23.00601 ], [ 120.22338, 23.00601 ] ] ], [ [ [ 120.22319, 23.00602 ], [ 120.2232, 23.00603 ], [ 120.22319, 23.00603 ], [ 120.22319, 23.00602 ] ] ], [ [ [ 120.22338, 23.00605 ], [ 120.22339, 23.00604 ], [ 120.22339, 23.00605 ], [ 120.22338, 23.00605 ] ] ], [ [ [ 120.22319, 23.00609 ], [ 120.2232, 23.00607 ], [ 120.2232, 23.00609 ], [ 120.22319, 23.00609 ] ] ], [ [ [ 120.22315, 23.00614 ], [ 120.22314, 23.00613 ], [ 120.22315, 23.00613 ], [ 120.22315, 23.00614 ] ] ], [ [ [ 120.22316, 23.00615 ], [ 120.22315, 23.00615 ], [ 120.22315, 23.00614 ], [ 120.22316, 23.00614 ], [ 120.22316, 23.00615 ] ] ], [ [ [ 120.22337, 23.00619 ], [ 120.22338, 23.00616 ], [ 120.22338, 23.0062 ], [ 120.22337, 23.00619 ] ] ], [ [ [ 120.22337, 23.00621 ], [ 120.22338, 23.00622 ], [ 120.22337, 23.00622 ], [ 120.22337, 23.00621 ] ] ], [ [ [ 120.22324, 23.00622 ], [ 120.22323, 23.00626 ], [ 120.22323, 23.00622 ], [ 120.22324, 23.00622 ] ] ], [ [ [ 120.22323, 23.00626 ], [ 120.22323, 23.00627 ], [ 120.22322, 23.00627 ], [ 120.22323, 23.00626 ] ] ], [ [ [ 120.22335, 23.00635 ], [ 120.22336, 23.00634 ], [ 120.22336, 23.00635 ], [ 120.22335, 23.00635 ] ] ], [ [ [ 120.223, 23.0064 ], [ 120.22301, 23.00641 ], [ 120.223, 23.00641 ], [ 120.223, 23.0064 ] ] ], [ [ [ 120.22301, 23.00643 ], [ 120.223, 23.00644 ], [ 120.223, 23.00643 ], [ 120.22301, 23.00643 ] ] ], [ [ [ 120.2233, 23.00649 ], [ 120.22331, 23.00647 ], [ 120.22331, 23.00649 ], [ 120.2233, 23.00649 ] ] ], [ [ [ 120.22276, 23.00656 ], [ 120.22277, 23.00655 ], [ 120.22277, 23.00656 ], [ 120.22276, 23.00656 ] ] ], [ [ [ 120.22334, 23.00686 ], [ 120.22333, 23.00689 ], [ 120.22333, 23.00686 ], [ 120.22334, 23.00686 ] ] ], [ [ [ 120.22333, 23.00691 ], [ 120.22334, 23.0069 ], [ 120.22334, 23.00691 ], [ 120.22333, 23.00691 ] ] ], [ [ [ 120.2234, 23.00706 ], [ 120.22336, 23.00702 ], [ 120.22339, 23.007 ], [ 120.2234, 23.00706 ] ] ], [ [ [ 120.2228, 23.00721 ], [ 120.22279, 23.00719 ], [ 120.2228, 23.00719 ], [ 120.2228, 23.00721 ] ] ], [ [ [ 120.22365, 23.00559 ], [ 120.22366, 23.00558 ], [ 120.22366, 23.00559 ], [ 120.22365, 23.00559 ] ] ], [ [ [ 120.22361, 23.00561 ], [ 120.2236, 23.00564 ], [ 120.2236, 23.00561 ], [ 120.22361, 23.00561 ] ] ], [ [ [ 120.22364, 23.00571 ], [ 120.22361, 23.00567 ], [ 120.22362, 23.0056 ], [ 120.22364, 23.00571 ] ] ], [ [ [ 120.2236, 23.00578 ], [ 120.22358, 23.00577 ], [ 120.2236, 23.00576 ], [ 120.2236, 23.00578 ] ] ], [ [ [ 120.22356, 23.00582 ], [ 120.22357, 23.00581 ], [ 120.22357, 23.00582 ], [ 120.22356, 23.00582 ] ] ], [ [ [ 120.22355, 23.00586 ], [ 120.22355, 23.00582 ], [ 120.22356, 23.00582 ], [ 120.22355, 23.00586 ] ] ], [ [ [ 120.22342, 23.00592 ], [ 120.22341, 23.00594 ], [ 120.22341, 23.00592 ], [ 120.22342, 23.00592 ] ] ], [ [ [ 120.22359, 23.00606 ], [ 120.2236, 23.00605 ], [ 120.2236, 23.00606 ], [ 120.22359, 23.00606 ] ] ], [ [ [ 120.22368, 23.00608 ], [ 120.22367, 23.00607 ], [ 120.22368, 23.00607 ], [ 120.22368, 23.00608 ] ] ], [ [ [ 120.2234, 23.0061 ], [ 120.22341, 23.00609 ], [ 120.22341, 23.0061 ], [ 120.2234, 23.0061 ] ] ], [ [ [ 120.22339, 23.00613 ], [ 120.2234, 23.00612 ], [ 120.2234, 23.00613 ], [ 120.22339, 23.00613 ] ] ], [ [ [ 120.2237, 23.00618 ], [ 120.22369, 23.00616 ], [ 120.2237, 23.00616 ], [ 120.2237, 23.00618 ] ] ], [ [ [ 120.22365, 23.00631 ], [ 120.22364, 23.00633 ], [ 120.22364, 23.00631 ], [ 120.22365, 23.00631 ] ] ], [ [ [ 120.22364, 23.00639 ], [ 120.22365, 23.00639 ], [ 120.22365, 23.0064 ], [ 120.22364, 23.00639 ] ] ], [ [ [ 120.22366, 23.00644 ], [ 120.22365, 23.00641 ], [ 120.22366, 23.00641 ], [ 120.22366, 23.00644 ] ] ], [ [ [ 120.22368, 23.00648 ], [ 120.22369, 23.00647 ], [ 120.22369, 23.00648 ], [ 120.22368, 23.00648 ] ] ], [ [ [ 120.22353, 23.00675 ], [ 120.22351, 23.00666 ], [ 120.22355, 23.00659 ], [ 120.22353, 23.00675 ] ] ], [ [ [ 120.22341, 23.00707 ], [ 120.2234, 23.00706 ], [ 120.22341, 23.00706 ], [ 120.22341, 23.00707 ] ] ], [ [ [ 120.22339, 23.00708 ], [ 120.2234, 23.00707 ], [ 120.2234, 23.00708 ], [ 120.22339, 23.00708 ] ] ], [ [ [ 120.22342, 23.00709 ], [ 120.22343, 23.00707 ], [ 120.22343, 23.00709 ], [ 120.22342, 23.00709 ] ] ] ] }, { "type": "GeometryCollection", "geometries": [ { "type": "Point", "coordinates": [ 120.22253, 23.0063 ] }, { "type": "LineString", "coordinates": [ [ 120.22248, 23.00634 ], [ 120.22248, 23.00633 ] ] }, { "type": "LineString", "coordinates": [ [ 120.2224, 23.0064 ], [ 120.22239, 23.0064 ] ] }, { "type": "LineString", "coordinates": [ [ 120.22235, 23.00642 ], [ 120.22236, 23.00642 ] ] }, { "type": "LineString", "coordinates": [ [ 120.22231, 23.00645 ], [ 120.22232, 23.00645 ] ] }, { "type": "LineString", "coordinates": [ [ 120.22213, 23.00659 ], [ 120.22213, 23.00658 ] ] }, { "type": "LineString", "coordinates": [ [ 120.22214, 23.00725 ], [ 120.22215, 23.00725 ] ] }, { "type": "LineString", "coordinates": [ [ 120.22287, 23.00607 ], [ 120.22286, 23.00607 ] ] }, { "type": "LineString", "coordinates": [ [ 120.22281, 23.0061 ], [ 120.22282, 23.0061 ] ] }, { "type": "LineString", "coordinates": [ [ 120.22261, 23.00625 ], [ 120.22261, 23.00624 ] ] } ] }, { "type": "MultiPoint", "coordinates": [ [ 120.22136, 23.00766 ], [ 120.22215, 23.00657 ], [ 120.22219, 23.00654 ], [ 120.22223, 23.00651 ], [ 120.22224, 23.00651 ], [ 120.22228, 23.00648 ], [ 120.2224, 23.00639 ], [ 120.22244, 23.00636 ], [ 120.22252, 23.00631 ], [ 120.22257, 23.00627 ], [ 120.22265, 23.00622 ], [ 120.2227, 23.00618 ], [ 120.22274, 23.00616 ], [ 120.22278, 23.00613 ], [ 120.2229, 23.00604 ], [ 120.22294, 23.00601 ], [ 120.22307, 23.00592 ], [ 120.2232, 23.00583 ], [ 120.22333, 23.00574 ], [ 120.22336, 23.00572 ] ] } ] } },
{ "type": "Feature", "properties": { "park_id": 372, "scenario": "2026-07-21 11:00:00 CST", "solar_alt": 74.553791940997598, "solar_az": 96.018416276456904, "canopy_min": 2.0 }, "geometry": { "type": "Polygon", "coordinates": [ [ [ 120.30001, 23.31029 ], [ 120.30002, 23.31029 ], [ 120.30002, 23.31031 ], [ 120.30001, 23.31029 ] ] ] } },
{ "type": "Feature", "properties": { "park_id": 373, "scenario": "2026-07-21 11:00:00 CST", "solar_alt": 74.553791940997598, "solar_az": 96.018416276456904, "canopy_min": 2.0 }, "geometry": { "type": "GeometryCollection", "geometries": [ { "type": "LineString", "coordinates": [ [ 120.204, 23.05493 ], [ 120.20399, 23.05493 ] ] }, { "type": "LineString", "coordinates": [ [ 120.20393, 23.05494 ], [ 120.20392, 23.05494 ] ] }, { "type": "Point", "coordinates": [ 120.20407, 23.05492 ] } ] } },
{ "type": "Feature", "properties": { "park_id": 374, "scenario": "2026-07-21 11:00:00 CST", "solar_alt": 74.553791940997598, "solar_az": 96.018416276456904, "canopy_min": 2.0 }, "geometry": { "type": "LineString", "coordinates": [ [ 120.17427, 23.06471 ], [ 120.17426, 23.06471 ] ] } },
{ "type": "Feature", "properties": { "park_id": 375, "scenario": "2026-07-21 11:00:00 CST", "solar_alt": 74.553791940997598, "solar_az": 96.018416276456904, "canopy_min": 2.0 }, "geometry": { "type": "GeometryCollection", "geometries": [ { "type": "MultiPolygon", "coordinates": [ [ [ [ 120.12351, 23.03602 ], [ 120.1235, 23.03601 ], [ 120.12351, 23.03601 ], [ 120.12351, 23.03602 ] ] ], [ [ [ 120.12352, 23.03605 ], [ 120.12352, 23.03604 ], [ 120.12353, 23.03605 ], [ 120.12352, 23.03605 ] ] ], [ [ [ 120.12353, 23.0361 ], [ 120.12353, 23.03608 ], [ 120.12354, 23.0361 ], [ 120.12353, 23.0361 ] ] ], [ [ [ 120.12354, 23.03616 ], [ 120.12355, 23.03617 ], [ 120.12354, 23.03617 ], [ 120.12354, 23.03616 ] ] ], [ [ [ 120.12353, 23.0362 ], [ 120.12353, 23.03618 ], [ 120.12354, 23.0362 ], [ 120.12353, 23.0362 ] ] ], [ [ [ 120.12353, 23.0362 ], [ 120.12353, 23.03623 ], [ 120.12352, 23.0362 ], [ 120.12353, 23.0362 ] ] ], [ [ [ 120.12354, 23.03623 ], [ 120.12354, 23.03625 ], [ 120.12353, 23.03625 ], [ 120.12353, 23.03623 ], [ 120.12354, 23.03623 ] ] ], [ [ [ 120.12355, 23.03613 ], [ 120.12355, 23.03614 ], [ 120.12354, 23.03613 ], [ 120.12355, 23.03613 ] ] ], [ [ [ 120.12451, 23.03635 ], [ 120.12451, 23.03644 ], [ 120.12449, 23.03637 ], [ 120.12451, 23.03635 ] ] ], [ [ [ 120.12356, 23.03649 ], [ 120.12357, 23.03649 ], [ 120.12356, 23.0365 ], [ 120.12356, 23.03649 ] ] ], [ [ [ 120.1245, 23.03654 ], [ 120.1245, 23.03648 ], [ 120.12451, 23.03654 ], [ 120.1245, 23.03654 ] ] ], [ [ [ 120.12452, 23.03655 ], [ 120.12452, 23.03654 ], [ 120.12453, 23.03655 ], [ 120.12452, 23.03655 ] ] ], [ [ [ 120.12453, 23.03657 ], [ 120.12452, 23.03657 ], [ 120.12453, 23.03656 ], [ 120.12453, 23.03657 ] ] ] ] }, { "type": "LineString", "coordinates": [ [ 120.12353, 23.03607 ], [ 120.12353, 23.03605 ] ] } ] } },
{ "type": "Feature", "properties": { "park_id": 376, "scenario": "2026-07-21 11:00:00 CST", "solar_alt": 74.553791940997598, "solar_az": 96.018416276456904, "canopy_min": 2.0 }, "geometry": { "type": "GeometryCollection", "geometries": [ { "type": "MultiPolygon", "coordinates": [ [ [ [ 120.21872, 22.98023 ], [ 120.21873, 22.98022 ], [ 120.21874, 22.98024 ], [ 120.21872, 22.98023 ] ] ], [ [ [ 120.21834, 22.98049 ], [ 120.21834, 22.98054 ], [ 120.21833, 22.98054 ], [ 120.21834, 22.98049 ] ] ], [ [ [ 120.21908, 22.98063 ], [ 120.21909, 22.98063 ], [ 120.21909, 22.98064 ], [ 120.21908, 22.98063 ] ] ], [ [ [ 120.21906, 22.98068 ], [ 120.21905, 22.98067 ], [ 120.21906, 22.98067 ], [ 120.21906, 22.98068 ] ] ], [ [ [ 120.21911, 22.98076 ], [ 120.2191, 22.98075 ], [ 120.21911, 22.98075 ], [ 120.21911, 22.98076 ] ] ] ] }, { "type": "LineString", "coordinates": [ [ 120.21908, 22.98065 ], [ 120.21907, 22.98065 ] ] } ] } },
{ "type": "Feature", "properties": { "park_id": 379, "scenario": "2026-07-21 11:00:00 CST", "solar_alt": 74.553791940997598, "solar_az": 96.018416276456904, "canopy_min": 2.0 }, "geometry": { "type": "GeometryCollection", "geometries": [ { "type": "MultiPolygon", "coordinates": [ [ [ [ 120.20117, 23.0068 ], [ 120.20118, 23.00681 ], [ 120.20117, 23.00681 ], [ 120.20117, 23.0068 ] ] ], [ [ [ 120.20118, 23.00681 ], [ 120.20119, 23.00681 ], [ 120.20118, 23.00683 ], [ 120.20118, 23.00681 ] ] ], [ [ [ 120.20121, 23.00684 ], [ 120.2012, 23.00684 ], [ 120.20121, 23.00683 ], [ 120.20121, 23.00684 ] ] ], [ [ [ 120.20109, 23.00696 ], [ 120.20109, 23.00695 ], [ 120.2011, 23.00696 ], [ 120.20109, 23.00696 ] ] ], [ [ [ 120.2011, 23.00697 ], [ 120.2011, 23.00698 ], [ 120.20109, 23.00697 ], [ 120.2011, 23.00697 ] ] ], [ [ [ 120.20107, 23.00699 ], [ 120.20108, 23.00699 ], [ 120.20107, 23.007 ], [ 120.20107, 23.00699 ] ] ], [ [ [ 120.20109, 23.00701 ], [ 120.20109, 23.007 ], [ 120.2011, 23.00701 ], [ 120.20109, 23.00701 ] ] ], [ [ [ 120.20137, 23.00681 ], [ 120.20136, 23.00679 ], [ 120.20137, 23.00679 ], [ 120.20137, 23.00681 ] ] ], [ [ [ 120.20121, 23.00688 ], [ 120.2012, 23.00693 ], [ 120.2012, 23.00688 ], [ 120.20121, 23.00688 ] ] ], [ [ [ 120.20141, 23.00697 ], [ 120.2014, 23.00694 ], [ 120.20142, 23.00697 ], [ 120.20141, 23.00697 ] ] ], [ [ [ 120.2015, 23.00699 ], [ 120.2015, 23.007 ], [ 120.20148, 23.00698 ], [ 120.2015, 23.00699 ] ] ], [ [ [ 120.20151, 23.007 ], [ 120.20151, 23.00702 ], [ 120.2015, 23.007 ], [ 120.20151, 23.007 ] ] ], [ [ [ 120.20141, 23.00711 ], [ 120.20142, 23.00712 ], [ 120.20141, 23.00713 ], [ 120.20141, 23.00712 ], [ 120.20141, 23.00711 ] ] ] ] }, { "type": "GeometryCollection", "geometries": [ { "type": "Point", "coordinates": [ 120.20118, 23.00668 ] }, { "type": "LineString", "coordinates": [ [ 120.20126, 23.00663 ], [ 120.20125, 23.00663 ] ] }, { "type": "LineString", "coordinates": [ [ 120.20141, 23.00712 ], [ 120.20142, 23.00712 ] ] } ] }, { "type": "MultiPoint", "coordinates": [ [ 120.2011, 23.00673 ], [ 120.20114, 23.00671 ], [ 120.20122, 23.00665 ], [ 120.20129, 23.0066 ], [ 120.20132, 23.00658 ], [ 120.20133, 23.00657 ] ] } ] } },
{ "type": "Feature", "properties": { "park_id": 380, "scenario": "2026-07-21 11:00:00 CST", "solar_alt": 74.553791940997598, "solar_az": 96.018416276456904, "canopy_min": 2.0 }, "geometry": { "type": "GeometryCollection", "geometries": [ { "type": "MultiPolygon", "coordinates": [ [ [ [ 120.19854, 23.01855 ], [ 120.19855, 23.01853 ], [ 120.19855, 23.01855 ], [ 120.19854, 23.01855 ] ] ], [ [ [ 120.19854, 23.01855 ], [ 120.19854, 23.01864 ], [ 120.19852, 23.01858 ], [ 120.19854, 23.01855 ] ] ], [ [ [ 120.19851, 23.01861 ], [ 120.19852, 23.01861 ], [ 120.19851, 23.01865 ], [ 120.19851, 23.01861 ] ] ], [ [ [ 120.19852, 23.01868 ], [ 120.19852, 23.0187 ], [ 120.19852, 23.01871 ], [ 120.19851, 23.0187 ], [ 120.19852, 23.01868 ] ] ], [ [ [ 120.19849, 23.0188 ], [ 120.19851, 23.01883 ], [ 120.19849, 23.01884 ], [ 120.19849, 23.0188 ] ] ], [ [ [ 120.19844, 23.01908 ], [ 120.19845, 23.01903 ], [ 120.19845, 23.01907 ], [ 120.19844, 23.01908 ] ] ], [ [ [ 120.19857, 23.01843 ], [ 120.19856, 23.01843 ], [ 120.19857, 23.01842 ], [ 120.19857, 23.01843 ] ] ], [ [ [ 120.19856, 23.01845 ], [ 120.19856, 23.01844 ], [ 120.19857, 23.01845 ], [ 120.19856, 23.01845 ] ] ], [ [ [ 120.19855, 23.0185 ], [ 120.19856, 23.0185 ], [ 120.19855, 23.01851 ], [ 120.19855, 23.0185 ] ] ], [ [ [ 120.19854, 23.01851 ], [ 120.19855, 23.01851 ], [ 120.19854, 23.01852 ], [ 120.19854, 23.01851 ] ] ], [ [ [ 120.19871, 23.01852 ], [ 120.19872, 23.01852 ], [ 120.19871, 23.01854 ], [ 120.19871, 23.01852 ] ] ], [ [ [ 120.19872, 23.01855 ], [ 120.19872, 23.01854 ], [ 120.19873, 23.01855 ], [ 120.19872, 23.01855 ] ] ] ] }, { "type": "MultiLineString", "coordinates": [ [ [ 120.19856, 23.01842 ], [ 120.19855, 23.01842 ] ], [ [ 120.19851, 23.0187 ], [ 120.19852, 23.0187 ] ], [ [ 120.1985, 23.01912 ], [ 120.19849, 23.01912 ] ], [ [ 120.19871, 23.0192 ], [ 120.19871, 23.01919 ] ] ] }, { "type": "MultiPoint", "coordinates": [ [ 120.19847, 23.01911 ], [ 120.1986, 23.01839 ], [ 120.19873, 23.0192 ], [ 120.19876, 23.01921 ], [ 120.19879, 23.01922 ], [ 120.19884, 23.01924 ] ] } ] } },
{ "type": "Feature", "properties": { "park_id": 381, "scenario": "2026-07-21 11:00:00 CST", "solar_alt": 74.553791940997598, "solar_az": 96.018416276456904, "canopy_min": 2.0 }, "geometry": { "type": "MultiPolygon", "coordinates": [ [ [ [ 120.20047, 23.0196 ], [ 120.20048, 23.0196 ], [ 120.20048, 23.01961 ], [ 120.20047, 23.0196 ] ] ], [ [ [ 120.20047, 23.01962 ], [ 120.20048, 23.01962 ], [ 120.20048, 23.01963 ], [ 120.20047, 23.01962 ] ] ], [ [ [ 120.20047, 23.01964 ], [ 120.2005, 23.01963 ], [ 120.2005, 23.01973 ], [ 120.20047, 23.01964 ] ] ], [ [ [ 120.20048, 23.01978 ], [ 120.20047, 23.01978 ], [ 120.20047, 23.01977 ], [ 120.20048, 23.01978 ] ] ], [ [ [ 120.20101, 23.01998 ], [ 120.201, 23.01998 ], [ 120.201, 23.01997 ], [ 120.20101, 23.01998 ] ] ], [ [ [ 120.2008, 23.02002 ], [ 120.20081, 23.02002 ], [ 120.20081, 23.02003 ], [ 120.2008, 23.02002 ] ] ], [ [ [ 120.20118, 23.0196 ], [ 120.20118, 23.01971 ], [ 120.20117, 23.01971 ], [ 120.20115, 23.01967 ], [ 120.20118, 23.0196 ] ] ], [ [ [ 120.20114, 23.01975 ], [ 120.20113, 23.01975 ], [ 120.20113, 23.01974 ], [ 120.20114, 23.01975 ] ] ], [ [ [ 120.20111, 23.01976 ], [ 120.20112, 23.01976 ], [ 120.20112, 23.01981 ], [ 120.20111, 23.01976 ] ] ], [ [ [ 120.20107, 23.01995 ], [ 120.20106, 23.01995 ], [ 120.20105, 23.01991 ], [ 120.20107, 23.01995 ] ] ], [ [ [ 120.20112, 23.02013 ], [ 120.2011, 23.02013 ], [ 120.20111, 23.02009 ], [ 120.20112, 23.02013 ] ] ] ] } },
{ "type": "Feature", "properties": { "park_id": 382, "scenario": "2026-07-21 11:00:00 CST", "solar_alt": 74.553791940997598, "solar_az": 96.018416276456904, "canopy_min": 2.0 }, "geometry": { "type": "GeometryCollection", "geometries": [ { "type": "MultiPolygon", "coordinates": [ [ [ [ 120.20472, 23.01572 ], [ 120.20473, 23.01573 ], [ 120.20472, 23.01573 ], [ 120.20472, 23.01572 ] ] ], [ [ [ 120.20457, 23.01589 ], [ 120.20457, 23.01587 ], [ 120.20458, 23.01589 ], [ 120.20457, 23.01589 ] ] ], [ [ [ 120.20457, 23.01589 ], [ 120.20457, 23.01591 ], [ 120.20456, 23.01589 ], [ 120.20457, 23.01589 ] ] ], [ [ [ 120.20458, 23.01589 ], [ 120.20459, 23.01591 ], [ 120.20458, 23.01591 ], [ 120.20458, 23.01589 ] ] ], [ [ [ 120.20454, 23.01593 ], [ 120.20454, 23.01592 ], [ 120.20455, 23.01593 ], [ 120.20454, 23.01593 ] ] ], [ [ [ 120.20453, 23.01608 ], [ 120.20452, 23.01594 ], [ 120.20455, 23.01608 ], [ 120.20453, 23.01608 ] ] ], [ [ [ 120.20461, 23.01612 ], [ 120.2046, 23.01613 ], [ 120.2046, 23.01612 ], [ 120.20461, 23.01612 ] ] ], [ [ [ 120.20483, 23.01579 ], [ 120.20483, 23.01577 ], [ 120.20484, 23.01579 ], [ 120.20483, 23.01579 ] ] ], [ [ [ 120.205, 23.01585 ], [ 120.205, 23.01583 ], [ 120.20501, 23.01585 ], [ 120.205, 23.01585 ] ] ], [ [ [ 120.20477, 23.01594 ], [ 120.20477, 23.01591 ], [ 120.20478, 23.01594 ], [ 120.20477, 23.01594 ] ] ], [ [ [ 120.20479, 23.01594 ], [ 120.20479, 23.01593 ], [ 120.2048, 23.01594 ], [ 120.20479, 23.01594 ] ] ], [ [ [ 120.205, 23.01597 ], [ 120.20501, 23.01597 ], [ 120.205, 23.01606 ], [ 120.205, 23.01597 ] ] ], [ [ [ 120.20476, 23.01604 ], [ 120.20477, 23.01604 ], [ 120.20476, 23.01607 ], [ 120.20476, 23.01604 ] ] ] ] }, { "type": "MultiLineString", "coordinates": [ [ [ 120.20464, 23.01582 ], [ 120.20464, 23.01581 ] ], [ [ 120.20463, 23.01584 ], [ 120.20463, 23.01583 ] ], [ [ 120.20501, 23.01596 ], [ 120.205, 23.01596 ] ], [ [ 120.20499, 23.01604 ], [ 120.20498, 23.01592 ] ] ] }, { "type": "Point", "coordinates": [ 120.20467, 23.01616 ] } ] } },
{ "type": "Feature", "properties": { "park_id": 384, "scenario": "2026-07-21 11:00:00 CST", "solar_alt": 74.553791940997598, "solar_az": 96.018416276456904, "canopy_min": 2.0 }, "geometry": { "type": "GeometryCollection", "geometries": [ { "type": "MultiPolygon", "coordinates": [ [ [ [ 120.18806, 22.99276 ], [ 120.18807, 22.99274 ], [ 120.18807, 22.99276 ], [ 120.18806, 22.99276 ] ] ], [ [ [ 120.18825, 22.99283 ], [ 120.18823, 22.99277 ], [ 120.18825, 22.99275 ], [ 120.18825, 22.99283 ] ] ], [ [ [ 120.18827, 22.99282 ], [ 120.18826, 22.99278 ], [ 120.18827, 22.99278 ], [ 120.18827, 22.99282 ] ] ], [ [ [ 120.1879, 22.99282 ], [ 120.18791, 22.99283 ], [ 120.1879, 22.99283 ], [ 120.1879, 22.99282 ] ] ], [ [ [ 120.18773, 22.99285 ], [ 120.18772, 22.99281 ], [ 120.18774, 22.99281 ], [ 120.18773, 22.99285 ] ] ], [ [ [ 120.18774, 22.99285 ], [ 120.18774, 22.99288 ], [ 120.18771, 22.99289 ], [ 120.18771, 22.99287 ], [ 120.18773, 22.99285 ], [ 120.18774, 22.99285 ] ] ], [ [ [ 120.18793, 22.99289 ], [ 120.18794, 22.99287 ], [ 120.18794, 22.99289 ], [ 120.18793, 22.99289 ] ] ], [ [ [ 120.18765, 22.99293 ], [ 120.18766, 22.99294 ], [ 120.18765, 22.99294 ], [ 120.18765, 22.99293 ] ] ] ] }, { "type": "MultiLineString", "coordinates": [ [ [ 120.18783, 22.99263 ], [ 120.18782, 22.99263 ] ], [ [ 120.18772, 22.9929 ], [ 120.18771, 22.9929 ] ] ] } ] } },
{ "type": "Feature", "properties": { "park_id": 385, "scenario": "2026-07-21 11:00:00 CST", "solar_alt": 74.553791940997598, "solar_az": 96.018416276456904, "canopy_min": 2.0 }, "geometry": { "type": "MultiPolygon", "coordinates": [ [ [ [ 120.18536, 22.96919 ], [ 120.18537, 22.96919 ], [ 120.18536, 22.96921 ], [ 120.18536, 22.96919 ] ] ], [ [ [ 120.18535, 22.96933 ], [ 120.18536, 22.96929 ], [ 120.18538, 22.96931 ], [ 120.18535, 22.96933 ] ] ], [ [ [ 120.18548, 22.96949 ], [ 120.18549, 22.96949 ], [ 120.18549, 22.9695 ], [ 120.18548, 22.96949 ] ] ], [ [ [ 120.18537, 22.9695 ], [ 120.18537, 22.96957 ], [ 120.18534, 22.96954 ], [ 120.18537, 22.9695 ] ] ], [ [ [ 120.18535, 22.96963 ], [ 120.18534, 22.96963 ], [ 120.18534, 22.96962 ], [ 120.18535, 22.96963 ] ] ], [ [ [ 120.18534, 22.96965 ], [ 120.18535, 22.96965 ], [ 120.18535, 22.96968 ], [ 120.18534, 22.96965 ] ] ], [ [ [ 120.18611, 22.96914 ], [ 120.18612, 22.96914 ], [ 120.18612, 22.96927 ], [ 120.18611, 22.96914 ] ] ], [ [ [ 120.18612, 22.96931 ], [ 120.18611, 22.96931 ], [ 120.18611, 22.9693 ], [ 120.18612, 22.96931 ] ] ], [ [ [ 120.1855, 22.96947 ], [ 120.18551, 22.96947 ], [ 120.18551, 22.96948 ], [ 120.1855, 22.96947 ] ] ], [ [ [ 120.18608, 22.96952 ], [ 120.18607, 22.96945 ], [ 120.18609, 22.96944 ], [ 120.1861, 22.96949 ], [ 120.18608, 22.96952 ] ] ], [ [ [ 120.18578, 22.96961 ], [ 120.18577, 22.96961 ], [ 120.18577, 22.96959 ], [ 120.18578, 22.96961 ] ] ] ] } },
{ "type": "Feature", "properties": { "park_id": 386, "scenario": "2026-07-21 11:00:00 CST", "solar_alt": 74.553791940997598, "solar_az": 96.018416276456904, "canopy_min": 2.0 }, "geometry": { "type": "GeometryCollection", "geometries": [ { "type": "MultiPolygon", "coordinates": [ [ [ [ 120.33189, 22.96675 ], [ 120.33188, 22.96675 ], [ 120.33188, 22.96674 ], [ 120.33189, 22.96675 ] ] ], [ [ [ 120.33119, 22.96729 ], [ 120.33119, 22.9673 ], [ 120.33118, 22.9673 ], [ 120.33119, 22.96729 ] ] ], [ [ [ 120.33189, 22.96761 ], [ 120.33189, 22.9676 ], [ 120.3319, 22.9676 ], [ 120.33189, 22.96761 ] ] ], [ [ [ 120.33234, 22.96778 ], [ 120.33234, 22.96777 ], [ 120.33235, 22.96777 ], [ 120.33234, 22.96778 ] ] ] ] }, { "type": "Point", "coordinates": [ 120.33137, 22.96636 ] } ] } },
{ "type": "Feature", "properties": { "park_id": 387, "scenario": "2026-07-21 11:00:00 CST", "solar_alt": 74.553791940997598, "solar_az": 96.018416276456904, "canopy_min": 2.0 }, "geometry": { "type": "GeometryCollection", "geometries": [ { "type": "MultiPolygon", "coordinates": [ [ [ [ 120.1846, 22.97393 ], [ 120.1846, 22.97394 ], [ 120.18459, 22.97394 ], [ 120.1846, 22.97393 ] ] ], [ [ [ 120.18459, 22.97397 ], [ 120.18459, 22.97402 ], [ 120.18458, 22.97402 ], [ 120.18459, 22.97397 ] ] ], [ [ [ 120.18474, 22.97428 ], [ 120.18475, 22.97428 ], [ 120.18475, 22.97429 ], [ 120.18474, 22.97428 ] ] ], [ [ [ 120.18477, 22.97431 ], [ 120.18476, 22.97428 ], [ 120.18477, 22.97428 ], [ 120.18477, 22.97431 ] ] ], [ [ [ 120.18478, 22.97441 ], [ 120.18477, 22.9744 ], [ 120.18478, 22.9744 ], [ 120.18478, 22.97441 ] ] ], [ [ [ 120.18478, 22.97449 ], [ 120.18478, 22.97447 ], [ 120.18479, 22.97447 ], [ 120.18478, 22.97449 ] ] ], [ [ [ 120.1845, 22.97449 ], [ 120.1845, 22.97448 ], [ 120.18451, 22.97448 ], [ 120.1845, 22.97449 ] ] ], [ [ [ 120.18476, 22.97459 ], [ 120.18477, 22.97459 ], [ 120.18477, 22.9746 ], [ 120.18476, 22.97459 ] ] ], [ [ [ 120.18443, 22.97462 ], [ 120.18442, 22.9746 ], [ 120.18443, 22.9746 ], [ 120.18443, 22.97462 ] ] ], [ [ [ 120.18476, 22.97464 ], [ 120.18475, 22.97461 ], [ 120.18476, 22.97461 ], [ 120.18476, 22.97464 ] ] ], [ [ [ 120.18442, 22.97465 ], [ 120.18441, 22.97465 ], [ 120.18441, 22.97464 ], [ 120.18442, 22.97465 ] ] ], [ [ [ 120.18435, 22.97469 ], [ 120.18436, 22.97469 ], [ 120.18436, 22.9747 ], [ 120.18435, 22.97469 ] ] ], [ [ [ 120.1846, 22.97473 ], [ 120.1846, 22.97467 ], [ 120.18461, 22.97467 ], [ 120.1846, 22.97473 ] ] ], [ [ [ 120.18436, 22.97472 ], [ 120.18435, 22.97471 ], [ 120.18436, 22.97471 ], [ 120.18436, 22.97472 ] ] ], [ [ [ 120.18463, 22.97474 ], [ 120.18462, 22.97472 ], [ 120.18463, 22.97472 ], [ 120.18463, 22.97474 ] ] ], [ [ [ 120.1844, 22.97483 ], [ 120.1844, 22.9748 ], [ 120.18441, 22.9748 ], [ 120.1844, 22.97483 ] ] ], [ [ [ 120.18469, 22.97577 ], [ 120.1847, 22.97577 ], [ 120.1847, 22.97578 ], [ 120.18469, 22.97577 ] ] ], [ [ [ 120.1847, 22.97583 ], [ 120.1847, 22.97579 ], [ 120.18471, 22.97579 ], [ 120.1847, 22.97583 ] ] ], [ [ [ 120.18445, 22.97608 ], [ 120.18446, 22.97608 ], [ 120.18446, 22.97609 ], [ 120.18445, 22.97608 ] ] ], [ [ [ 120.18468, 22.97619 ], [ 120.18467, 22.9762 ], [ 120.18467, 22.97619 ], [ 120.18468, 22.97619 ] ] ], [ [ [ 120.1848, 22.9745 ], [ 120.18481, 22.9745 ], [ 120.18481, 22.97453 ], [ 120.1848, 22.9745 ] ] ], [ [ [ 120.18509, 22.97472 ], [ 120.18508, 22.97472 ], [ 120.18508, 22.97471 ], [ 120.18509, 22.97472 ] ] ], [ [ [ 120.18505, 22.97475 ], [ 120.18506, 22.97475 ], [ 120.18506, 22.97476 ], [ 120.18505, 22.97475 ] ] ], [ [ [ 120.18511, 22.97482 ], [ 120.1851, 22.97481 ], [ 120.18511, 22.97481 ], [ 120.18511, 22.97482 ] ] ], [ [ [ 120.18512, 22.97485 ], [ 120.18511, 22.97483 ], [ 120.18512, 22.97483 ], [ 120.18512, 22.97485 ] ] ], [ [ [ 120.18513, 22.97487 ], [ 120.18513, 22.97486 ], [ 120.18514, 22.97486 ], [ 120.18513, 22.97487 ] ] ], [ [ [ 120.18513, 22.97491 ], [ 120.18513, 22.97489 ], [ 120.18514, 22.97489 ], [ 120.18513, 22.97491 ] ] ], [ [ [ 120.18507, 22.97495 ], [ 120.18508, 22.97495 ], [ 120.18508, 22.97497 ], [ 120.18507, 22.97495 ] ] ], [ [ [ 120.18516, 22.97496 ], [ 120.18517, 22.97498 ], [ 120.18516, 22.97498 ], [ 120.18516, 22.97496 ] ] ], [ [ [ 120.18507, 22.97498 ], [ 120.18508, 22.97499 ], [ 120.18507, 22.97499 ], [ 120.18507, 22.97498 ] ] ], [ [ [ 120.18489, 22.97554 ], [ 120.1849, 22.97554 ], [ 120.1849, 22.97555 ], [ 120.18489, 22.97554 ] ] ], [ [ [ 120.18489, 22.97559 ], [ 120.1849, 22.97559 ], [ 120.1849, 22.9756 ], [ 120.18489, 22.97559 ] ] ], [ [ [ 120.18518, 22.97564 ], [ 120.18518, 22.97562 ], [ 120.18519, 22.97562 ], [ 120.18518, 22.97564 ] ] ], [ [ [ 120.18531, 22.97566 ], [ 120.18532, 22.97564 ], [ 120.18532, 22.97566 ], [ 120.18531, 22.97566 ] ] ], [ [ [ 120.18528, 22.97567 ], [ 120.1853, 22.97568 ], [ 120.18528, 22.97568 ], [ 120.18528, 22.97567 ] ] ], [ [ [ 120.1853, 22.97572 ], [ 120.18528, 22.97571 ], [ 120.18528, 22.9757 ], [ 120.1853, 22.97572 ] ] ], [ [ [ 120.18531, 22.97573 ], [ 120.18532, 22.97573 ], [ 120.18532, 22.97574 ], [ 120.18531, 22.97573 ] ] ], [ [ [ 120.18515, 22.97584 ], [ 120.18515, 22.97582 ], [ 120.18516, 22.97582 ], [ 120.18515, 22.97584 ] ] ], [ [ [ 120.18523, 22.97604 ], [ 120.18524, 22.97602 ], [ 120.18524, 22.97604 ], [ 120.18523, 22.97604 ] ] ], [ [ [ 120.1848, 22.97617 ], [ 120.18481, 22.97622 ], [ 120.1848, 22.97622 ], [ 120.1848, 22.97617 ] ] ] ] }, { "type": "GeometryCollection", "geometries": [ { "type": "Point", "coordinates": [ 120.1841, 22.97402 ] }, { "type": "LineString", "coordinates": [ [ 120.18413, 22.97418 ], [ 120.18413, 22.97419 ] ] }, { "type": "LineString", "coordinates": [ [ 120.18414, 22.97424 ], [ 120.18413, 22.97424 ] ] }, { "type": "LineString", "coordinates": [ [ 120.18414, 22.97429 ], [ 120.18414, 22.9743 ] ] }, { "type": "LineString", "coordinates": [ [ 120.18419, 22.97457 ], [ 120.18419, 22.97456 ] ] }, { "type": "LineString", "coordinates": [ [ 120.18421, 22.97467 ], [ 120.18421, 22.97468 ] ] }, { "type": "LineString", "coordinates": [ [ 120.18426, 22.97495 ], [ 120.18426, 22.97494 ] ] }, { "type": "LineString", "coordinates": [ [ 120.18428, 22.97505 ], [ 120.18428, 22.97506 ] ] }, { "type": "LineString", "coordinates": [ [ 120.1843, 22.97516 ], [ 120.18429, 22.97516 ] ] }, { "type": "LineString", "coordinates": [ [ 120.1843, 22.97521 ], [ 120.1843, 22.97522 ] ] }, { "type": "LineString", "coordinates": [ [ 120.18477, 22.97459 ], [ 120.18478, 22.97459 ] ] }, { "type": "LineString", "coordinates": [ [ 120.18465, 22.9754 ], [ 120.18465, 22.97541 ] ] }, { "type": "LineString", "coordinates": [ [ 120.18441, 22.97581 ], [ 120.18441, 22.97582 ] ] }, { "type": "LineString", "coordinates": [ [ 120.18447, 22.97614 ], [ 120.18446, 22.97614 ] ] }, { "type": "LineString", "coordinates": [ [ 120.18447, 22.97619 ], [ 120.18447, 22.9762 ] ] }, { "type": "LineString", "coordinates": [ [ 120.18448, 22.97624 ], [ 120.18448, 22.97625 ] ] }, { "type": "LineString", "coordinates": [ [ 120.18509, 22.9747 ], [ 120.18508, 22.9747 ] ] }, { "type": "LineString", "coordinates": [ [ 120.18516, 22.97493 ], [ 120.18516, 22.97494 ] ] } ] }, { "type": "MultiPoint", "coordinates": [ [ 120.18415, 22.97435 ], [ 120.18416, 22.9744 ], [ 120.18417, 22.97446 ], [ 120.18418, 22.97451 ], [ 120.1842, 22.97462 ], [ 120.18422, 22.97473 ], [ 120.18424, 22.97484 ], [ 120.18425, 22.97489 ], [ 120.18427, 22.975 ], [ 120.18429, 22.97511 ], [ 120.18431, 22.97527 ], [ 120.1844, 22.97576 ], [ 120.18442, 22.97587 ], [ 120.18443, 22.97592 ], [ 120.18445, 22.97603 ] ] } ] } },
{ "type": "Feature", "properties": { "park_id": 388, "scenario": "2026-07-21 11:00:00 CST", "solar_alt": 74.553791940997598, "solar_az": 96.018416276456904, "canopy_min": 2.0 }, "geometry": { "type": "GeometryCollection", "geometries": [ { "type": "MultiPolygon", "coordinates": [ [ [ [ 120.2073, 22.98796 ], [ 120.2073, 22.98797 ], [ 120.20729, 22.98796 ], [ 120.2073, 22.98796 ] ] ], [ [ [ 120.20794, 22.98804 ], [ 120.20793, 22.98804 ], [ 120.20794, 22.98801 ], [ 120.20794, 22.98804 ] ] ], [ [ [ 120.20794, 22.98805 ], [ 120.20794, 22.98806 ], [ 120.20793, 22.98805 ], [ 120.20794, 22.98805 ] ] ], [ [ [ 120.20772, 22.98812 ], [ 120.20771, 22.98811 ], [ 120.20772, 22.98811 ], [ 120.20772, 22.98812 ] ] ], [ [ [ 120.20766, 22.98815 ], [ 120.20765, 22.98815 ], [ 120.20766, 22.98814 ], [ 120.20766, 22.98815 ] ] ], [ [ [ 120.20764, 22.98824 ], [ 120.20763, 22.98824 ], [ 120.20764, 22.9882 ], [ 120.20764, 22.98824 ] ] ], [ [ [ 120.20836, 22.98743 ], [ 120.20837, 22.9874 ], [ 120.20837, 22.98743 ], [ 120.20836, 22.98743 ] ] ], [ [ [ 120.20839, 22.98746 ], [ 120.20838, 22.98746 ], [ 120.20839, 22.98745 ], [ 120.20839, 22.98746 ] ] ], [ [ [ 120.2084, 22.98748 ], [ 120.20839, 22.98748 ], [ 120.2084, 22.98747 ], [ 120.2084, 22.98748 ] ] ], [ [ [ 120.20839, 22.98754 ], [ 120.2084, 22.98752 ], [ 120.2084, 22.98754 ], [ 120.20839, 22.98754 ] ] ], [ [ [ 120.20838, 22.98754 ], [ 120.20839, 22.98754 ], [ 120.20838, 22.98757 ], [ 120.20838, 22.98754 ] ] ], [ [ [ 120.20837, 22.9876 ], [ 120.20836, 22.9876 ], [ 120.20837, 22.98759 ], [ 120.20837, 22.9876 ] ] ] ] }, { "type": "MultiLineString", "coordinates": [ [ [ 120.20722, 22.9874 ], [ 120.20722, 22.98739 ] ], [ [ 120.20765, 22.98818 ], [ 120.20764, 22.98819 ] ] ] }, { "type": "MultiPoint", "coordinates": [ [ 120.20737, 22.98814 ], [ 120.2074, 22.9882 ] ] } ] } },
{ "type": "Feature", "properties": { "park_id": 389, "scenario": "2026-07-21 11:00:00 CST", "solar_alt": 74.553791940997598, "solar_az": 96.018416276456904, "canopy_min": 2.0 }, "geometry": { "type": "GeometryCollection", "geometries": [ { "type": "MultiPolygon", "coordinates": [ [ [ [ 120.22144, 22.97405 ], [ 120.22142, 22.97399 ], [ 120.22144, 22.97398 ], [ 120.22144, 22.97405 ] ] ], [ [ [ 120.22125, 22.97418 ], [ 120.22125, 22.97419 ], [ 120.22124, 22.97418 ], [ 120.22125, 22.97418 ] ] ], [ [ [ 120.22209, 22.97425 ], [ 120.22207, 22.97419 ], [ 120.2221, 22.97425 ], [ 120.22209, 22.97425 ] ] ], [ [ [ 120.22213, 22.97426 ], [ 120.22211, 22.97427 ], [ 120.22211, 22.97425 ], [ 120.22213, 22.97426 ] ] ], [ [ [ 120.22224, 22.97482 ], [ 120.22223, 22.97482 ], [ 120.22224, 22.97481 ], [ 120.22224, 22.97482 ] ] ], [ [ [ 120.22119, 22.97582 ], [ 120.22119, 22.97583 ], [ 120.22118, 22.97582 ], [ 120.22119, 22.97582 ] ] ], [ [ [ 120.2212, 22.97583 ], [ 120.2212, 22.97584 ], [ 120.22119, 22.97583 ], [ 120.2212, 22.97583 ] ] ], [ [ [ 120.2225, 22.97424 ], [ 120.2225, 22.97425 ], [ 120.22249, 22.97424 ], [ 120.2225, 22.97424 ] ] ], [ [ [ 120.22249, 22.97429 ], [ 120.22248, 22.97429 ], [ 120.22249, 22.97428 ], [ 120.22249, 22.97429 ] ] ], [ [ [ 120.22246, 22.97431 ], [ 120.22246, 22.97435 ], [ 120.22245, 22.9743 ], [ 120.22246, 22.97431 ] ] ], [ [ [ 120.22266, 22.97436 ], [ 120.22266, 22.97433 ], [ 120.22267, 22.97436 ], [ 120.22266, 22.97436 ] ] ], [ [ [ 120.22234, 22.97438 ], [ 120.22234, 22.97436 ], [ 120.22235, 22.97438 ], [ 120.22234, 22.97438 ] ] ], [ [ [ 120.22247, 22.97439 ], [ 120.22248, 22.97439 ], [ 120.22247, 22.9744 ], [ 120.22247, 22.97439 ] ] ] ] }, { "type": "MultiLineString", "coordinates": [ [ [ 120.22106, 22.97572 ], [ 120.22106, 22.97573 ] ], [ [ 120.2221, 22.97419 ], [ 120.22209, 22.97419 ] ], [ [ 120.22149, 22.97575 ], [ 120.22148, 22.97575 ] ] ] }, { "type": "MultiPoint", "coordinates": [ [ 120.22074, 22.97543 ], [ 120.22075, 22.97542 ], [ 120.22076, 22.9754 ], [ 120.22107, 22.97573 ], [ 120.22113, 22.97578 ], [ 120.22114, 22.97579 ], [ 120.22125, 22.97588 ], [ 120.22126, 22.97589 ] ] } ] } },
{ "type": "Feature", "properties": { "park_id": 390, "scenario": "2026-07-21 11:00:00 CST", "solar_alt": 74.553791940997598, "solar_az": 96.018416276456904, "canopy_min": 2.0 }, "geometry": { "type": "GeometryCollection", "geometries": [ { "type": "MultiPolygon", "coordinates": [ [ [ [ 120.20508, 22.99231 ], [ 120.20506, 22.99231 ], [ 120.20506, 22.99224 ], [ 120.20508, 22.99231 ] ] ], [ [ [ 120.20529, 22.99267 ], [ 120.20528, 22.99266 ], [ 120.20529, 22.99266 ], [ 120.20529, 22.99267 ] ] ], [ [ [ 120.20527, 22.99269 ], [ 120.20526, 22.99268 ], [ 120.20527, 22.99268 ], [ 120.20527, 22.99269 ] ] ], [ [ [ 120.20526, 22.99269 ], [ 120.20525, 22.99277 ], [ 120.20522, 22.99277 ], [ 120.20526, 22.99269 ] ] ], [ [ [ 120.20517, 22.9928 ], [ 120.20516, 22.99279 ], [ 120.20517, 22.99279 ], [ 120.20517, 22.9928 ] ] ], [ [ [ 120.20484, 22.99287 ], [ 120.20486, 22.99285 ], [ 120.20486, 22.99288 ], [ 120.20484, 22.99287 ] ] ] ] }, { "type": "LineString", "coordinates": [ [ 120.20469, 22.99268 ], [ 120.20469, 22.99269 ] ] }, { "type": "Point", "coordinates": [ 120.2047, 22.99271 ] } ] } },
{ "type": "Feature", "properties": { "park_id": 391, "scenario": "2026-07-21 11:00:00 CST", "solar_alt": 74.553791940997598, "solar_az": 96.018416276456904, "canopy_min": 2.0 }, "geometry": { "type": "GeometryCollection", "geometries": [ { "type": "Polygon", "coordinates": [ [ [ 120.20556, 23.00974 ], [ 120.20555, 23.00973 ], [ 120.20556, 23.00973 ], [ 120.20556, 23.00974 ] ] ] }, { "type": "MultiLineString", "coordinates": [ [ [ 120.20555, 23.00975 ], [ 120.20556, 23.00975 ] ], [ [ 120.20495, 23.00995 ], [ 120.20495, 23.00996 ] ], [ [ 120.20496, 23.01006 ], [ 120.20496, 23.01005 ] ] ] } ] } },
{ "type": "Feature", "properties": { "park_id": 392, "scenario": "2026-07-21 11:00:00 CST", "solar_alt": 74.553791940997598, "solar_az": 96.018416276456904, "canopy_min": 2.0 }, "geometry": { "type": "GeometryCollection", "geometries": [ { "type": "MultiPolygon", "coordinates": [ [ [ [ 120.18567, 23.00474 ], [ 120.18568, 23.00474 ], [ 120.18568, 23.00475 ], [ 120.18567, 23.00474 ] ] ], [ [ [ 120.18569, 23.00475 ], [ 120.18569, 23.00477 ], [ 120.18567, 23.00477 ], [ 120.18568, 23.00475 ], [ 120.18569, 23.00475 ] ] ], [ [ [ 120.1858, 23.00481 ], [ 120.18581, 23.0048 ], [ 120.18581, 23.00481 ], [ 120.1858, 23.00481 ] ] ], [ [ [ 120.18576, 23.00489 ], [ 120.18578, 23.00486 ], [ 120.18578, 23.0049 ], [ 120.18576, 23.00489 ] ] ], [ [ [ 120.18573, 23.00512 ], [ 120.18573, 23.00508 ], [ 120.18574, 23.00508 ], [ 120.18573, 23.00512 ] ] ], [ [ [ 120.18541, 23.00551 ], [ 120.18542, 23.00547 ], [ 120.18542, 23.00551 ], [ 120.18541, 23.00551 ] ] ], [ [ [ 120.18543, 23.00552 ], [ 120.18542, 23.00553 ], [ 120.18542, 23.00552 ], [ 120.18543, 23.00552 ] ] ] ] }, { "type": "LineString", "coordinates": [ [ 120.18572, 23.0051 ], [ 120.18571, 23.00518 ] ] }, { "type": "Point", "coordinates": [ 120.1855, 23.00571 ] } ] } },
{ "type": "Feature", "properties": { "park_id": 393, "scenario": "2026-07-21 11:00:00 CST", "solar_alt": 74.553791940997598, "solar_az": 96.018416276456904, "canopy_min": 2.0 }, "geometry": { "type": "GeometryCollection", "geometries": [ { "type": "MultiPolygon", "coordinates": [ [ [ [ 120.22427, 22.99652 ], [ 120.22428, 22.99653 ], [ 120.22427, 22.99653 ], [ 120.22427, 22.99652 ] ] ], [ [ [ 120.22429, 22.99654 ], [ 120.22428, 22.99653 ], [ 120.22429, 22.99653 ], [ 120.22429, 22.99654 ] ] ], [ [ [ 120.22429, 22.99658 ], [ 120.2243, 22.99657 ], [ 120.2243, 22.99658 ], [ 120.22429, 22.99658 ] ] ], [ [ [ 120.22431, 22.99659 ], [ 120.2243, 22.9966 ], [ 120.2243, 22.99659 ], [ 120.22431, 22.99659 ] ] ], [ [ [ 120.22431, 22.99664 ], [ 120.2243, 22.99662 ], [ 120.22431, 22.99662 ], [ 120.22431, 22.99664 ] ] ], [ [ [ 120.2243, 22.99668 ], [ 120.22429, 22.99669 ], [ 120.22429, 22.99668 ], [ 120.2243, 22.99668 ] ] ], [ [ [ 120.22429, 22.99672 ], [ 120.2243, 22.99673 ], [ 120.22429, 22.99673 ], [ 120.22429, 22.99672 ] ] ], [ [ [ 120.22429, 22.99675 ], [ 120.22429, 22.99674 ], [ 120.2243, 22.99675 ], [ 120.22429, 22.99675 ] ] ], [ [ [ 120.22431, 22.99675 ], [ 120.22431, 22.99679 ], [ 120.2243, 22.99675 ], [ 120.22431, 22.99675 ] ] ], [ [ [ 120.22431, 22.99691 ], [ 120.2243, 22.99681 ], [ 120.22431, 22.99681 ], [ 120.22431, 22.99691 ] ] ], [ [ [ 120.22432, 22.99695 ], [ 120.22433, 22.99694 ], [ 120.22433, 22.99695 ], [ 120.22432, 22.99695 ] ] ], [ [ [ 120.22433, 22.99697 ], [ 120.22434, 22.99696 ], [ 120.22434, 22.99697 ], [ 120.22433, 22.99697 ] ] ], [ [ [ 120.22435, 22.99699 ], [ 120.22435, 22.997 ], [ 120.22434, 22.99699 ], [ 120.22435, 22.99699 ] ] ], [ [ [ 120.22436, 22.99703 ], [ 120.22435, 22.99703 ], [ 120.22436, 22.99702 ], [ 120.22436, 22.99703 ] ] ], [ [ [ 120.22435, 22.99704 ], [ 120.22436, 22.99703 ], [ 120.22436, 22.99704 ], [ 120.22435, 22.99704 ] ] ], [ [ [ 120.22435, 22.99714 ], [ 120.22434, 22.99713 ], [ 120.22435, 22.99713 ], [ 120.22435, 22.99714 ] ] ], [ [ [ 120.22434, 22.99718 ], [ 120.22433, 22.99715 ], [ 120.22434, 22.99715 ], [ 120.22434, 22.99718 ] ] ], [ [ [ 120.22434, 22.99718 ], [ 120.22435, 22.99718 ], [ 120.22435, 22.99724 ], [ 120.22433, 22.99731 ], [ 120.22433, 22.99723 ], [ 120.22434, 22.99718 ] ] ], [ [ [ 120.22435, 22.99731 ], [ 120.22436, 22.99731 ], [ 120.22435, 22.99732 ], [ 120.22435, 22.99731 ] ] ], [ [ [ 120.2244, 22.99743 ], [ 120.22439, 22.99749 ], [ 120.22439, 22.99743 ], [ 120.2244, 22.99743 ] ] ], [ [ [ 120.22441, 22.99749 ], [ 120.2244, 22.9975 ], [ 120.2244, 22.99749 ], [ 120.22441, 22.99749 ] ] ], [ [ [ 120.2244, 22.9975 ], [ 120.22438, 22.99756 ], [ 120.22439, 22.9975 ], [ 120.2244, 22.9975 ] ] ], [ [ [ 120.2244, 22.99759 ], [ 120.22441, 22.99758 ], [ 120.22441, 22.99759 ], [ 120.2244, 22.99759 ] ] ], [ [ [ 120.22438, 22.99792 ], [ 120.22441, 22.99777 ], [ 120.2244, 22.99801 ], [ 120.22438, 22.99792 ] ] ], [ [ [ 120.22442, 22.99811 ], [ 120.22441, 22.99812 ], [ 120.22441, 22.99811 ], [ 120.22442, 22.99811 ] ] ], [ [ [ 120.22441, 22.99818 ], [ 120.22442, 22.99814 ], [ 120.22442, 22.99818 ], [ 120.22441, 22.99818 ] ] ], [ [ [ 120.22462, 22.99676 ], [ 120.22461, 22.9967 ], [ 120.22465, 22.99663 ], [ 120.22465, 22.99667 ], [ 120.22462, 22.99676 ] ] ], [ [ [ 120.22461, 22.99685 ], [ 120.2246, 22.99685 ], [ 120.22461, 22.99683 ], [ 120.22461, 22.99685 ] ] ], [ [ [ 120.22449, 22.9969 ], [ 120.2245, 22.99691 ], [ 120.22449, 22.99691 ], [ 120.22449, 22.9969 ] ] ], [ [ [ 120.2245, 22.99693 ], [ 120.22449, 22.99694 ], [ 120.22449, 22.99693 ], [ 120.2245, 22.99693 ] ] ], [ [ [ 120.22483, 22.99707 ], [ 120.22482, 22.99708 ], [ 120.22482, 22.99707 ], [ 120.22483, 22.99707 ] ] ], [ [ [ 120.22482, 22.99709 ], [ 120.22483, 22.99709 ], [ 120.22482, 22.9971 ], [ 120.22482, 22.99709 ] ] ], [ [ [ 120.22481, 22.99714 ], [ 120.22481, 22.99713 ], [ 120.22482, 22.99714 ], [ 120.22481, 22.99714 ] ] ], [ [ [ 120.22451, 22.99733 ], [ 120.2245, 22.99727 ], [ 120.22452, 22.99724 ], [ 120.22451, 22.99733 ] ] ], [ [ [ 120.22494, 22.99752 ], [ 120.22495, 22.9975 ], [ 120.22495, 22.99752 ], [ 120.22495, 22.99755 ], [ 120.22494, 22.99752 ] ] ], [ [ [ 120.22492, 22.99752 ], [ 120.22493, 22.99751 ], [ 120.22493, 22.99752 ], [ 120.22492, 22.99752 ] ] ], [ [ [ 120.22456, 22.99754 ], [ 120.22455, 22.99754 ], [ 120.22456, 22.99753 ], [ 120.22456, 22.99754 ] ] ], [ [ [ 120.22453, 22.99755 ], [ 120.22454, 22.99753 ], [ 120.22454, 22.99755 ], [ 120.22453, 22.99755 ] ] ], [ [ [ 120.22456, 22.99755 ], [ 120.22455, 22.99757 ], [ 120.22455, 22.99755 ], [ 120.22456, 22.99755 ] ] ], [ [ [ 120.2247, 22.9976 ], [ 120.22469, 22.99761 ], [ 120.22469, 22.99758 ], [ 120.2247, 22.9976 ] ] ], [ [ [ 120.22458, 22.99765 ], [ 120.22455, 22.99777 ], [ 120.22457, 22.99765 ], [ 120.22458, 22.99765 ] ] ], [ [ [ 120.22479, 22.99771 ], [ 120.22476, 22.9978 ], [ 120.22478, 22.99771 ], [ 120.22479, 22.99771 ] ] ], [ [ [ 120.22459, 22.99779 ], [ 120.2246, 22.99778 ], [ 120.2246, 22.99779 ], [ 120.22459, 22.99779 ] ] ], [ [ [ 120.22514, 22.99789 ], [ 120.22515, 22.99788 ], [ 120.22515, 22.99789 ], [ 120.22514, 22.99789 ] ] ], [ [ [ 120.22442, 22.99799 ], [ 120.22442, 22.998 ], [ 120.22441, 22.99799 ], [ 120.22442, 22.99799 ] ] ], [ [ [ 120.22441, 22.99801 ], [ 120.22442, 22.99801 ], [ 120.22441, 22.99802 ], [ 120.22441, 22.99801 ] ] ], [ [ [ 120.22496, 22.99806 ], [ 120.22497, 22.99803 ], [ 120.22497, 22.99806 ], [ 120.22496, 22.99806 ] ] ], [ [ [ 120.22441, 22.9981 ], [ 120.22442, 22.99805 ], [ 120.22442, 22.9981 ], [ 120.22441, 22.9981 ] ] ], [ [ [ 120.22481, 22.99811 ], [ 120.22482, 22.9981 ], [ 120.22482, 22.99811 ], [ 120.22481, 22.99811 ] ] ], [ [ [ 120.22442, 22.99812 ], [ 120.22443, 22.99812 ], [ 120.22442, 22.99814 ], [ 120.22442, 22.99812 ] ] ], [ [ [ 120.22441, 22.99823 ], [ 120.22441, 22.9982 ], [ 120.22442, 22.99823 ], [ 120.22441, 22.99823 ] ] ], [ [ [ 120.22549, 22.9968 ], [ 120.2255, 22.99679 ], [ 120.2255, 22.99681 ], [ 120.22549, 22.9968 ] ] ], [ [ [ 120.22551, 22.99685 ], [ 120.2255, 22.99682 ], [ 120.22551, 22.99682 ], [ 120.22551, 22.99685 ] ] ], [ [ [ 120.22523, 22.99688 ], [ 120.22521, 22.99684 ], [ 120.22523, 22.99683 ], [ 120.22523, 22.99688 ] ] ], [ [ [ 120.22551, 22.99689 ], [ 120.2255, 22.99689 ], [ 120.22551, 22.99686 ], [ 120.22551, 22.99689 ] ] ], [ [ [ 120.22539, 22.9969 ], [ 120.22539, 22.99691 ], [ 120.22538, 22.9969 ], [ 120.22539, 22.9969 ] ] ], [ [ [ 120.22538, 22.99692 ], [ 120.22537, 22.99691 ], [ 120.22538, 22.99691 ], [ 120.22538, 22.99692 ] ] ], [ [ [ 120.22539, 22.99694 ], [ 120.22538, 22.99694 ], [ 120.22538, 22.99692 ], [ 120.22539, 22.99692 ], [ 120.22539, 22.99694 ] ] ], [ [ [ 120.22528, 22.99697 ], [ 120.22527, 22.99705 ], [ 120.22526, 22.99696 ], [ 120.22528, 22.99697 ] ] ], [ [ [ 120.22548, 22.99706 ], [ 120.22547, 22.99707 ], [ 120.22547, 22.99706 ], [ 120.22548, 22.99706 ] ] ], [ [ [ 120.2254, 22.99717 ], [ 120.22539, 22.99722 ], [ 120.22539, 22.99717 ], [ 120.2254, 22.99717 ] ] ], [ [ [ 120.22554, 22.99724 ], [ 120.22555, 22.99725 ], [ 120.22554, 22.99725 ], [ 120.22554, 22.99724 ] ] ], [ [ [ 120.22525, 22.99725 ], [ 120.22526, 22.99724 ], [ 120.22526, 22.99725 ], [ 120.22525, 22.99725 ] ] ], [ [ [ 120.22523, 22.99736 ], [ 120.22523, 22.99727 ], [ 120.22525, 22.99732 ], [ 120.22523, 22.99736 ] ] ], [ [ [ 120.22521, 22.99738 ], [ 120.22522, 22.99738 ], [ 120.22521, 22.99744 ], [ 120.22521, 22.99738 ] ] ], [ [ [ 120.22548, 22.9976 ], [ 120.2255, 22.99758 ], [ 120.2255, 22.9976 ], [ 120.22548, 22.9976 ] ] ], [ [ [ 120.22548, 22.99761 ], [ 120.22549, 22.99762 ], [ 120.22548, 22.99762 ], [ 120.22548, 22.99761 ] ] ], [ [ [ 120.22544, 22.99764 ], [ 120.2254, 22.99773 ], [ 120.22541, 22.99764 ], [ 120.22544, 22.99764 ] ] ], [ [ [ 120.22538, 22.99773 ], [ 120.22537, 22.99786 ], [ 120.22534, 22.99777 ], [ 120.22538, 22.99773 ] ] ], [ [ [ 120.22538, 22.99786 ], [ 120.22538, 22.99787 ], [ 120.22537, 22.99786 ], [ 120.22538, 22.99786 ] ] ], [ [ [ 120.2252, 22.99794 ], [ 120.22521, 22.99793 ], [ 120.22521, 22.99794 ], [ 120.2252, 22.99794 ] ] ], [ [ [ 120.22547, 22.99797 ], [ 120.22546, 22.99798 ], [ 120.22546, 22.99797 ], [ 120.22547, 22.99797 ] ] ], [ [ [ 120.2255, 22.99819 ], [ 120.22548, 22.9982 ], [ 120.22551, 22.99816 ], [ 120.2255, 22.99819 ] ] ], [ [ [ 120.22547, 22.99824 ], [ 120.22546, 22.99824 ], [ 120.22547, 22.99822 ], [ 120.22547, 22.99824 ] ] ], [ [ [ 120.22543, 22.99836 ], [ 120.22541, 22.99827 ], [ 120.22545, 22.99823 ], [ 120.22543, 22.99829 ], [ 120.22543, 22.99836 ] ] ] ] }, { "type": "MultiLineString", "coordinates": [ [ [ 120.22427, 22.99645 ], [ 120.22427, 22.99646 ] ], [ [ 120.2243, 22.99656 ], [ 120.2243, 22.99655 ] ], [ [ 120.22429, 22.99671 ], [ 120.22429, 22.99672 ] ], [ [ 120.22441, 22.99827 ], [ 120.22441, 22.99823 ] ], [ [ 120.22451, 22.99736 ], [ 120.22451, 22.99737 ] ], [ [ 120.22494, 22.99752 ], [ 120.22495, 22.99752 ] ], [ [ 120.22494, 22.99752 ], [ 120.22493, 22.99752 ] ], [ [ 120.22477, 22.99798 ], [ 120.22478, 22.99798 ] ], [ [ 120.22551, 22.99815 ], [ 120.22551, 22.99816 ] ] ] } ] } },
{ "type": "Feature", "properties": { "park_id": 394, "scenario": "2026-07-21 11:00:00 CST", "solar_alt": 74.553791940997598, "solar_az": 96.018416276456904, "canopy_min": 2.0 }, "geometry": { "type": "GeometryCollection", "geometries": [ { "type": "MultiPolygon", "coordinates": [ [ [ [ 120.22484, 22.99112 ], [ 120.22483, 22.9911 ], [ 120.22484, 22.9911 ], [ 120.22484, 22.99112 ] ] ], [ [ [ 120.22481, 22.99115 ], [ 120.22481, 22.99112 ], [ 120.22483, 22.99112 ], [ 120.22481, 22.99115 ] ] ], [ [ [ 120.22481, 22.99115 ], [ 120.22482, 22.99118 ], [ 120.22481, 22.99117 ], [ 120.22481, 22.99115 ] ] ], [ [ [ 120.22439, 22.99163 ], [ 120.22439, 22.99158 ], [ 120.2244, 22.99158 ], [ 120.22439, 22.99163 ] ] ], [ [ [ 120.22441, 22.99164 ], [ 120.22439, 22.99164 ], [ 120.2244, 22.99163 ], [ 120.22441, 22.99164 ] ] ], [ [ [ 120.22441, 22.99166 ], [ 120.2244, 22.99166 ], [ 120.2244, 22.99165 ], [ 120.22441, 22.99166 ] ] ], [ [ [ 120.22441, 22.99168 ], [ 120.22442, 22.99168 ], [ 120.22442, 22.99169 ], [ 120.22441, 22.99168 ] ] ], [ [ [ 120.22452, 22.99191 ], [ 120.22452, 22.992 ], [ 120.2245, 22.99192 ], [ 120.22452, 22.99191 ] ] ], [ [ [ 120.22507, 22.99238 ], [ 120.22508, 22.99238 ], [ 120.22508, 22.9924 ], [ 120.22507, 22.99238 ] ] ], [ [ [ 120.22508, 22.99242 ], [ 120.22507, 22.99242 ], [ 120.22507, 22.99241 ], [ 120.22508, 22.99242 ] ] ], [ [ [ 120.22509, 22.99242 ], [ 120.2251, 22.99242 ], [ 120.2251, 22.99245 ], [ 120.22509, 22.99242 ] ] ], [ [ [ 120.22507, 22.99243 ], [ 120.22508, 22.99243 ], [ 120.22508, 22.99244 ], [ 120.22507, 22.99243 ] ] ], [ [ [ 120.2251, 22.99247 ], [ 120.2251, 22.9925 ], [ 120.22509, 22.9925 ], [ 120.2251, 22.99247 ] ] ], [ [ [ 120.22511, 22.99253 ], [ 120.2251, 22.99253 ], [ 120.2251, 22.9925 ], [ 120.22511, 22.99253 ] ] ], [ [ [ 120.22448, 22.99275 ], [ 120.22447, 22.99275 ], [ 120.22448, 22.99274 ], [ 120.22448, 22.99275 ] ] ], [ [ [ 120.22476, 22.99302 ], [ 120.22474, 22.99296 ], [ 120.22476, 22.99295 ], [ 120.22476, 22.99302 ] ] ], [ [ [ 120.22473, 22.99305 ], [ 120.22472, 22.99304 ], [ 120.22473, 22.99304 ], [ 120.22473, 22.99305 ] ] ], [ [ [ 120.22462, 22.99353 ], [ 120.2246, 22.99357 ], [ 120.2246, 22.99348 ], [ 120.22462, 22.99353 ] ] ], [ [ [ 120.2253, 22.99117 ], [ 120.22531, 22.99117 ], [ 120.22531, 22.99118 ], [ 120.2253, 22.99117 ] ] ], [ [ [ 120.22526, 22.99127 ], [ 120.22525, 22.99127 ], [ 120.22525, 22.99125 ], [ 120.22526, 22.99127 ] ] ], [ [ [ 120.22519, 22.99135 ], [ 120.2252, 22.99135 ], [ 120.2252, 22.99136 ], [ 120.22519, 22.99135 ] ] ], [ [ [ 120.22528, 22.9914 ], [ 120.22529, 22.9914 ], [ 120.22529, 22.99141 ], [ 120.22528, 22.9914 ] ] ], [ [ [ 120.22529, 22.99141 ], [ 120.2253, 22.99141 ], [ 120.22532, 22.99161 ], [ 120.22529, 22.99141 ] ] ], [ [ [ 120.22533, 22.99162 ], [ 120.22534, 22.99162 ], [ 120.22534, 22.99164 ], [ 120.22533, 22.99162 ] ] ], [ [ [ 120.22535, 22.99167 ], [ 120.22534, 22.99164 ], [ 120.22535, 22.99164 ], [ 120.22535, 22.99167 ] ] ], [ [ [ 120.22535, 22.99177 ], [ 120.22535, 22.99167 ], [ 120.22536, 22.99167 ], [ 120.22536, 22.99168 ], [ 120.22537, 22.99168 ], [ 120.22537, 22.99178 ], [ 120.22535, 22.99177 ] ] ], [ [ [ 120.22537, 22.99182 ], [ 120.22537, 22.99178 ], [ 120.22538, 22.99178 ], [ 120.22537, 22.99182 ] ] ], [ [ [ 120.22538, 22.99182 ], [ 120.22539, 22.99182 ], [ 120.22538, 22.99188 ], [ 120.22538, 22.99182 ] ] ], [ [ [ 120.22539, 22.99193 ], [ 120.22539, 22.99188 ], [ 120.2254, 22.99188 ], [ 120.22539, 22.99193 ] ] ], [ [ [ 120.22536, 22.99197 ], [ 120.22536, 22.99198 ], [ 120.22535, 22.99198 ], [ 120.22536, 22.99197 ] ] ], [ [ [ 120.22531, 22.992 ], [ 120.22532, 22.992 ], [ 120.22532, 22.99201 ], [ 120.22531, 22.992 ] ] ], [ [ [ 120.22511, 22.99253 ], [ 120.22512, 22.99253 ], [ 120.22512, 22.99254 ], [ 120.22511, 22.99253 ] ] ], [ [ [ 120.2255, 22.99314 ], [ 120.22549, 22.99314 ], [ 120.22549, 22.99311 ], [ 120.2255, 22.99314 ] ] ], [ [ [ 120.22564, 22.99313 ], [ 120.22566, 22.99308 ], [ 120.22567, 22.99314 ], [ 120.22567, 22.99317 ], [ 120.22564, 22.99313 ] ] ], [ [ [ 120.22551, 22.99316 ], [ 120.2255, 22.99314 ], [ 120.22551, 22.99314 ], [ 120.22551, 22.99316 ] ] ] ] }, { "type": "GeometryCollection", "geometries": [ { "type": "Point", "coordinates": [ 120.22449, 22.99139 ] }, { "type": "LineString", "coordinates": [ [ 120.22443, 22.99143 ], [ 120.22443, 22.99144 ] ] }, { "type": "LineString", "coordinates": [ [ 120.2246, 22.99274 ], [ 120.22458, 22.99274 ] ] }, { "type": "LineString", "coordinates": [ [ 120.22436, 22.99275 ], [ 120.22435, 22.99275 ] ] }, { "type": "LineString", "coordinates": [ [ 120.22417, 22.99282 ], [ 120.22417, 22.99283 ] ] }, { "type": "LineString", "coordinates": [ [ 120.22473, 22.99304 ], [ 120.22474, 22.99304 ] ] }, { "type": "LineString", "coordinates": [ [ 120.2246, 22.99357 ], [ 120.2246, 22.9936 ] ] }, { "type": "LineString", "coordinates": [ [ 120.2255, 22.99309 ], [ 120.2255, 22.9931 ] ] } ] }, { "type": "MultiPoint", "coordinates": [ [ 120.22418, 22.99293 ], [ 120.22419, 22.99304 ], [ 120.22432, 22.99151 ], [ 120.22447, 22.99141 ], [ 120.2246, 22.99263 ] ] } ] } },
{ "type": "Feature", "properties": { "park_id": 395, "scenario": "2026-07-21 11:00:00 CST", "solar_alt": 74.553791940997598, "solar_az": 96.018416276456904, "canopy_min": 2.0 }, "geometry": { "type": "GeometryCollection", "geometries": [ { "type": "MultiPolygon", "coordinates": [ [ [ [ 120.22476, 22.99858 ], [ 120.22477, 22.99859 ], [ 120.22476, 22.99859 ], [ 120.22476, 22.99858 ] ] ], [ [ [ 120.22474, 22.99878 ], [ 120.22474, 22.99877 ], [ 120.22475, 22.99878 ], [ 120.22474, 22.99878 ] ] ], [ [ [ 120.22476, 22.99882 ], [ 120.22475, 22.99882 ], [ 120.22476, 22.99881 ], [ 120.22476, 22.99882 ] ] ], [ [ [ 120.22474, 22.99901 ], [ 120.22473, 22.999 ], [ 120.22474, 22.999 ], [ 120.22474, 22.99901 ] ] ], [ [ [ 120.22474, 22.99902 ], [ 120.22474, 22.99901 ], [ 120.22475, 22.99901 ], [ 120.22475, 22.99902 ], [ 120.22474, 22.99902 ] ] ], [ [ [ 120.22466, 22.99908 ], [ 120.22466, 22.99909 ], [ 120.22465, 22.99908 ], [ 120.22466, 22.99908 ] ] ], [ [ [ 120.22517, 22.99865 ], [ 120.22515, 22.99859 ], [ 120.22517, 22.99856 ], [ 120.22517, 22.99865 ] ] ], [ [ [ 120.22518, 22.99866 ], [ 120.22518, 22.99868 ], [ 120.22517, 22.99866 ], [ 120.22518, 22.99866 ] ] ], [ [ [ 120.22518, 22.99869 ], [ 120.22518, 22.9987 ], [ 120.22517, 22.99869 ], [ 120.22518, 22.99869 ] ] ], [ [ [ 120.22486, 22.99892 ], [ 120.22487, 22.99891 ], [ 120.22487, 22.99892 ], [ 120.22486, 22.99892 ] ] ], [ [ [ 120.22487, 22.99898 ], [ 120.22486, 22.99898 ], [ 120.22487, 22.99896 ], [ 120.22487, 22.99898 ] ] ], [ [ [ 120.22488, 22.99899 ], [ 120.22488, 22.999 ], [ 120.22487, 22.99899 ], [ 120.22488, 22.99899 ] ] ] ] }, { "type": "MultiPoint", "coordinates": [ [ 120.22458, 22.99915 ], [ 120.22459, 22.99927 ] ] } ] } },
{ "type": "Feature", "properties": { "park_id": 396, "scenario": "2026-07-21 11:00:00 CST", "solar_alt": 74.553791940997598, "solar_az": 96.018416276456904, "canopy_min": 2.0 }, "geometry": { "type": "GeometryCollection", "geometries": [ { "type": "MultiPolygon", "coordinates": [ [ [ [ 120.22531, 23.0008 ], [ 120.22532, 23.0008 ], [ 120.22532, 23.00088 ], [ 120.22531, 23.0008 ] ] ], [ [ [ 120.22482, 23.00103 ], [ 120.22481, 23.00103 ], [ 120.22481, 23.00099 ], [ 120.22482, 23.00103 ] ] ], [ [ [ 120.22532, 23.00091 ], [ 120.22534, 23.00089 ], [ 120.22538, 23.00123 ], [ 120.22532, 23.00091 ] ] ], [ [ [ 120.22491, 23.00107 ], [ 120.2249, 23.00106 ], [ 120.22491, 23.00106 ], [ 120.22491, 23.00107 ] ] ], [ [ [ 120.22489, 23.00109 ], [ 120.2249, 23.0011 ], [ 120.22489, 23.0011 ], [ 120.22489, 23.00109 ] ] ], [ [ [ 120.22514, 23.00134 ], [ 120.22515, 23.00134 ], [ 120.22515, 23.00135 ], [ 120.22514, 23.00134 ] ] ], [ [ [ 120.22541, 23.00148 ], [ 120.22541, 23.00122 ], [ 120.22543, 23.00149 ], [ 120.22541, 23.00148 ] ] ], [ [ [ 120.22515, 23.00139 ], [ 120.22514, 23.00138 ], [ 120.22515, 23.00138 ], [ 120.22515, 23.00139 ] ] ], [ [ [ 120.22515, 23.0014 ], [ 120.22516, 23.0014 ], [ 120.22515, 23.00141 ], [ 120.22515, 23.0014 ] ] ], [ [ [ 120.22518, 23.00144 ], [ 120.22517, 23.00143 ], [ 120.22518, 23.00143 ], [ 120.22518, 23.00144 ] ] ], [ [ [ 120.22519, 23.00146 ], [ 120.2252, 23.00147 ], [ 120.22519, 23.00147 ], [ 120.22519, 23.00146 ] ] ], [ [ [ 120.22542, 23.0015 ], [ 120.22543, 23.0015 ], [ 120.22543, 23.00151 ], [ 120.22542, 23.0015 ] ] ], [ [ [ 120.2251, 23.00159 ], [ 120.22511, 23.00159 ], [ 120.22511, 23.0016 ], [ 120.2251, 23.00159 ] ] ], [ [ [ 120.22489, 23.00164 ], [ 120.2249, 23.00164 ], [ 120.2249, 23.00166 ], [ 120.22489, 23.00164 ] ] ], [ [ [ 120.22487, 23.00176 ], [ 120.22488, 23.00178 ], [ 120.22487, 23.00178 ], [ 120.22487, 23.00176 ] ] ], [ [ [ 120.22557, 23.00064 ], [ 120.22556, 23.00063 ], [ 120.22557, 23.00063 ], [ 120.22557, 23.00064 ] ] ], [ [ [ 120.22557, 23.00067 ], [ 120.22556, 23.00067 ], [ 120.22556, 23.00066 ], [ 120.22557, 23.00067 ] ] ], [ [ [ 120.22557, 23.00089 ], [ 120.22556, 23.00081 ], [ 120.22557, 23.00081 ], [ 120.22557, 23.00089 ] ] ], [ [ [ 120.22629, 23.00104 ], [ 120.22627, 23.00112 ], [ 120.22627, 23.00103 ], [ 120.22629, 23.00104 ] ] ], [ [ [ 120.22602, 23.00114 ], [ 120.22603, 23.00114 ], [ 120.22603, 23.00115 ], [ 120.22602, 23.00114 ] ] ], [ [ [ 120.22567, 23.00127 ], [ 120.22566, 23.00126 ], [ 120.22567, 23.00126 ], [ 120.22567, 23.00127 ] ] ], [ [ [ 120.22567, 23.0013 ], [ 120.22566, 23.00128 ], [ 120.22567, 23.00128 ], [ 120.22567, 23.0013 ] ] ], [ [ [ 120.22544, 23.00151 ], [ 120.22545, 23.00151 ], [ 120.22545, 23.00152 ], [ 120.22544, 23.00151 ] ] ], [ [ [ 120.22624, 23.00152 ], [ 120.22625, 23.00152 ], [ 120.22625, 23.00153 ], [ 120.22624, 23.00152 ] ] ], [ [ [ 120.22545, 23.00154 ], [ 120.22544, 23.00154 ], [ 120.22544, 23.00153 ], [ 120.22545, 23.00154 ] ] ], [ [ [ 120.22547, 23.00158 ], [ 120.22546, 23.00156 ], [ 120.22547, 23.00156 ], [ 120.22547, 23.00158 ] ] ], [ [ [ 120.22549, 23.00158 ], [ 120.22548, 23.0016 ], [ 120.22548, 23.00158 ], [ 120.22549, 23.00158 ] ] ], [ [ [ 120.22549, 23.00161 ], [ 120.22549, 23.0016 ], [ 120.2255, 23.0016 ], [ 120.22549, 23.00161 ] ] ], [ [ [ 120.2255, 23.00163 ], [ 120.22549, 23.00162 ], [ 120.2255, 23.00162 ], [ 120.2255, 23.00163 ] ] ], [ [ [ 120.22571, 23.00171 ], [ 120.2257, 23.00169 ], [ 120.22571, 23.00169 ], [ 120.22571, 23.00171 ] ] ], [ [ [ 120.22639, 23.00077 ], [ 120.2264, 23.00077 ], [ 120.2264, 23.00081 ], [ 120.22639, 23.00077 ] ] ], [ [ [ 120.2266, 23.00081 ], [ 120.22662, 23.00078 ], [ 120.22662, 23.00082 ], [ 120.2266, 23.00081 ] ] ], [ [ [ 120.2263, 23.0009 ], [ 120.22629, 23.00087 ], [ 120.2263, 23.00087 ], [ 120.2263, 23.0009 ] ] ], [ [ [ 120.22654, 23.00094 ], [ 120.22653, 23.00094 ], [ 120.22653, 23.00086 ], [ 120.22654, 23.00094 ] ] ], [ [ [ 120.2265, 23.00101 ], [ 120.22651, 23.00101 ], [ 120.22651, 23.00102 ], [ 120.2265, 23.00101 ] ] ], [ [ [ 120.2265, 23.00103 ], [ 120.22651, 23.00103 ], [ 120.22651, 23.00104 ], [ 120.2265, 23.00103 ] ] ], [ [ [ 120.22629, 23.00113 ], [ 120.22628, 23.00112 ], [ 120.22629, 23.00112 ], [ 120.22629, 23.00113 ] ] ], [ [ [ 120.22659, 23.0012 ], [ 120.22658, 23.00119 ], [ 120.22659, 23.00119 ], [ 120.22659, 23.0012 ] ] ], [ [ [ 120.22661, 23.00123 ], [ 120.2266, 23.00123 ], [ 120.2266, 23.00121 ], [ 120.22661, 23.00123 ] ] ], [ [ [ 120.22644, 23.00128 ], [ 120.22643, 23.00126 ], [ 120.22644, 23.00126 ], [ 120.22644, 23.00128 ] ] ], [ [ [ 120.22645, 23.00131 ], [ 120.22644, 23.0013 ], [ 120.22645, 23.0013 ], [ 120.22645, 23.00131 ] ] ], [ [ [ 120.22632, 23.00134 ], [ 120.22632, 23.00141 ], [ 120.2263, 23.00139 ], [ 120.22632, 23.00134 ] ] ], [ [ [ 120.22632, 23.00148 ], [ 120.22631, 23.00144 ], [ 120.22632, 23.00144 ], [ 120.22632, 23.00148 ] ] ], [ [ [ 120.22638, 23.00165 ], [ 120.22639, 23.00174 ], [ 120.22637, 23.00176 ], [ 120.22638, 23.00165 ] ] ] ] }, { "type": "MultiLineString", "coordinates": [ [ [ 120.2249, 23.00079 ], [ 120.2249, 23.00078 ] ], [ [ 120.2247, 23.00083 ], [ 120.2247, 23.00084 ] ], [ [ 120.22471, 23.00095 ], [ 120.22471, 23.00096 ] ], [ [ 120.22472, 23.00107 ], [ 120.22472, 23.00108 ] ], [ [ 120.22487, 23.0018 ], [ 120.22488, 23.0018 ] ], [ [ 120.22602, 23.0011 ], [ 120.22602, 23.00111 ] ], [ [ 120.22548, 23.00172 ], [ 120.22548, 23.00173 ] ] ] }, { "type": "MultiPoint", "coordinates": [ [ 120.22473, 23.00119 ], [ 120.22474, 23.00131 ] ] } ] } },
{ "type": "Feature", "properties": { "park_id": 397, "scenario": "2026-07-21 11:00:00 CST", "solar_alt": 74.553791940997598, "solar_az": 96.018416276456904, "canopy_min": 2.0 }, "geometry": { "type": "GeometryCollection", "geometries": [ { "type": "MultiPolygon", "coordinates": [ [ [ [ 120.21486, 22.99141 ], [ 120.21487, 22.9914 ], [ 120.21487, 22.99141 ], [ 120.21486, 22.99141 ] ] ], [ [ [ 120.21459, 22.99143 ], [ 120.21458, 22.99143 ], [ 120.21459, 22.99142 ], [ 120.21459, 22.99143 ] ] ], [ [ [ 120.21458, 22.99146 ], [ 120.21457, 22.99146 ], [ 120.21458, 22.99143 ], [ 120.21458, 22.99146 ] ] ], [ [ [ 120.21458, 22.9915 ], [ 120.21459, 22.99149 ], [ 120.21459, 22.9915 ], [ 120.21458, 22.9915 ] ] ], [ [ [ 120.2146, 22.99151 ], [ 120.21459, 22.99151 ], [ 120.2146, 22.9915 ], [ 120.2146, 22.99151 ] ] ], [ [ [ 120.21522, 22.9917 ], [ 120.21521, 22.9917 ], [ 120.21522, 22.99169 ], [ 120.21522, 22.9917 ] ] ], [ [ [ 120.21522, 22.99171 ], [ 120.21523, 22.9917 ], [ 120.21523, 22.99171 ], [ 120.21522, 22.99171 ] ] ], [ [ [ 120.21524, 22.99173 ], [ 120.21523, 22.99173 ], [ 120.21524, 22.99172 ], [ 120.21524, 22.99173 ] ] ], [ [ [ 120.21527, 22.99178 ], [ 120.21526, 22.99178 ], [ 120.21527, 22.99177 ], [ 120.21527, 22.99178 ] ] ], [ [ [ 120.21528, 22.99206 ], [ 120.21529, 22.99202 ], [ 120.21529, 22.99206 ], [ 120.21528, 22.99206 ] ] ], [ [ [ 120.21529, 22.99206 ], [ 120.2153, 22.99206 ], [ 120.21529, 22.99208 ], [ 120.21529, 22.99206 ] ] ], [ [ [ 120.21529, 22.99211 ], [ 120.21528, 22.99211 ], [ 120.21529, 22.99208 ], [ 120.21529, 22.99211 ] ] ] ] }, { "type": "GeometryCollection", "geometries": [ { "type": "Point", "coordinates": [ 120.21469, 22.99141 ] }, { "type": "LineString", "coordinates": [ [ 120.21458, 22.99141 ], [ 120.21459, 22.99141 ] ] }, { "type": "LineString", "coordinates": [ [ 120.21451, 22.9916 ], [ 120.21451, 22.99162 ] ] }, { "type": "LineString", "coordinates": [ [ 120.21452, 22.99171 ], [ 120.21452, 22.99172 ] ] }, { "type": "LineString", "coordinates": [ [ 120.21503, 22.99139 ], [ 120.21502, 22.99139 ] ] } ] }, { "type": "Point", "coordinates": [ 120.2145, 22.99146 ] } ] } },
{ "type": "Feature", "properties": { "park_id": 398, "scenario": "2026-07-21 11:00:00 CST", "solar_alt": 74.553791940997598, "solar_az": 96.018416276456904, "canopy_min": 2.0 }, "geometry": { "type": "GeometryCollection", "geometries": [ { "type": "MultiPolygon", "coordinates": [ [ [ [ 120.17253, 22.99423 ], [ 120.1725, 22.99414 ], [ 120.17251, 22.99411 ], [ 120.17253, 22.99423 ] ] ], [ [ [ 120.17255, 22.9943 ], [ 120.17254, 22.99431 ], [ 120.17254, 22.9943 ], [ 120.17255, 22.9943 ] ] ], [ [ [ 120.1717, 22.99456 ], [ 120.17167, 22.99444 ], [ 120.17169, 22.99443 ], [ 120.1717, 22.99456 ] ] ], [ [ [ 120.17172, 22.99457 ], [ 120.17171, 22.99457 ], [ 120.17172, 22.99455 ], [ 120.17172, 22.99457 ] ] ], [ [ [ 120.17222, 22.99471 ], [ 120.17223, 22.99471 ], [ 120.17222, 22.99472 ], [ 120.17222, 22.99471 ] ] ], [ [ [ 120.17239, 22.99503 ], [ 120.17237, 22.99499 ], [ 120.17239, 22.99498 ], [ 120.17239, 22.99503 ] ] ], [ [ [ 120.17256, 22.9946 ], [ 120.17254, 22.99458 ], [ 120.17254, 22.99451 ], [ 120.17256, 22.9945 ], [ 120.17255, 22.99453 ], [ 120.17256, 22.9946 ] ] ], [ [ [ 120.17257, 22.99471 ], [ 120.17257, 22.99461 ], [ 120.17258, 22.99471 ], [ 120.17257, 22.99471 ] ] ], [ [ [ 120.1726, 22.99479 ], [ 120.17259, 22.9948 ], [ 120.17259, 22.99479 ], [ 120.1726, 22.99479 ] ] ], [ [ [ 120.1726, 22.99484 ], [ 120.17259, 22.99484 ], [ 120.1726, 22.99482 ], [ 120.1726, 22.99484 ] ] ], [ [ [ 120.17263, 22.9949 ], [ 120.17262, 22.9949 ], [ 120.17263, 22.99489 ], [ 120.17263, 22.9949 ] ] ] ] }, { "type": "Point", "coordinates": [ 120.17161, 22.99483 ] } ] } },
{ "type": "Feature", "properties": { "park_id": 399, "scenario": "2026-07-21 11:00:00 CST", "solar_alt": 74.553791940997598, "solar_az": 96.018416276456904, "canopy_min": 2.0 }, "geometry": { "type": "MultiPolygon", "coordinates": [ [ [ [ 120.14981, 22.997 ], [ 120.14981, 22.99699 ], [ 120.14982, 22.99699 ], [ 120.14981, 22.997 ] ] ], [ [ [ 120.14981, 22.99701 ], [ 120.14981, 22.99702 ], [ 120.1498, 22.99702 ], [ 120.14981, 22.99701 ] ] ], [ [ [ 120.1498, 22.99712 ], [ 120.1498, 22.99716 ], [ 120.14979, 22.99716 ], [ 120.1498, 22.99712 ] ] ], [ [ [ 120.14948, 22.99726 ], [ 120.14948, 22.99727 ], [ 120.14947, 22.99727 ], [ 120.14948, 22.99726 ] ] ], [ [ [ 120.14947, 22.99727 ], [ 120.14947, 22.99728 ], [ 120.14946, 22.99728 ], [ 120.14947, 22.99727 ] ] ], [ [ [ 120.14945, 22.99729 ], [ 120.14946, 22.99729 ], [ 120.14946, 22.9973 ], [ 120.14945, 22.99729 ] ] ], [ [ [ 120.14943, 22.99742 ], [ 120.14944, 22.99742 ], [ 120.14944, 22.99743 ], [ 120.14943, 22.99742 ] ] ] ] } },
{ "type": "Feature", "properties": { "park_id": 400, "scenario": "2026-07-21 11:00:00 CST", "solar_alt": 74.553791940997598, "solar_az": 96.018416276456904, "canopy_min": 2.0 }, "geometry": { "type": "MultiPolygon", "coordinates": [ [ [ [ 120.15869, 23.00318 ], [ 120.15868, 23.00318 ], [ 120.15868, 23.00317 ], [ 120.15869, 23.00318 ] ] ], [ [ [ 120.15877, 23.00323 ], [ 120.15878, 23.00323 ], [ 120.15878, 23.00324 ], [ 120.15877, 23.00323 ] ] ], [ [ [ 120.15879, 23.00324 ], [ 120.15879, 23.00326 ], [ 120.15878, 23.00326 ], [ 120.15879, 23.00324 ] ] ], [ [ [ 120.15884, 23.00332 ], [ 120.15885, 23.00332 ], [ 120.15885, 23.00333 ], [ 120.15884, 23.00332 ] ] ], [ [ [ 120.15859, 23.00336 ], [ 120.1586, 23.00336 ], [ 120.1586, 23.00338 ], [ 120.15859, 23.00336 ] ] ], [ [ [ 120.1586, 23.0034 ], [ 120.1586, 23.00341 ], [ 120.15859, 23.00341 ], [ 120.1586, 23.0034 ] ] ], [ [ [ 120.15861, 23.00342 ], [ 120.15862, 23.00342 ], [ 120.15862, 23.00343 ], [ 120.15861, 23.00342 ] ] ] ] } },
{ "type": "Feature", "properties": { "park_id": 401, "scenario": "2026-07-21 11:00:00 CST", "solar_alt": 74.553791940997598, "solar_az": 96.018416276456904, "canopy_min": 2.0 }, "geometry": { "type": "GeometryCollection", "geometries": [ { "type": "MultiPolygon", "coordinates": [ [ [ [ 120.16402, 22.99446 ], [ 120.16402, 22.99444 ], [ 120.16403, 22.99444 ], [ 120.16402, 22.99446 ] ] ], [ [ [ 120.16405, 22.99448 ], [ 120.16404, 22.99448 ], [ 120.16404, 22.99443 ], [ 120.16405, 22.99448 ] ] ], [ [ [ 120.16386, 22.99446 ], [ 120.16388, 22.99443 ], [ 120.16386, 22.9946 ], [ 120.16386, 22.99446 ] ] ], [ [ [ 120.16384, 22.9947 ], [ 120.16384, 22.99469 ], [ 120.16385, 22.99469 ], [ 120.16384, 22.9947 ] ] ], [ [ [ 120.16384, 22.99473 ], [ 120.16384, 22.99478 ], [ 120.16383, 22.99478 ], [ 120.16384, 22.99473 ] ] ], [ [ [ 120.16385, 22.9948 ], [ 120.16384, 22.9948 ], [ 120.16384, 22.99479 ], [ 120.16385, 22.9948 ] ] ], [ [ [ 120.16391, 22.99542 ], [ 120.16391, 22.99544 ], [ 120.1639, 22.99542 ], [ 120.16391, 22.99542 ] ] ], [ [ [ 120.16393, 22.99557 ], [ 120.16392, 22.99557 ], [ 120.16392, 22.99555 ], [ 120.16393, 22.99557 ] ] ], [ [ [ 120.16393, 22.99559 ], [ 120.16392, 22.99559 ], [ 120.16392, 22.99558 ], [ 120.16393, 22.99559 ] ] ], [ [ [ 120.16394, 22.9956 ], [ 120.16393, 22.9956 ], [ 120.16393, 22.99559 ], [ 120.16394, 22.9956 ] ] ], [ [ [ 120.16394, 22.99563 ], [ 120.16393, 22.99563 ], [ 120.16393, 22.99562 ], [ 120.16394, 22.99563 ] ] ], [ [ [ 120.16394, 22.99565 ], [ 120.16394, 22.99563 ], [ 120.16395, 22.99563 ], [ 120.16394, 22.99565 ] ] ], [ [ [ 120.16411, 22.99568 ], [ 120.16411, 22.99566 ], [ 120.16412, 22.99566 ], [ 120.16411, 22.99568 ] ] ], [ [ [ 120.1641, 22.99573 ], [ 120.1641, 22.99569 ], [ 120.16412, 22.9957 ], [ 120.1641, 22.99573 ] ] ], [ [ [ 120.16411, 22.99574 ], [ 120.16412, 22.99574 ], [ 120.16412, 22.99576 ], [ 120.16411, 22.99574 ] ] ], [ [ [ 120.16395, 22.99589 ], [ 120.16394, 22.99587 ], [ 120.16395, 22.99587 ], [ 120.16395, 22.99589 ] ] ], [ [ [ 120.16396, 22.99591 ], [ 120.16397, 22.99593 ], [ 120.16396, 22.99593 ], [ 120.16396, 22.99591 ] ] ], [ [ [ 120.1642, 22.99517 ], [ 120.16419, 22.99517 ], [ 120.16419, 22.99513 ], [ 120.1642, 22.99517 ] ] ], [ [ [ 120.1642, 22.99519 ], [ 120.1642, 22.99518 ], [ 120.16421, 22.99518 ], [ 120.1642, 22.99519 ] ] ], [ [ [ 120.16522, 22.9953 ], [ 120.16521, 22.9953 ], [ 120.16521, 22.99525 ], [ 120.16522, 22.9953 ] ] ], [ [ [ 120.16453, 22.99531 ], [ 120.16452, 22.99531 ], [ 120.16452, 22.99529 ], [ 120.16453, 22.99531 ] ] ], [ [ [ 120.16522, 22.99532 ], [ 120.16522, 22.9953 ], [ 120.16523, 22.9953 ], [ 120.16522, 22.99532 ] ] ], [ [ [ 120.1643, 22.99534 ], [ 120.16429, 22.99534 ], [ 120.16429, 22.99533 ], [ 120.1643, 22.99534 ] ] ], [ [ [ 120.16453, 22.99535 ], [ 120.16454, 22.99535 ], [ 120.16454, 22.99536 ], [ 120.16453, 22.99535 ] ] ], [ [ [ 120.16448, 22.99545 ], [ 120.16447, 22.99545 ], [ 120.16447, 22.99544 ], [ 120.16448, 22.99545 ] ] ], [ [ [ 120.16448, 22.99549 ], [ 120.16447, 22.99549 ], [ 120.16447, 22.99548 ], [ 120.16448, 22.99549 ] ] ], [ [ [ 120.1642, 22.99563 ], [ 120.1642, 22.99562 ], [ 120.16421, 22.99562 ], [ 120.1642, 22.99563 ] ] ], [ [ [ 120.16528, 22.99574 ], [ 120.16529, 22.99574 ], [ 120.16529, 22.99575 ], [ 120.16528, 22.99574 ] ] ], [ [ [ 120.16413, 22.99576 ], [ 120.16414, 22.99576 ], [ 120.16414, 22.99577 ], [ 120.16413, 22.99576 ] ] ], [ [ [ 120.16414, 22.99579 ], [ 120.16414, 22.99578 ], [ 120.16415, 22.99578 ], [ 120.16414, 22.99579 ] ] ], [ [ [ 120.16527, 22.99587 ], [ 120.16526, 22.99587 ], [ 120.16526, 22.99586 ], [ 120.16527, 22.99587 ] ] ], [ [ [ 120.16527, 22.9959 ], [ 120.16526, 22.9959 ], [ 120.16526, 22.99588 ], [ 120.16527, 22.9959 ] ] ], [ [ [ 120.16528, 22.99591 ], [ 120.16527, 22.9959 ], [ 120.16528, 22.9959 ], [ 120.16528, 22.99591 ] ] ], [ [ [ 120.16515, 22.99595 ], [ 120.16514, 22.99594 ], [ 120.16515, 22.99594 ], [ 120.16515, 22.99595 ] ] ] ] }, { "type": "MultiLineString", "coordinates": [ [ [ 120.16403, 22.99443 ], [ 120.16402, 22.99443 ] ], [ [ 120.16391, 22.9955 ], [ 120.16391, 22.99552 ] ], [ [ 120.16495, 22.9954 ], [ 120.16494, 22.9954 ] ] ] } ] } },
{ "type": "Feature", "properties": { "park_id": 402, "scenario": "2026-07-21 11:00:00 CST", "solar_alt": 74.553791940997598, "solar_az": 96.018416276456904, "canopy_min": 2.0 }, "geometry": { "type": "GeometryCollection", "geometries": [ { "type": "MultiPolygon", "coordinates": [ [ [ [ 120.16402, 22.99446 ], [ 120.16402, 22.99444 ], [ 120.16403, 22.99444 ], [ 120.16402, 22.99446 ] ] ], [ [ [ 120.16405, 22.99448 ], [ 120.16404, 22.99448 ], [ 120.16404, 22.99443 ], [ 120.16405, 22.99448 ] ] ], [ [ [ 120.16386, 22.99446 ], [ 120.16388, 22.99443 ], [ 120.16386, 22.9946 ], [ 120.16386, 22.99446 ] ] ], [ [ [ 120.16384, 22.9947 ], [ 120.16384, 22.99469 ], [ 120.16385, 22.99469 ], [ 120.16384, 22.9947 ] ] ], [ [ [ 120.16384, 22.99473 ], [ 120.16384, 22.99478 ], [ 120.16383, 22.99478 ], [ 120.16384, 22.99473 ] ] ], [ [ [ 120.16385, 22.9948 ], [ 120.16384, 22.9948 ], [ 120.16384, 22.99479 ], [ 120.16385, 22.9948 ] ] ], [ [ [ 120.16391, 22.99542 ], [ 120.16391, 22.99544 ], [ 120.1639, 22.99542 ], [ 120.16391, 22.99542 ] ] ], [ [ [ 120.16393, 22.99557 ], [ 120.16392, 22.99557 ], [ 120.16392, 22.99555 ], [ 120.16393, 22.99557 ] ] ], [ [ [ 120.16393, 22.99559 ], [ 120.16392, 22.99559 ], [ 120.16392, 22.99558 ], [ 120.16393, 22.99559 ] ] ], [ [ [ 120.16394, 22.9956 ], [ 120.16393, 22.9956 ], [ 120.16393, 22.99559 ], [ 120.16394, 22.9956 ] ] ], [ [ [ 120.16394, 22.99563 ], [ 120.16393, 22.99563 ], [ 120.16393, 22.99562 ], [ 120.16394, 22.99563 ] ] ], [ [ [ 120.16394, 22.99565 ], [ 120.16394, 22.99563 ], [ 120.16395, 22.99563 ], [ 120.16394, 22.99565 ] ] ], [ [ [ 120.16411, 22.99568 ], [ 120.16411, 22.99566 ], [ 120.16412, 22.99566 ], [ 120.16411, 22.99568 ] ] ], [ [ [ 120.1641, 22.99573 ], [ 120.1641, 22.99569 ], [ 120.16412, 22.9957 ], [ 120.1641, 22.99573 ] ] ], [ [ [ 120.16411, 22.99574 ], [ 120.16412, 22.99574 ], [ 120.16412, 22.99576 ], [ 120.16411, 22.99574 ] ] ], [ [ [ 120.16395, 22.99589 ], [ 120.16394, 22.99587 ], [ 120.16395, 22.99587 ], [ 120.16395, 22.99589 ] ] ], [ [ [ 120.16396, 22.99591 ], [ 120.16397, 22.99593 ], [ 120.16396, 22.99593 ], [ 120.16396, 22.99591 ] ] ], [ [ [ 120.1642, 22.99517 ], [ 120.16419, 22.99517 ], [ 120.16419, 22.99513 ], [ 120.1642, 22.99517 ] ] ], [ [ [ 120.1642, 22.99519 ], [ 120.1642, 22.99518 ], [ 120.16421, 22.99518 ], [ 120.1642, 22.99519 ] ] ], [ [ [ 120.16522, 22.9953 ], [ 120.16521, 22.9953 ], [ 120.16521, 22.99525 ], [ 120.16522, 22.9953 ] ] ], [ [ [ 120.16453, 22.99531 ], [ 120.16452, 22.99531 ], [ 120.16452, 22.99529 ], [ 120.16453, 22.99531 ] ] ], [ [ [ 120.16522, 22.99532 ], [ 120.16522, 22.9953 ], [ 120.16523, 22.9953 ], [ 120.16522, 22.99532 ] ] ], [ [ [ 120.1643, 22.99534 ], [ 120.16429, 22.99534 ], [ 120.16429, 22.99533 ], [ 120.1643, 22.99534 ] ] ], [ [ [ 120.16453, 22.99535 ], [ 120.16454, 22.99535 ], [ 120.16454, 22.99536 ], [ 120.16453, 22.99535 ] ] ], [ [ [ 120.16448, 22.99545 ], [ 120.16447, 22.99545 ], [ 120.16447, 22.99544 ], [ 120.16448, 22.99545 ] ] ], [ [ [ 120.16448, 22.99549 ], [ 120.16447, 22.99549 ], [ 120.16447, 22.99548 ], [ 120.16448, 22.99549 ] ] ], [ [ [ 120.1642, 22.99563 ], [ 120.1642, 22.99562 ], [ 120.16421, 22.99562 ], [ 120.1642, 22.99563 ] ] ], [ [ [ 120.16528, 22.99574 ], [ 120.16529, 22.99574 ], [ 120.16529, 22.99575 ], [ 120.16528, 22.99574 ] ] ], [ [ [ 120.16413, 22.99576 ], [ 120.16414, 22.99576 ], [ 120.16414, 22.99577 ], [ 120.16413, 22.99576 ] ] ], [ [ [ 120.16414, 22.99579 ], [ 120.16414, 22.99578 ], [ 120.16415, 22.99578 ], [ 120.16414, 22.99579 ] ] ], [ [ [ 120.16527, 22.99587 ], [ 120.16526, 22.99587 ], [ 120.16526, 22.99586 ], [ 120.16527, 22.99587 ] ] ], [ [ [ 120.16527, 22.9959 ], [ 120.16526, 22.9959 ], [ 120.16526, 22.99588 ], [ 120.16527, 22.9959 ] ] ], [ [ [ 120.16528, 22.99591 ], [ 120.16527, 22.9959 ], [ 120.16528, 22.9959 ], [ 120.16528, 22.99591 ] ] ], [ [ [ 120.16515, 22.99595 ], [ 120.16514, 22.99594 ], [ 120.16515, 22.99594 ], [ 120.16515, 22.99595 ] ] ] ] }, { "type": "MultiLineString", "coordinates": [ [ [ 120.16403, 22.99443 ], [ 120.16402, 22.99443 ] ], [ [ 120.16391, 22.9955 ], [ 120.16391, 22.99552 ] ], [ [ 120.16495, 22.9954 ], [ 120.16494, 22.9954 ] ] ] } ] } },
{ "type": "Feature", "properties": { "park_id": 403, "scenario": "2026-07-21 11:00:00 CST", "solar_alt": 74.553791940997598, "solar_az": 96.018416276456904, "canopy_min": 2.0 }, "geometry": { "type": "GeometryCollection", "geometries": [ { "type": "MultiPolygon", "coordinates": [ [ [ [ 120.18793, 22.96742 ], [ 120.18793, 22.96743 ], [ 120.18792, 22.96743 ], [ 120.18793, 22.96742 ] ] ], [ [ [ 120.1879, 22.96747 ], [ 120.18789, 22.96749 ], [ 120.18789, 22.96747 ], [ 120.1879, 22.96747 ] ] ], [ [ [ 120.1879, 22.96749 ], [ 120.18789, 22.96752 ], [ 120.18789, 22.96749 ], [ 120.1879, 22.96749 ] ] ], [ [ [ 120.18792, 22.96753 ], [ 120.18792, 22.96755 ], [ 120.1879, 22.96754 ], [ 120.18792, 22.96753 ] ] ], [ [ [ 120.18793, 22.96755 ], [ 120.18792, 22.96756 ], [ 120.18792, 22.96755 ], [ 120.18793, 22.96755 ] ] ], [ [ [ 120.18749, 22.96758 ], [ 120.18748, 22.96759 ], [ 120.18748, 22.96758 ], [ 120.18749, 22.96758 ] ] ] ] }, { "type": "LineString", "coordinates": [ [ 120.1879, 22.96749 ], [ 120.18791, 22.96749 ] ] } ] } },
{ "type": "Feature", "properties": { "park_id": 404, "scenario": "2026-07-21 11:00:00 CST", "solar_alt": 74.553791940997598, "solar_az": 96.018416276456904, "canopy_min": 2.0 }, "geometry": { "type": "GeometryCollection", "geometries": [ { "type": "MultiPolygon", "coordinates": [ [ [ [ 120.18793, 22.96742 ], [ 120.18793, 22.96743 ], [ 120.18792, 22.96743 ], [ 120.18793, 22.96742 ] ] ], [ [ [ 120.1879, 22.96747 ], [ 120.18789, 22.96749 ], [ 120.18789, 22.96747 ], [ 120.1879, 22.96747 ] ] ], [ [ [ 120.1879, 22.96749 ], [ 120.18789, 22.96752 ], [ 120.18789, 22.96749 ], [ 120.1879, 22.96749 ] ] ], [ [ [ 120.18792, 22.96753 ], [ 120.18792, 22.96755 ], [ 120.1879, 22.96754 ], [ 120.18792, 22.96753 ] ] ], [ [ [ 120.18793, 22.96755 ], [ 120.18792, 22.96756 ], [ 120.18792, 22.96755 ], [ 120.18793, 22.96755 ] ] ], [ [ [ 120.18749, 22.96758 ], [ 120.18748, 22.96759 ], [ 120.18748, 22.96758 ], [ 120.18749, 22.96758 ] ] ] ] }, { "type": "LineString", "coordinates": [ [ 120.1879, 22.96749 ], [ 120.18791, 22.96749 ] ] } ] } },
{ "type": "Feature", "properties": { "park_id": 405, "scenario": "2026-07-21 11:00:00 CST", "solar_alt": 74.553791940997598, "solar_az": 96.018416276456904, "canopy_min": 2.0 }, "geometry": { "type": "MultiPolygon", "coordinates": [ [ [ [ 120.18834, 22.96251 ], [ 120.18831, 22.96255 ], [ 120.18831, 22.96251 ], [ 120.18834, 22.96251 ] ] ], [ [ [ 120.1883, 22.96252 ], [ 120.1883, 22.96254 ], [ 120.18829, 22.96254 ], [ 120.1883, 22.96252 ] ] ], [ [ [ 120.18834, 22.96259 ], [ 120.18839, 22.9626 ], [ 120.18837, 22.9627 ], [ 120.18834, 22.96267 ], [ 120.18834, 22.96259 ] ] ], [ [ [ 120.18844, 22.96272 ], [ 120.18845, 22.96272 ], [ 120.18845, 22.96273 ], [ 120.18844, 22.96272 ] ] ], [ [ [ 120.1885, 22.96275 ], [ 120.1885, 22.96277 ], [ 120.18849, 22.96277 ], [ 120.1885, 22.96275 ] ] ], [ [ [ 120.18852, 22.96277 ], [ 120.18852, 22.96278 ], [ 120.18851, 22.96277 ], [ 120.18852, 22.96277 ] ] ] ] } },
{ "type": "Feature", "properties": { "park_id": 406, "scenario": "2026-07-21 11:00:00 CST", "solar_alt": 74.553791940997598, "solar_az": 96.018416276456904, "canopy_min": 2.0 }, "geometry": { "type": "MultiPolygon", "coordinates": [ [ [ [ 120.18483, 22.96453 ], [ 120.18483, 22.96454 ], [ 120.18482, 22.96454 ], [ 120.18483, 22.96453 ] ] ], [ [ [ 120.18469, 22.9646 ], [ 120.18469, 22.96458 ], [ 120.1847, 22.96458 ], [ 120.18469, 22.9646 ] ] ], [ [ [ 120.18471, 22.9646 ], [ 120.18472, 22.9646 ], [ 120.18472, 22.96461 ], [ 120.18471, 22.9646 ] ] ] ] } },
{ "type": "Feature", "properties": { "park_id": 407, "scenario": "2026-07-21 11:00:00 CST", "solar_alt": 74.553791940997598, "solar_az": 96.018416276456904, "canopy_min": 2.0 }, "geometry": { "type": "MultiPolygon", "coordinates": [ [ [ [ 120.18481, 22.96554 ], [ 120.18481, 22.96551 ], [ 120.18482, 22.96551 ], [ 120.18481, 22.96554 ] ] ], [ [ [ 120.18507, 22.96561 ], [ 120.18507, 22.9656 ], [ 120.18508, 22.9656 ], [ 120.18507, 22.96561 ] ] ], [ [ [ 120.18509, 22.96567 ], [ 120.18507, 22.96569 ], [ 120.18507, 22.96563 ], [ 120.18509, 22.96567 ] ] ], [ [ [ 120.18507, 22.96572 ], [ 120.18507, 22.96571 ], [ 120.18508, 22.96571 ], [ 120.18507, 22.96572 ] ] ] ] } },
{ "type": "Feature", "properties": { "park_id": 408, "scenario": "2026-07-21 11:00:00 CST", "solar_alt": 74.553791940997598, "solar_az": 96.018416276456904, "canopy_min": 2.0 }, "geometry": { "type": "Polygon", "coordinates": [ [ [ 120.18644, 22.9627 ], [ 120.18644, 22.96274 ], [ 120.18641, 22.96272 ], [ 120.18644, 22.9627 ] ] ] } },
{ "type": "Feature", "properties": { "park_id": 409, "scenario": "2026-07-21 11:00:00 CST", "solar_alt": 74.553791940997598, "solar_az": 96.018416276456904, "canopy_min": 2.0 }, "geometry": { "type": "MultiPolygon", "coordinates": [ [ [ [ 120.19177, 22.95997 ], [ 120.19177, 22.95998 ], [ 120.19176, 22.95998 ], [ 120.19177, 22.95997 ] ] ], [ [ [ 120.19177, 22.95999 ], [ 120.19178, 22.95999 ], [ 120.19178, 22.96 ], [ 120.19177, 22.95999 ] ] ], [ [ [ 120.19247, 22.96005 ], [ 120.19249, 22.96003 ], [ 120.19249, 22.96009 ], [ 120.19247, 22.96005 ] ] ] ] } },
{ "type": "Feature", "properties": { "park_id": 410, "scenario": "2026-07-21 11:00:00 CST", "solar_alt": 74.553791940997598, "solar_az": 96.018416276456904, "canopy_min": 2.0 }, "geometry": { "type": "MultiPolygon", "coordinates": [ [ [ [ 120.18633, 22.93011 ], [ 120.18633, 22.93012 ], [ 120.18632, 22.93012 ], [ 120.18633, 22.93011 ] ] ], [ [ [ 120.18638, 22.93019 ], [ 120.18637, 22.93019 ], [ 120.18637, 22.93017 ], [ 120.18638, 22.93019 ] ] ], [ [ [ 120.1864, 22.93023 ], [ 120.18639, 22.93023 ], [ 120.18639, 22.93022 ], [ 120.1864, 22.93023 ] ] ], [ [ [ 120.18725, 22.93036 ], [ 120.18725, 22.93037 ], [ 120.18724, 22.93037 ], [ 120.18725, 22.93036 ] ] ], [ [ [ 120.18649, 22.93037 ], [ 120.18648, 22.93037 ], [ 120.18648, 22.93036 ], [ 120.18649, 22.93037 ] ] ], [ [ [ 120.1868, 22.93089 ], [ 120.18679, 22.93089 ], [ 120.18679, 22.93088 ], [ 120.1868, 22.93089 ] ] ], [ [ [ 120.18677, 22.9319 ], [ 120.18677, 22.93192 ], [ 120.18676, 22.93192 ], [ 120.18677, 22.9319 ] ] ], [ [ [ 120.18743, 22.92941 ], [ 120.18742, 22.92941 ], [ 120.18742, 22.92938 ], [ 120.18743, 22.92941 ] ] ], [ [ [ 120.18799, 22.93008 ], [ 120.18798, 22.93008 ], [ 120.18798, 22.93006 ], [ 120.18799, 22.93008 ] ] ], [ [ [ 120.18736, 22.9302 ], [ 120.18735, 22.9302 ], [ 120.18735, 22.93019 ], [ 120.18736, 22.9302 ] ] ], [ [ [ 120.1883, 22.93028 ], [ 120.18829, 22.93028 ], [ 120.18829, 22.93027 ], [ 120.1883, 22.93028 ] ] ], [ [ [ 120.18803, 22.93115 ], [ 120.18802, 22.93115 ], [ 120.18802, 22.93114 ], [ 120.18803, 22.93115 ] ] ], [ [ [ 120.18744, 22.9314 ], [ 120.18743, 22.9314 ], [ 120.18743, 22.93137 ], [ 120.18744, 22.9314 ] ] ] ] } },
{ "type": "Feature", "properties": { "park_id": 411, "scenario": "2026-07-21 11:00:00 CST", "solar_alt": 74.553791940997598, "solar_az": 96.018416276456904, "canopy_min": 2.0 }, "geometry": { "type": "GeometryCollection", "geometries": [ { "type": "MultiPolygon", "coordinates": [ [ [ [ 120.27625, 22.92716 ], [ 120.27624, 22.92716 ], [ 120.27624, 22.92715 ], [ 120.27625, 22.92716 ] ] ], [ [ [ 120.27645, 22.92732 ], [ 120.27645, 22.92731 ], [ 120.27646, 22.92731 ], [ 120.27645, 22.92732 ] ] ], [ [ [ 120.27653, 22.92737 ], [ 120.27653, 22.92738 ], [ 120.27652, 22.92738 ], [ 120.27653, 22.92737 ] ] ], [ [ [ 120.27654, 22.9274 ], [ 120.27654, 22.92742 ], [ 120.27653, 22.92742 ], [ 120.27654, 22.9274 ] ] ] ] }, { "type": "GeometryCollection", "geometries": [ { "type": "Point", "coordinates": [ 120.27639, 22.92711 ] }, { "type": "LineString", "coordinates": [ [ 120.2761, 22.9272 ], [ 120.27609, 22.9272 ] ] }, { "type": "LineString", "coordinates": [ [ 120.2766, 22.92703 ], [ 120.27661, 22.92703 ] ] } ] }, { "type": "MultiPoint", "coordinates": [ [ 120.27607, 22.92721 ], [ 120.27628, 22.92714 ], [ 120.27631, 22.92713 ], [ 120.2765, 22.92707 ] ] } ] } },
{ "type": "Feature", "properties": { "park_id": 412, "scenario": "2026-07-21 11:00:00 CST", "solar_alt": 74.553791940997598, "solar_az": 96.018416276456904, "canopy_min": 2.0 }, "geometry": { "type": "GeometryCollection", "geometries": [ { "type": "MultiPolygon", "coordinates": [ [ [ [ 120.2766, 22.92181 ], [ 120.27659, 22.92181 ], [ 120.27659, 22.92179 ], [ 120.2766, 22.92181 ] ] ], [ [ [ 120.27617, 22.92195 ], [ 120.27616, 22.92195 ], [ 120.27616, 22.92191 ], [ 120.27617, 22.92195 ] ] ], [ [ [ 120.27618, 22.92199 ], [ 120.27619, 22.92199 ], [ 120.27619, 22.922 ], [ 120.27618, 22.92199 ] ] ], [ [ [ 120.27618, 22.92202 ], [ 120.27619, 22.92202 ], [ 120.27619, 22.92204 ], [ 120.27618, 22.92202 ] ] ] ] }, { "type": "LineString", "coordinates": [ [ 120.27661, 22.92182 ], [ 120.2766, 22.92182 ] ] } ] } },
{ "type": "Feature", "properties": { "park_id": 413, "scenario": "2026-07-21 11:00:00 CST", "solar_alt": 74.553791940997598, "solar_az": 96.018416276456904, "canopy_min": 2.0 }, "geometry": { "type": "GeometryCollection", "geometries": [ { "type": "Polygon", "coordinates": [ [ [ 120.28003, 22.92108 ], [ 120.28004, 22.92109 ], [ 120.28003, 22.92109 ], [ 120.28003, 22.92108 ] ] ] }, { "type": "MultiLineString", "coordinates": [ [ [ 120.28063, 22.92015 ], [ 120.28063, 22.92014 ] ], [ [ 120.2804, 22.92023 ], [ 120.2804, 22.92022 ] ], [ [ 120.28036, 22.92024 ], [ 120.28035, 22.92024 ] ], [ [ 120.28031, 22.92026 ], [ 120.2803, 22.92026 ] ] ] }, { "type": "MultiPoint", "coordinates": [ [ 120.28023, 22.92029 ], [ 120.28053, 22.92018 ], [ 120.28058, 22.92016 ] ] } ] } },
{ "type": "Feature", "properties": { "park_id": 414, "scenario": "2026-07-21 11:00:00 CST", "solar_alt": 74.553791940997598, "solar_az": 96.018416276456904, "canopy_min": 2.0 }, "geometry": { "type": "GeometryCollection", "geometries": [ { "type": "LineString", "coordinates": [ [ 120.27393, 22.92253 ], [ 120.27393, 22.92252 ] ] }, { "type": "Point", "coordinates": [ 120.2739, 22.92253 ] } ] } },
{ "type": "Feature", "properties": { "park_id": 416, "scenario": "2026-07-21 11:00:00 CST", "solar_alt": 74.553791940997598, "solar_az": 96.018416276456904, "canopy_min": 2.0 }, "geometry": { "type": "GeometryCollection", "geometries": [ { "type": "MultiPolygon", "coordinates": [ [ [ [ 120.28213, 22.92399 ], [ 120.28214, 22.924 ], [ 120.28213, 22.924 ], [ 120.28213, 22.92399 ] ] ], [ [ [ 120.28059, 22.92472 ], [ 120.2806, 22.92473 ], [ 120.28059, 22.92473 ], [ 120.28059, 22.92472 ] ] ], [ [ [ 120.28079, 22.92474 ], [ 120.2808, 22.92472 ], [ 120.2808, 22.92474 ], [ 120.28079, 22.92474 ] ] ], [ [ [ 120.28066, 22.92512 ], [ 120.28067, 22.92513 ], [ 120.28066, 22.92513 ], [ 120.28066, 22.92512 ] ] ], [ [ [ 120.28013, 22.92538 ], [ 120.28014, 22.92539 ], [ 120.28013, 22.92539 ], [ 120.28013, 22.92538 ] ] ], [ [ [ 120.28066, 22.9259 ], [ 120.28067, 22.92591 ], [ 120.28066, 22.92591 ], [ 120.28066, 22.9259 ] ] ], [ [ [ 120.28008, 22.92617 ], [ 120.28009, 22.92618 ], [ 120.28008, 22.92618 ], [ 120.28008, 22.92617 ] ] ], [ [ [ 120.28057, 22.92676 ], [ 120.28058, 22.92677 ], [ 120.28057, 22.92677 ], [ 120.28057, 22.92676 ] ] ] ] }, { "type": "MultiLineString", "coordinates": [ [ [ 120.28023, 22.92678 ], [ 120.28022, 22.92678 ] ], [ [ 120.28027, 22.92679 ], [ 120.28026, 22.92679 ] ], [ [ 120.28039, 22.92682 ], [ 120.2804, 22.92682 ] ], [ [ 120.28065, 22.92499 ], [ 120.28064, 22.92499 ] ], [ [ 120.28073, 22.92689 ], [ 120.28072, 22.92689 ] ] ] }, { "type": "MultiPoint", "coordinates": [ [ 120.28018, 22.92677 ], [ 120.28031, 22.9268 ], [ 120.28035, 22.92681 ], [ 120.28064, 22.92687 ], [ 120.28068, 22.92688 ] ] } ] } },
{ "type": "Feature", "properties": { "park_id": 417, "scenario": "2026-07-21 11:00:00 CST", "solar_alt": 74.553791940997598, "solar_az": 96.018416276456904, "canopy_min": 2.0 }, "geometry": { "type": "Polygon", "coordinates": [ [ [ 120.21734, 22.98692 ], [ 120.21738, 22.98691 ], [ 120.21738, 22.98695 ], [ 120.21734, 22.98692 ] ] ] } },
{ "type": "Feature", "properties": { "park_id": 419, "scenario": "2026-07-21 11:00:00 CST", "solar_alt": 74.553791940997598, "solar_az": 96.018416276456904, "canopy_min": 2.0 }, "geometry": { "type": "GeometryCollection", "geometries": [ { "type": "Polygon", "coordinates": [ [ [ 120.32107, 23.31868 ], [ 120.32108, 23.31863 ], [ 120.32108, 23.31868 ], [ 120.32107, 23.31868 ] ] ] }, { "type": "MultiLineString", "coordinates": [ [ [ 120.32105, 23.31847 ], [ 120.32105, 23.31849 ] ], [ [ 120.32106, 23.31854 ], [ 120.32106, 23.31853 ] ], [ [ 120.32106, 23.31863 ], [ 120.32106, 23.31862 ] ] ] } ] } },
{ "type": "Feature", "properties": { "park_id": 420, "scenario": "2026-07-21 11:00:00 CST", "solar_alt": 74.553791940997598, "solar_az": 96.018416276456904, "canopy_min": 2.0 }, "geometry": { "type": "GeometryCollection", "geometries": [ { "type": "MultiPolygon", "coordinates": [ [ [ [ 120.32105, 23.3183 ], [ 120.32104, 23.3183 ], [ 120.32105, 23.31827 ], [ 120.32105, 23.3183 ] ] ], [ [ [ 120.32105, 23.31832 ], [ 120.32104, 23.31832 ], [ 120.32105, 23.31831 ], [ 120.32105, 23.31832 ] ] ] ] }, { "type": "LineString", "coordinates": [ [ 120.32105, 23.3184 ], [ 120.32105, 23.31841 ] ] } ] } },
{ "type": "Feature", "properties": { "park_id": 421, "scenario": "2026-07-21 11:00:00 CST", "solar_alt": 74.553791940997598, "solar_az": 96.018416276456904, "canopy_min": 2.0 }, "geometry": { "type": "LineString", "coordinates": [ [ 120.30473, 23.02938 ], [ 120.30473, 23.02939 ] ] } },
{ "type": "Feature", "properties": { "park_id": 422, "scenario": "2026-07-21 11:00:00 CST", "solar_alt": 74.553791940997598, "solar_az": 96.018416276456904, "canopy_min": 2.0 }, "geometry": { "type": "Polygon", "coordinates": [ [ [ 120.32088, 23.31803 ], [ 120.32088, 23.31802 ], [ 120.32089, 23.31802 ], [ 120.32088, 23.31803 ] ] ] } },
{ "type": "Feature", "properties": { "park_id": 423, "scenario": "2026-07-21 11:00:00 CST", "solar_alt": 74.553791940997598, "solar_az": 96.018416276456904, "canopy_min": 2.0 }, "geometry": { "type": "MultiPolygon", "coordinates": [ [ [ [ 120.25181, 22.96362 ], [ 120.2518, 22.96362 ], [ 120.2518, 22.96361 ], [ 120.25181, 22.96362 ] ] ], [ [ [ 120.25179, 22.96362 ], [ 120.2518, 22.96362 ], [ 120.2518, 22.96369 ], [ 120.25179, 22.96362 ] ] ] ] } },
{ "type": "Feature", "properties": { "park_id": 424, "scenario": "2026-07-21 11:00:00 CST", "solar_alt": 74.553791940997598, "solar_az": 96.018416276456904, "canopy_min": 2.0 }, "geometry": { "type": "Polygon", "coordinates": [ [ [ 120.28995, 23.13612 ], [ 120.28996, 23.13612 ], [ 120.28996, 23.13613 ], [ 120.28995, 23.13612 ] ] ] } },
{ "type": "Feature", "properties": { "park_id": 425, "scenario": "2026-07-21 11:00:00 CST", "solar_alt": 74.553791940997598, "solar_az": 96.018416276456904, "canopy_min": 2.0 }, "geometry": { "type": "GeometryCollection", "geometries": [ { "type": "MultiPolygon", "coordinates": [ [ [ [ 120.29837, 22.96315 ], [ 120.29838, 22.96315 ], [ 120.29838, 22.96316 ], [ 120.29837, 22.96315 ] ] ], [ [ [ 120.29838, 22.96319 ], [ 120.29837, 22.96318 ], [ 120.29838, 22.96318 ], [ 120.29838, 22.96319 ] ] ], [ [ [ 120.2981, 22.96331 ], [ 120.29809, 22.96326 ], [ 120.2981, 22.96326 ], [ 120.2981, 22.96331 ] ] ], [ [ [ 120.29705, 22.96365 ], [ 120.29706, 22.96365 ], [ 120.29706, 22.96369 ], [ 120.29705, 22.96365 ] ] ], [ [ [ 120.29863, 22.96412 ], [ 120.29862, 22.96411 ], [ 120.29863, 22.96411 ], [ 120.29863, 22.96412 ] ] ], [ [ [ 120.29864, 22.96414 ], [ 120.29863, 22.96413 ], [ 120.29864, 22.96413 ], [ 120.29864, 22.96414 ] ] ] ] }, { "type": "GeometryCollection", "geometries": [ { "type": "Point", "coordinates": [ 120.29682, 22.96245 ] }, { "type": "LineString", "coordinates": [ [ 120.2968, 22.9625 ], [ 120.2968, 22.96249 ] ] } ] } ] } },
{ "type": "Feature", "properties": { "park_id": 426, "scenario": "2026-07-21 11:00:00 CST", "solar_alt": 74.553791940997598, "solar_az": 96.018416276456904, "canopy_min": 2.0 }, "geometry": { "type": "MultiPolygon", "coordinates": [ [ [ [ 120.26183, 23.23928 ], [ 120.26183, 23.23934 ], [ 120.26182, 23.23934 ], [ 120.26183, 23.23928 ] ] ], [ [ [ 120.26181, 23.23947 ], [ 120.26181, 23.23946 ], [ 120.26182, 23.23946 ], [ 120.26181, 23.23947 ] ] ], [ [ [ 120.26182, 23.23964 ], [ 120.26181, 23.23964 ], [ 120.26181, 23.23963 ], [ 120.26182, 23.23964 ] ] ] ] } },
{ "type": "Feature", "properties": { "park_id": 427, "scenario": "2026-07-21 11:00:00 CST", "solar_alt": 74.553791940997598, "solar_az": 96.018416276456904, "canopy_min": 2.0 }, "geometry": { "type": "GeometryCollection", "geometries": [ { "type": "MultiPolygon", "coordinates": [ [ [ [ 120.31667, 23.27654 ], [ 120.31667, 23.27655 ], [ 120.31666, 23.27654 ], [ 120.31668, 23.2765 ], [ 120.31667, 23.27654 ] ] ], [ [ [ 120.31697, 23.27654 ], [ 120.31698, 23.27651 ], [ 120.31699, 23.27654 ], [ 120.31697, 23.27654 ] ] ], [ [ [ 120.31685, 23.27665 ], [ 120.31686, 23.27665 ], [ 120.31686, 23.27668 ], [ 120.31685, 23.27665 ] ] ], [ [ [ 120.31707, 23.27671 ], [ 120.31708, 23.2767 ], [ 120.31708, 23.27671 ], [ 120.31707, 23.27671 ] ] ], [ [ [ 120.31708, 23.27675 ], [ 120.31706, 23.27672 ], [ 120.31708, 23.27672 ], [ 120.31708, 23.27675 ] ] ] ] }, { "type": "MultiLineString", "coordinates": [ [ [ 120.31672, 23.27645 ], [ 120.31671, 23.27645 ] ], [ [ 120.31666, 23.27654 ], [ 120.31667, 23.27654 ] ], [ [ 120.31658, 23.27668 ], [ 120.31657, 23.27672 ] ] ] } ] } },
{ "type": "Feature", "properties": { "park_id": 428, "scenario": "2026-07-21 11:00:00 CST", "solar_alt": 74.553791940997598, "solar_az": 96.018416276456904, "canopy_min": 2.0 }, "geometry": { "type": "GeometryCollection", "geometries": [ { "type": "MultiPolygon", "coordinates": [ [ [ [ 120.23307, 23.00693 ], [ 120.23307, 23.00692 ], [ 120.23308, 23.00693 ], [ 120.23307, 23.00693 ] ] ], [ [ [ 120.23268, 23.00746 ], [ 120.23267, 23.00746 ], [ 120.23268, 23.00745 ], [ 120.23268, 23.00746 ] ] ], [ [ [ 120.23294, 23.00758 ], [ 120.23293, 23.00758 ], [ 120.23294, 23.00757 ], [ 120.23294, 23.00758 ] ] ], [ [ [ 120.23294, 23.00758 ], [ 120.23295, 23.00758 ], [ 120.23294, 23.00761 ], [ 120.23294, 23.00758 ] ] ], [ [ [ 120.23238, 23.00766 ], [ 120.23238, 23.00762 ], [ 120.23239, 23.00766 ], [ 120.23238, 23.00766 ] ] ], [ [ [ 120.23276, 23.00775 ], [ 120.23275, 23.00775 ], [ 120.23276, 23.00774 ], [ 120.23276, 23.00775 ] ] ], [ [ [ 120.23313, 23.00785 ], [ 120.23313, 23.0078 ], [ 120.23314, 23.00785 ], [ 120.23313, 23.00785 ] ] ], [ [ [ 120.23314, 23.00788 ], [ 120.23314, 23.00789 ], [ 120.23313, 23.00789 ], [ 120.23314, 23.00788 ] ] ], [ [ [ 120.23314, 23.00792 ], [ 120.23313, 23.00792 ], [ 120.23313, 23.00791 ], [ 120.23314, 23.00792 ] ] ], [ [ [ 120.23315, 23.00792 ], [ 120.23315, 23.00793 ], [ 120.23314, 23.00792 ], [ 120.23315, 23.00792 ] ] ], [ [ [ 120.23361, 23.00778 ], [ 120.2336, 23.00778 ], [ 120.23361, 23.00777 ], [ 120.23361, 23.00778 ] ] ], [ [ [ 120.23341, 23.00778 ], [ 120.2334, 23.00778 ], [ 120.23341, 23.00777 ], [ 120.23341, 23.00778 ] ] ], [ [ [ 120.23315, 23.00779 ], [ 120.23315, 23.00778 ], [ 120.23316, 23.00778 ], [ 120.23315, 23.00779 ] ] ], [ [ [ 120.23339, 23.00779 ], [ 120.23339, 23.00778 ], [ 120.2334, 23.00778 ], [ 120.23339, 23.00779 ] ] ], [ [ [ 120.23339, 23.00782 ], [ 120.23338, 23.00782 ], [ 120.23339, 23.0078 ], [ 120.23339, 23.00782 ] ] ], [ [ [ 120.23339, 23.00784 ], [ 120.23339, 23.00782 ], [ 120.2334, 23.00784 ], [ 120.23339, 23.00784 ] ] ], [ [ [ 120.23316, 23.00788 ], [ 120.23315, 23.00788 ], [ 120.23316, 23.0078 ], [ 120.23316, 23.00788 ] ] ], [ [ [ 120.23315, 23.00795 ], [ 120.23315, 23.00794 ], [ 120.23316, 23.00794 ], [ 120.23315, 23.00795 ] ] ], [ [ [ 120.23351, 23.00813 ], [ 120.23351, 23.00807 ], [ 120.23352, 23.00807 ], [ 120.23351, 23.00813 ] ] ] ] }, { "type": "LineString", "coordinates": [ [ 120.23356, 23.00745 ], [ 120.23355, 23.00745 ] ] } ] } },
{ "type": "Feature", "properties": { "park_id": 429, "scenario": "2026-07-21 11:00:00 CST", "solar_alt": 74.553791940997598, "solar_az": 96.018416276456904, "canopy_min": 2.0 }, "geometry": { "type": "GeometryCollection", "geometries": [ { "type": "MultiPolygon", "coordinates": [ [ [ [ 120.19367, 22.96714 ], [ 120.19368, 22.96714 ], [ 120.19367, 22.96718 ], [ 120.19367, 22.96714 ] ] ], [ [ [ 120.19401, 22.96753 ], [ 120.19401, 22.96754 ], [ 120.194, 22.96754 ], [ 120.19401, 22.96753 ] ] ], [ [ [ 120.19402, 22.96758 ], [ 120.19402, 22.96759 ], [ 120.19401, 22.96759 ], [ 120.19402, 22.96758 ] ] ] ] }, { "type": "MultiPoint", "coordinates": [ [ 120.19367, 22.96748 ], [ 120.19368, 22.9675 ], [ 120.19369, 22.96752 ] ] } ] } },
{ "type": "Feature", "properties": { "park_id": 430, "scenario": "2026-07-21 11:00:00 CST", "solar_alt": 74.553791940997598, "solar_az": 96.018416276456904, "canopy_min": 2.0 }, "geometry": { "type": "MultiPolygon", "coordinates": [ [ [ [ 120.23021, 22.96137 ], [ 120.2302, 22.96137 ], [ 120.2302, 22.96136 ], [ 120.23021, 22.96137 ] ] ], [ [ [ 120.23022, 22.96143 ], [ 120.23023, 22.96143 ], [ 120.23023, 22.96144 ], [ 120.23022, 22.96143 ] ] ], [ [ [ 120.2303, 22.96152 ], [ 120.23031, 22.96152 ], [ 120.23031, 22.96153 ], [ 120.2303, 22.96152 ] ] ] ] } },
{ "type": "Feature", "properties": { "park_id": 432, "scenario": "2026-07-21 11:00:00 CST", "solar_alt": 74.553791940997598, "solar_az": 96.018416276456904, "canopy_min": 2.0 }, "geometry": { "type": "GeometryCollection", "geometries": [ { "type": "MultiPolygon", "coordinates": [ [ [ [ 120.17141, 22.98682 ], [ 120.17142, 22.98681 ], [ 120.17142, 22.98682 ], [ 120.17141, 22.98682 ] ] ], [ [ [ 120.17119, 22.98682 ], [ 120.17118, 22.98681 ], [ 120.17119, 22.98681 ], [ 120.17119, 22.98682 ] ] ], [ [ [ 120.17128, 22.98688 ], [ 120.17127, 22.9869 ], [ 120.17127, 22.98688 ], [ 120.17128, 22.98688 ] ] ], [ [ [ 120.17109, 22.98692 ], [ 120.1711, 22.98691 ], [ 120.1711, 22.98692 ], [ 120.17109, 22.98692 ] ] ], [ [ [ 120.17143, 22.98691 ], [ 120.17146, 22.98688 ], [ 120.17143, 22.98699 ], [ 120.17143, 22.98691 ] ] ], [ [ [ 120.17131, 22.98695 ], [ 120.1713, 22.98696 ], [ 120.1713, 22.98695 ], [ 120.17131, 22.98695 ] ] ], [ [ [ 120.17075, 22.98696 ], [ 120.17075, 22.98698 ], [ 120.17074, 22.98696 ], [ 120.17075, 22.98696 ] ] ], [ [ [ 120.17106, 22.98699 ], [ 120.17105, 22.98699 ], [ 120.17106, 22.98697 ], [ 120.17106, 22.98699 ] ] ], [ [ [ 120.17092, 22.98707 ], [ 120.17092, 22.98708 ], [ 120.17091, 22.98707 ], [ 120.17092, 22.98707 ] ] ], [ [ [ 120.17118, 22.98712 ], [ 120.17115, 22.98711 ], [ 120.17117, 22.98707 ], [ 120.17118, 22.98712 ] ] ], [ [ [ 120.17136, 22.98713 ], [ 120.17137, 22.98709 ], [ 120.17137, 22.98713 ], [ 120.17136, 22.98713 ] ] ], [ [ [ 120.1709, 22.98713 ], [ 120.17091, 22.98712 ], [ 120.17091, 22.98713 ], [ 120.1709, 22.98713 ] ] ], [ [ [ 120.17088, 22.98722 ], [ 120.17087, 22.98722 ], [ 120.17088, 22.98721 ], [ 120.17088, 22.98722 ] ] ], [ [ [ 120.17144, 22.98726 ], [ 120.17143, 22.98726 ], [ 120.17144, 22.98724 ], [ 120.17144, 22.98726 ] ] ], [ [ [ 120.17089, 22.9873 ], [ 120.17088, 22.98731 ], [ 120.17088, 22.9873 ], [ 120.17089, 22.9873 ] ] ], [ [ [ 120.17103, 22.98755 ], [ 120.17102, 22.98754 ], [ 120.17103, 22.98754 ], [ 120.17103, 22.98755 ] ] ], [ [ [ 120.17086, 22.98799 ], [ 120.17087, 22.98799 ], [ 120.17087, 22.988 ], [ 120.17086, 22.98799 ] ] ], [ [ [ 120.17148, 22.98802 ], [ 120.17149, 22.98802 ], [ 120.17148, 22.98803 ], [ 120.17148, 22.98802 ] ] ], [ [ [ 120.17149, 22.98803 ], [ 120.1715, 22.98812 ], [ 120.17148, 22.98803 ], [ 120.17149, 22.98803 ] ] ], [ [ [ 120.17088, 22.98807 ], [ 120.17088, 22.98808 ], [ 120.17087, 22.98807 ], [ 120.17088, 22.98807 ] ] ], [ [ [ 120.17088, 22.98811 ], [ 120.17089, 22.98809 ], [ 120.17089, 22.98811 ], [ 120.17088, 22.98811 ] ] ], [ [ [ 120.1713, 22.98817 ], [ 120.17129, 22.9882 ], [ 120.17129, 22.98817 ], [ 120.1713, 22.98817 ] ] ], [ [ [ 120.17131, 22.98821 ], [ 120.1713, 22.98821 ], [ 120.17131, 22.9882 ], [ 120.17131, 22.98821 ] ] ], [ [ [ 120.17131, 22.98823 ], [ 120.17131, 22.98821 ], [ 120.17132, 22.98823 ], [ 120.17131, 22.98823 ] ] ], [ [ [ 120.17131, 22.98836 ], [ 120.17132, 22.98835 ], [ 120.17132, 22.98836 ], [ 120.17131, 22.98836 ] ] ], [ [ [ 120.17095, 22.98859 ], [ 120.17096, 22.98857 ], [ 120.17096, 22.98859 ], [ 120.17095, 22.98859 ] ] ], [ [ [ 120.17096, 22.98862 ], [ 120.17095, 22.98861 ], [ 120.17096, 22.98861 ], [ 120.17096, 22.98862 ] ] ], [ [ [ 120.17188, 22.98679 ], [ 120.17187, 22.98679 ], [ 120.17188, 22.98677 ], [ 120.17188, 22.98679 ] ] ], [ [ [ 120.17162, 22.9868 ], [ 120.17163, 22.9868 ], [ 120.17162, 22.98683 ], [ 120.17162, 22.9868 ] ] ], [ [ [ 120.17182, 22.98683 ], [ 120.17186, 22.98679 ], [ 120.17182, 22.9869 ], [ 120.17182, 22.98683 ] ] ], [ [ [ 120.17242, 22.98693 ], [ 120.17243, 22.9869 ], [ 120.17243, 22.98693 ], [ 120.17242, 22.98693 ] ] ], [ [ [ 120.17244, 22.98693 ], [ 120.17246, 22.98696 ], [ 120.17244, 22.98697 ], [ 120.17244, 22.98693 ] ] ], [ [ [ 120.17244, 22.98708 ], [ 120.17244, 22.98709 ], [ 120.17243, 22.98708 ], [ 120.17244, 22.98708 ] ] ], [ [ [ 120.17245, 22.98709 ], [ 120.17245, 22.9871 ], [ 120.17244, 22.9871 ], [ 120.17244, 22.98709 ], [ 120.17245, 22.98709 ] ] ], [ [ [ 120.17195, 22.98712 ], [ 120.17196, 22.9871 ], [ 120.17196, 22.98712 ], [ 120.17195, 22.98712 ] ] ], [ [ [ 120.17244, 22.98712 ], [ 120.17245, 22.98711 ], [ 120.17245, 22.98712 ], [ 120.17244, 22.98712 ] ] ], [ [ [ 120.17181, 22.98723 ], [ 120.17182, 22.98722 ], [ 120.17182, 22.98723 ], [ 120.17181, 22.98723 ] ] ], [ [ [ 120.17249, 22.98724 ], [ 120.17248, 22.98724 ], [ 120.17249, 22.98723 ], [ 120.17249, 22.98724 ] ] ], [ [ [ 120.17157, 22.98744 ], [ 120.17156, 22.98744 ], [ 120.17157, 22.98742 ], [ 120.17157, 22.98744 ] ] ], [ [ [ 120.17158, 22.98745 ], [ 120.17157, 22.98747 ], [ 120.17157, 22.98745 ], [ 120.17158, 22.98745 ] ] ], [ [ [ 120.17245, 22.98748 ], [ 120.17246, 22.98747 ], [ 120.17246, 22.98748 ], [ 120.17245, 22.98748 ] ] ], [ [ [ 120.17246, 22.98751 ], [ 120.17245, 22.9875 ], [ 120.17246, 22.9875 ], [ 120.17246, 22.98751 ] ] ], [ [ [ 120.17156, 22.98783 ], [ 120.17155, 22.98783 ], [ 120.17156, 22.98782 ], [ 120.17156, 22.98783 ] ] ], [ [ [ 120.17246, 22.98788 ], [ 120.17246, 22.98793 ], [ 120.17244, 22.9879 ], [ 120.17246, 22.98788 ] ] ], [ [ [ 120.17149, 22.98798 ], [ 120.1715, 22.98799 ], [ 120.17149, 22.98799 ], [ 120.17149, 22.98798 ] ] ], [ [ [ 120.1715, 22.98801 ], [ 120.17149, 22.98802 ], [ 120.17149, 22.98801 ], [ 120.1715, 22.98801 ] ] ], [ [ [ 120.17169, 22.98816 ], [ 120.1717, 22.98815 ], [ 120.1717, 22.98816 ], [ 120.17169, 22.98816 ] ] ], [ [ [ 120.17172, 22.98824 ], [ 120.17171, 22.98824 ], [ 120.17172, 22.98816 ], [ 120.17172, 22.98824 ] ] ], [ [ [ 120.17169, 22.9882 ], [ 120.1717, 22.9882 ], [ 120.17169, 22.98825 ], [ 120.17169, 22.9882 ] ] ], [ [ [ 120.17151, 22.98829 ], [ 120.17152, 22.98828 ], [ 120.17152, 22.98829 ], [ 120.17151, 22.98829 ] ] ], [ [ [ 120.17151, 22.9883 ], [ 120.1715, 22.98829 ], [ 120.17151, 22.98829 ], [ 120.17151, 22.9883 ] ] ], [ [ [ 120.17152, 22.98831 ], [ 120.17151, 22.98831 ], [ 120.17151, 22.9883 ], [ 120.17152, 22.9883 ], [ 120.17152, 22.98831 ] ] ], [ [ [ 120.17157, 22.98848 ], [ 120.17155, 22.98847 ], [ 120.17157, 22.98846 ], [ 120.17157, 22.98848 ] ] ], [ [ [ 120.17158, 22.98848 ], [ 120.17157, 22.98851 ], [ 120.17157, 22.98848 ], [ 120.17158, 22.98848 ] ] ], [ [ [ 120.1728, 22.98681 ], [ 120.17279, 22.98682 ], [ 120.17279, 22.98681 ], [ 120.1728, 22.98681 ] ] ], [ [ [ 120.17278, 22.98683 ], [ 120.17279, 22.98684 ], [ 120.17278, 22.98684 ], [ 120.17278, 22.98683 ] ] ], [ [ [ 120.17277, 22.98687 ], [ 120.17278, 22.98686 ], [ 120.17278, 22.98687 ], [ 120.17277, 22.98687 ] ] ], [ [ [ 120.17274, 22.98701 ], [ 120.17273, 22.98701 ], [ 120.17274, 22.98699 ], [ 120.17274, 22.98701 ] ] ], [ [ [ 120.17273, 22.98703 ], [ 120.17272, 22.98703 ], [ 120.17273, 22.98702 ], [ 120.17273, 22.98703 ] ] ], [ [ [ 120.17271, 22.98706 ], [ 120.17272, 22.98705 ], [ 120.17272, 22.98706 ], [ 120.17271, 22.98706 ] ] ], [ [ [ 120.17271, 22.98707 ], [ 120.1727, 22.98713 ], [ 120.1727, 22.98707 ], [ 120.17271, 22.98707 ] ] ], [ [ [ 120.1727, 22.98716 ], [ 120.17271, 22.98715 ], [ 120.17271, 22.98716 ], [ 120.1727, 22.98716 ] ] ], [ [ [ 120.17249, 22.9872 ], [ 120.17249, 22.98722 ], [ 120.17248, 22.9872 ], [ 120.17249, 22.9872 ] ] ], [ [ [ 120.17266, 22.98743 ], [ 120.17266, 22.98744 ], [ 120.17265, 22.98743 ], [ 120.17266, 22.98743 ] ] ], [ [ [ 120.17259, 22.98749 ], [ 120.1726, 22.98746 ], [ 120.1726, 22.98749 ], [ 120.17259, 22.98749 ] ] ], [ [ [ 120.17265, 22.98772 ], [ 120.17266, 22.9877 ], [ 120.17266, 22.98772 ], [ 120.17265, 22.98772 ] ] ], [ [ [ 120.17263, 22.9878 ], [ 120.17262, 22.98784 ], [ 120.17261, 22.98784 ], [ 120.17261, 22.98774 ], [ 120.17263, 22.9878 ] ] ], [ [ [ 120.17289, 22.98782 ], [ 120.17289, 22.98786 ], [ 120.17288, 22.98782 ], [ 120.17289, 22.98782 ] ] ], [ [ [ 120.17287, 22.98788 ], [ 120.17286, 22.98788 ], [ 120.17287, 22.98786 ], [ 120.17287, 22.98788 ] ] ], [ [ [ 120.17286, 22.98788 ], [ 120.17285, 22.9879 ], [ 120.17285, 22.98788 ], [ 120.17286, 22.98788 ] ] ], [ [ [ 120.17286, 22.98796 ], [ 120.17283, 22.98797 ], [ 120.17283, 22.98795 ], [ 120.17286, 22.98796 ] ] ], [ [ [ 120.17286, 22.988 ], [ 120.17287, 22.98799 ], [ 120.17287, 22.988 ], [ 120.17286, 22.988 ] ] ], [ [ [ 120.17296, 22.98807 ], [ 120.17296, 22.98809 ], [ 120.17295, 22.98807 ], [ 120.17296, 22.98807 ] ] ], [ [ [ 120.17295, 22.9881 ], [ 120.17294, 22.9881 ], [ 120.17295, 22.98809 ], [ 120.17295, 22.9881 ] ] ], [ [ [ 120.17287, 22.98813 ], [ 120.17288, 22.98812 ], [ 120.17288, 22.98813 ], [ 120.17287, 22.98813 ] ] ], [ [ [ 120.17272, 22.98808 ], [ 120.17272, 22.98819 ], [ 120.1727, 22.98808 ], [ 120.17272, 22.98808 ] ] ], [ [ [ 120.17287, 22.98815 ], [ 120.17288, 22.98814 ], [ 120.17288, 22.98815 ], [ 120.17287, 22.98815 ] ] ], [ [ [ 120.17255, 22.98845 ], [ 120.17254, 22.98845 ], [ 120.17255, 22.98843 ], [ 120.17255, 22.98845 ] ] ], [ [ [ 120.17256, 22.98846 ], [ 120.17256, 22.98844 ], [ 120.17257, 22.98846 ], [ 120.17256, 22.98846 ] ] ] ] }, { "type": "GeometryCollection", "geometries": [ { "type": "Point", "coordinates": [ 120.17077, 22.98689 ] }, { "type": "LineString", "coordinates": [ [ 120.1709, 22.98716 ], [ 120.17089, 22.98716 ] ] }, { "type": "LineString", "coordinates": [ [ 120.17077, 22.9872 ], [ 120.17077, 22.98722 ] ] }, { "type": "LineString", "coordinates": [ [ 120.17078, 22.9873 ], [ 120.17078, 22.98728 ] ] }, { "type": "LineString", "coordinates": [ [ 120.1708, 22.98745 ], [ 120.1708, 22.98744 ] ] }, { "type": "LineString", "coordinates": [ [ 120.17081, 22.98753 ], [ 120.17081, 22.98752 ] ] }, { "type": "LineString", "coordinates": [ [ 120.17082, 22.98761 ], [ 120.17082, 22.9876 ] ] }, { "type": "LineString", "coordinates": [ [ 120.17083, 22.98769 ], [ 120.17083, 22.98768 ] ] }, { "type": "LineString", "coordinates": [ [ 120.17084, 22.98775 ], [ 120.17084, 22.98777 ] ] }, { "type": "LineString", "coordinates": [ [ 120.17085, 22.98785 ], [ 120.17085, 22.98783 ] ] }, { "type": "LineString", "coordinates": [ [ 120.17086, 22.98792 ], [ 120.17086, 22.98791 ] ] }, { "type": "LineString", "coordinates": [ [ 120.17088, 22.98816 ], [ 120.17088, 22.98815 ] ] }, { "type": "LineString", "coordinates": [ [ 120.17089, 22.98824 ], [ 120.17089, 22.98822 ] ] }, { "type": "LineString", "coordinates": [ [ 120.1709, 22.98831 ], [ 120.1709, 22.9883 ] ] }, { "type": "LineString", "coordinates": [ [ 120.17136, 22.98718 ], [ 120.17137, 22.98718 ] ] }, { "type": "LineString", "coordinates": [ [ 120.17264, 22.98772 ], [ 120.17265, 22.98772 ] ] }, { "type": "LineString", "coordinates": [ [ 120.17277, 22.98687 ], [ 120.17277, 22.98689 ] ] }, { "type": "LineString", "coordinates": [ [ 120.17278, 22.98689 ], [ 120.17277, 22.98689 ] ] }, { "type": "LineString", "coordinates": [ [ 120.17299, 22.98759 ], [ 120.17298, 22.98761 ] ] }, { "type": "LineString", "coordinates": [ [ 120.17289, 22.988 ], [ 120.17288, 22.98801 ] ] }, { "type": "LineString", "coordinates": [ [ 120.17292, 22.98811 ], [ 120.17291, 22.98811 ] ] }, { "type": "LineString", "coordinates": [ [ 120.17275, 22.98819 ], [ 120.17274, 22.98819 ] ] } ] } ] } },
{ "type": "Feature", "properties": { "park_id": 433, "scenario": "2026-07-21 11:00:00 CST", "solar_alt": 74.553791940997598, "solar_az": 96.018416276456904, "canopy_min": 2.0 }, "geometry": { "type": "GeometryCollection", "geometries": [ { "type": "MultiPolygon", "coordinates": [ [ [ [ 120.19213, 22.98493 ], [ 120.19214, 22.98492 ], [ 120.19214, 22.98493 ], [ 120.19213, 22.98493 ] ] ], [ [ [ 120.19215, 22.98495 ], [ 120.19214, 22.98495 ], [ 120.19215, 22.98494 ], [ 120.19215, 22.98495 ] ] ], [ [ [ 120.19216, 22.98513 ], [ 120.19215, 22.98513 ], [ 120.19216, 22.98508 ], [ 120.19216, 22.98513 ] ] ], [ [ [ 120.19239, 22.98512 ], [ 120.1924, 22.9851 ], [ 120.1924, 22.98512 ], [ 120.19239, 22.98512 ] ] ], [ [ [ 120.1924, 22.98515 ], [ 120.19239, 22.98515 ], [ 120.1924, 22.98513 ], [ 120.1924, 22.98515 ] ] ], [ [ [ 120.19246, 22.98533 ], [ 120.19245, 22.98533 ], [ 120.19246, 22.98532 ], [ 120.19246, 22.98533 ] ] ], [ [ [ 120.19235, 22.98539 ], [ 120.19236, 22.98537 ], [ 120.19236, 22.98539 ], [ 120.19235, 22.98539 ] ] ], [ [ [ 120.19245, 22.98575 ], [ 120.19244, 22.98575 ], [ 120.19245, 22.9857 ], [ 120.19245, 22.98575 ] ] ], [ [ [ 120.19247, 22.98593 ], [ 120.19246, 22.98593 ], [ 120.19247, 22.98592 ], [ 120.19247, 22.98593 ] ] ], [ [ [ 120.19216, 22.98595 ], [ 120.19215, 22.98595 ], [ 120.19216, 22.98592 ], [ 120.19216, 22.98595 ] ] ], [ [ [ 120.19245, 22.98597 ], [ 120.19244, 22.98597 ], [ 120.19245, 22.98595 ], [ 120.19245, 22.98597 ] ] ], [ [ [ 120.19221, 22.98606 ], [ 120.1922, 22.98606 ], [ 120.19221, 22.98604 ], [ 120.19221, 22.98606 ] ] ], [ [ [ 120.1922, 22.98612 ], [ 120.1922, 22.98613 ], [ 120.19219, 22.98612 ], [ 120.1922, 22.98612 ] ] ], [ [ [ 120.19248, 22.98632 ], [ 120.19249, 22.98626 ], [ 120.19249, 22.98632 ], [ 120.19248, 22.98632 ] ] ], [ [ [ 120.19221, 22.98683 ], [ 120.1922, 22.98683 ], [ 120.19221, 22.98682 ], [ 120.19221, 22.98683 ] ] ], [ [ [ 120.19222, 22.98687 ], [ 120.19221, 22.98687 ], [ 120.19222, 22.98684 ], [ 120.19222, 22.98687 ] ] ], [ [ [ 120.19225, 22.98692 ], [ 120.19224, 22.98692 ], [ 120.19225, 22.98691 ], [ 120.19225, 22.98692 ] ] ], [ [ [ 120.19226, 22.98693 ], [ 120.19226, 22.98694 ], [ 120.19225, 22.98693 ], [ 120.19226, 22.98693 ] ] ], [ [ [ 120.19227, 22.98695 ], [ 120.19227, 22.98696 ], [ 120.19226, 22.98695 ], [ 120.19227, 22.98695 ] ] ], [ [ [ 120.19229, 22.98699 ], [ 120.19228, 22.98699 ], [ 120.19229, 22.98696 ], [ 120.19229, 22.98699 ] ] ], [ [ [ 120.19232, 22.98701 ], [ 120.19233, 22.98706 ], [ 120.1923, 22.98701 ], [ 120.19232, 22.98701 ] ] ], [ [ [ 120.19212, 22.98778 ], [ 120.1921, 22.98777 ], [ 120.19211, 22.98775 ], [ 120.19212, 22.98778 ] ] ], [ [ [ 120.19213, 22.98781 ], [ 120.19212, 22.98781 ], [ 120.19213, 22.9878 ], [ 120.19213, 22.98781 ] ] ], [ [ [ 120.19235, 22.98783 ], [ 120.19234, 22.98783 ], [ 120.19235, 22.98782 ], [ 120.19235, 22.98783 ] ] ], [ [ [ 120.19232, 22.98783 ], [ 120.19232, 22.98788 ], [ 120.19231, 22.98783 ], [ 120.19232, 22.98783 ] ] ], [ [ [ 120.19234, 22.98783 ], [ 120.19234, 22.98789 ], [ 120.19233, 22.98783 ], [ 120.19234, 22.98783 ] ] ], [ [ [ 120.19221, 22.98791 ], [ 120.19222, 22.98791 ], [ 120.1922, 22.98796 ], [ 120.19221, 22.98791 ] ] ], [ [ [ 120.19222, 22.98799 ], [ 120.19223, 22.98794 ], [ 120.19223, 22.98799 ], [ 120.19222, 22.98799 ] ] ], [ [ [ 120.19326, 22.98496 ], [ 120.19325, 22.98496 ], [ 120.19326, 22.98494 ], [ 120.19326, 22.98496 ] ] ], [ [ [ 120.19293, 22.98519 ], [ 120.19292, 22.98519 ], [ 120.19293, 22.98513 ], [ 120.19293, 22.98519 ] ] ], [ [ [ 120.19284, 22.98541 ], [ 120.19287, 22.98531 ], [ 120.19287, 22.98544 ], [ 120.19284, 22.98541 ] ] ], [ [ [ 120.19275, 22.98563 ], [ 120.19274, 22.98563 ], [ 120.19275, 22.98562 ], [ 120.19275, 22.98563 ] ] ], [ [ [ 120.19327, 22.98566 ], [ 120.19326, 22.98566 ], [ 120.19327, 22.98565 ], [ 120.19327, 22.98566 ] ] ], [ [ [ 120.19328, 22.9857 ], [ 120.19329, 22.98568 ], [ 120.19329, 22.9857 ], [ 120.19328, 22.9857 ] ] ], [ [ [ 120.19251, 22.98581 ], [ 120.1925, 22.98581 ], [ 120.19251, 22.9858 ], [ 120.19251, 22.98581 ] ] ], [ [ [ 120.19259, 22.98609 ], [ 120.19258, 22.98609 ], [ 120.19259, 22.98608 ], [ 120.19259, 22.98609 ] ] ], [ [ [ 120.19259, 22.98611 ], [ 120.19258, 22.98611 ], [ 120.19259, 22.9861 ], [ 120.19259, 22.98611 ] ] ], [ [ [ 120.19258, 22.98614 ], [ 120.19257, 22.98614 ], [ 120.19258, 22.98613 ], [ 120.19258, 22.98614 ] ] ], [ [ [ 120.19256, 22.98618 ], [ 120.19255, 22.98618 ], [ 120.19256, 22.98617 ], [ 120.19256, 22.98618 ] ] ], [ [ [ 120.19254, 22.98618 ], [ 120.19254, 22.98619 ], [ 120.19253, 22.98618 ], [ 120.19254, 22.98618 ] ] ], [ [ [ 120.19254, 22.98621 ], [ 120.19253, 22.9862 ], [ 120.19254, 22.9862 ], [ 120.19254, 22.98621 ] ] ], [ [ [ 120.19252, 22.98623 ], [ 120.19251, 22.98623 ], [ 120.19252, 22.98622 ], [ 120.19252, 22.98623 ] ] ], [ [ [ 120.1925, 22.98623 ], [ 120.19251, 22.98623 ], [ 120.1925, 22.98626 ], [ 120.1925, 22.98623 ] ] ], [ [ [ 120.19254, 22.98687 ], [ 120.19253, 22.98687 ], [ 120.19254, 22.98686 ], [ 120.19254, 22.98687 ] ] ], [ [ [ 120.19253, 22.98691 ], [ 120.19252, 22.98691 ], [ 120.19253, 22.98688 ], [ 120.19253, 22.98691 ] ] ], [ [ [ 120.19253, 22.98692 ], [ 120.19253, 22.98695 ], [ 120.19252, 22.98692 ], [ 120.19253, 22.98692 ] ] ], [ [ [ 120.19253, 22.98696 ], [ 120.19253, 22.987 ], [ 120.19252, 22.98696 ], [ 120.19253, 22.98696 ] ] ], [ [ [ 120.19253, 22.98704 ], [ 120.19254, 22.98703 ], [ 120.19254, 22.98704 ], [ 120.19253, 22.98704 ] ] ], [ [ [ 120.19287, 22.98714 ], [ 120.19286, 22.98714 ], [ 120.19287, 22.98712 ], [ 120.19287, 22.98714 ] ] ], [ [ [ 120.19329, 22.98714 ], [ 120.19328, 22.98714 ], [ 120.19329, 22.98713 ], [ 120.19329, 22.98714 ] ] ], [ [ [ 120.19286, 22.98726 ], [ 120.19285, 22.98726 ], [ 120.19286, 22.98725 ], [ 120.19286, 22.98726 ] ] ], [ [ [ 120.19261, 22.98732 ], [ 120.1926, 22.98732 ], [ 120.19261, 22.9873 ], [ 120.19261, 22.98732 ] ] ], [ [ [ 120.19299, 22.9874 ], [ 120.19298, 22.9874 ], [ 120.19299, 22.98739 ], [ 120.19299, 22.9874 ] ] ], [ [ [ 120.19307, 22.98762 ], [ 120.19307, 22.98763 ], [ 120.19306, 22.98762 ], [ 120.19307, 22.98762 ] ] ], [ [ [ 120.19251, 22.98765 ], [ 120.19252, 22.98764 ], [ 120.19252, 22.98765 ], [ 120.19251, 22.98765 ] ] ], [ [ [ 120.19249, 22.9877 ], [ 120.19248, 22.9877 ], [ 120.19249, 22.98769 ], [ 120.19249, 22.9877 ] ] ], [ [ [ 120.19367, 22.98505 ], [ 120.19364, 22.98504 ], [ 120.19365, 22.985 ], [ 120.19366, 22.985 ], [ 120.19367, 22.98505 ] ] ], [ [ [ 120.19364, 22.9851 ], [ 120.19365, 22.98509 ], [ 120.19365, 22.9851 ], [ 120.19364, 22.9851 ] ] ], [ [ [ 120.19356, 22.98529 ], [ 120.19355, 22.98529 ], [ 120.19356, 22.98528 ], [ 120.19356, 22.98529 ] ] ], [ [ [ 120.19354, 22.98543 ], [ 120.19353, 22.98543 ], [ 120.19354, 22.98541 ], [ 120.19354, 22.98543 ] ] ], [ [ [ 120.19353, 22.98554 ], [ 120.19354, 22.98553 ], [ 120.19354, 22.98554 ], [ 120.19353, 22.98554 ] ] ], [ [ [ 120.19369, 22.98558 ], [ 120.19368, 22.98558 ], [ 120.1937, 22.98552 ], [ 120.19369, 22.98558 ] ] ], [ [ [ 120.1937, 22.98558 ], [ 120.1937, 22.98563 ], [ 120.19368, 22.98559 ], [ 120.1937, 22.98558 ] ] ], [ [ [ 120.19331, 22.98573 ], [ 120.1933, 22.98573 ], [ 120.19331, 22.98571 ], [ 120.19331, 22.98573 ] ] ], [ [ [ 120.19332, 22.98575 ], [ 120.19331, 22.98575 ], [ 120.19332, 22.98573 ], [ 120.19332, 22.98575 ] ] ], [ [ [ 120.1935, 22.98577 ], [ 120.19349, 22.98577 ], [ 120.1935, 22.98573 ], [ 120.1935, 22.98577 ] ] ], [ [ [ 120.19369, 22.98576 ], [ 120.19368, 22.98576 ], [ 120.19369, 22.98575 ], [ 120.19369, 22.98576 ] ] ], [ [ [ 120.19335, 22.98579 ], [ 120.19336, 22.98578 ], [ 120.19336, 22.98579 ], [ 120.19335, 22.98579 ] ] ], [ [ [ 120.19347, 22.98583 ], [ 120.19346, 22.98583 ], [ 120.19347, 22.98582 ], [ 120.19347, 22.98583 ] ] ], [ [ [ 120.19336, 22.98582 ], [ 120.19336, 22.98587 ], [ 120.19335, 22.98582 ], [ 120.19336, 22.98582 ] ] ], [ [ [ 120.19374, 22.98585 ], [ 120.19374, 22.98586 ], [ 120.19373, 22.98585 ], [ 120.19374, 22.98585 ] ] ], [ [ [ 120.19372, 22.98599 ], [ 120.19371, 22.98599 ], [ 120.19372, 22.98597 ], [ 120.19372, 22.98599 ] ] ], [ [ [ 120.19344, 22.98619 ], [ 120.19344, 22.9862 ], [ 120.19343, 22.98619 ], [ 120.19344, 22.98619 ] ] ], [ [ [ 120.19346, 22.9862 ], [ 120.19346, 22.98622 ], [ 120.19345, 22.9862 ], [ 120.19346, 22.9862 ] ] ], [ [ [ 120.19347, 22.98623 ], [ 120.19346, 22.98623 ], [ 120.19346, 22.98622 ], [ 120.19347, 22.98622 ], [ 120.19347, 22.98623 ] ] ], [ [ [ 120.19356, 22.98652 ], [ 120.19355, 22.98652 ], [ 120.19356, 22.98651 ], [ 120.19356, 22.98652 ] ] ], [ [ [ 120.19351, 22.98658 ], [ 120.19353, 22.98662 ], [ 120.19352, 22.98677 ], [ 120.1935, 22.98662 ], [ 120.19351, 22.98658 ] ] ], [ [ [ 120.1936, 22.98682 ], [ 120.19359, 22.98682 ], [ 120.1936, 22.98681 ], [ 120.1936, 22.98682 ] ] ], [ [ [ 120.19361, 22.98684 ], [ 120.1936, 22.98684 ], [ 120.19361, 22.98683 ], [ 120.19361, 22.98684 ] ] ], [ [ [ 120.19334, 22.98706 ], [ 120.19334, 22.98705 ], [ 120.19335, 22.98706 ], [ 120.19334, 22.98706 ] ] ], [ [ [ 120.19334, 22.98707 ], [ 120.19333, 22.98707 ], [ 120.19334, 22.98706 ], [ 120.19334, 22.98707 ] ] ], [ [ [ 120.19332, 22.98709 ], [ 120.19333, 22.98708 ], [ 120.19333, 22.98709 ], [ 120.19332, 22.98709 ] ] ], [ [ [ 120.19332, 22.9871 ], [ 120.19331, 22.9871 ], [ 120.19332, 22.98709 ], [ 120.19332, 22.9871 ] ] ], [ [ [ 120.1933, 22.9871 ], [ 120.19331, 22.9871 ], [ 120.1933, 22.98711 ], [ 120.1933, 22.9871 ] ] ], [ [ [ 120.19385, 22.98494 ], [ 120.19386, 22.98492 ], [ 120.19387, 22.98494 ], [ 120.19385, 22.98494 ] ] ], [ [ [ 120.19454, 22.98494 ], [ 120.19453, 22.98494 ], [ 120.19454, 22.98492 ], [ 120.19454, 22.98494 ] ] ], [ [ [ 120.19463, 22.9851 ], [ 120.19462, 22.9851 ], [ 120.19463, 22.98508 ], [ 120.19463, 22.9851 ] ] ], [ [ [ 120.19399, 22.98537 ], [ 120.19398, 22.98537 ], [ 120.19399, 22.98535 ], [ 120.19399, 22.98537 ] ] ], [ [ [ 120.19414, 22.98577 ], [ 120.19415, 22.98573 ], [ 120.19415, 22.98577 ], [ 120.19414, 22.98577 ] ] ], [ [ [ 120.19441, 22.98577 ], [ 120.19441, 22.98581 ], [ 120.19439, 22.98582 ], [ 120.19439, 22.9858 ], [ 120.19441, 22.98577 ] ] ], [ [ [ 120.19441, 22.98582 ], [ 120.19441, 22.98583 ], [ 120.1944, 22.98582 ], [ 120.19441, 22.98582 ] ] ], [ [ [ 120.19442, 22.98583 ], [ 120.19442, 22.98584 ], [ 120.19441, 22.98583 ], [ 120.19442, 22.98583 ] ] ], [ [ [ 120.1944, 22.98589 ], [ 120.19439, 22.98589 ], [ 120.1944, 22.98584 ], [ 120.1944, 22.98589 ] ] ], [ [ [ 120.19376, 22.98589 ], [ 120.19375, 22.98589 ], [ 120.19376, 22.98587 ], [ 120.19376, 22.98589 ] ] ], [ [ [ 120.19388, 22.98591 ], [ 120.1939, 22.98597 ], [ 120.19388, 22.98596 ], [ 120.19388, 22.98591 ] ] ], [ [ [ 120.19441, 22.98598 ], [ 120.19442, 22.98596 ], [ 120.19442, 22.98598 ], [ 120.19441, 22.98598 ] ] ], [ [ [ 120.19456, 22.98598 ], [ 120.19455, 22.98598 ], [ 120.19456, 22.98597 ], [ 120.19456, 22.98598 ] ] ], [ [ [ 120.19453, 22.98612 ], [ 120.19452, 22.98612 ], [ 120.19453, 22.98611 ], [ 120.19453, 22.98612 ] ] ], [ [ [ 120.19453, 22.98614 ], [ 120.19453, 22.98615 ], [ 120.19452, 22.98614 ], [ 120.19453, 22.98614 ] ] ], [ [ [ 120.19401, 22.98653 ], [ 120.19401, 22.98656 ], [ 120.194, 22.98653 ], [ 120.19401, 22.98653 ] ] ], [ [ [ 120.19455, 22.98678 ], [ 120.19457, 22.98687 ], [ 120.19454, 22.98683 ], [ 120.19455, 22.98678 ] ] ], [ [ [ 120.19459, 22.98688 ], [ 120.19458, 22.98688 ], [ 120.19459, 22.98687 ], [ 120.19459, 22.98688 ] ] ], [ [ [ 120.19454, 22.98694 ], [ 120.19455, 22.98693 ], [ 120.19455, 22.98694 ], [ 120.19454, 22.98694 ] ] ], [ [ [ 120.19453, 22.98695 ], [ 120.19452, 22.98695 ], [ 120.19453, 22.98694 ], [ 120.19453, 22.98695 ] ] ], [ [ [ 120.19454, 22.98699 ], [ 120.19453, 22.98699 ], [ 120.19455, 22.98695 ], [ 120.19454, 22.98699 ] ] ], [ [ [ 120.19452, 22.98699 ], [ 120.19451, 22.98699 ], [ 120.19452, 22.98698 ], [ 120.19452, 22.98699 ] ] ], [ [ [ 120.19436, 22.98701 ], [ 120.19436, 22.98702 ], [ 120.19435, 22.98701 ], [ 120.19436, 22.98701 ] ] ], [ [ [ 120.19437, 22.98702 ], [ 120.19437, 22.98705 ], [ 120.19436, 22.98705 ], [ 120.19436, 22.98702 ], [ 120.19437, 22.98702 ] ] ], [ [ [ 120.19445, 22.98715 ], [ 120.19445, 22.9871 ], [ 120.19446, 22.98715 ], [ 120.19445, 22.98715 ] ] ] ] }, { "type": "MultiLineString", "coordinates": [ [ [ 120.19222, 22.98504 ], [ 120.19221, 22.98504 ] ], [ [ 120.19201, 22.98652 ], [ 120.19201, 22.98651 ] ], [ [ 120.19204, 22.9869 ], [ 120.19204, 22.98689 ] ], [ [ 120.19288, 22.98544 ], [ 120.19287, 22.98544 ] ], [ [ 120.19288, 22.98544 ], [ 120.19288, 22.98546 ] ], [ [ 120.19247, 22.98672 ], [ 120.19246, 22.98672 ] ], [ [ 120.19257, 22.98682 ], [ 120.19256, 22.98682 ] ], [ [ 120.19305, 22.98759 ], [ 120.19306, 22.98759 ] ], [ [ 120.19335, 22.98492 ], [ 120.19332, 22.98492 ] ], [ [ 120.19334, 22.98575 ], [ 120.19333, 22.98575 ] ], [ [ 120.19367, 22.98576 ], [ 120.19368, 22.98576 ] ], [ [ 120.19355, 22.9865 ], [ 120.19354, 22.9865 ] ], [ [ 120.19335, 22.98705 ], [ 120.19336, 22.98705 ] ], [ [ 120.19372, 22.98549 ], [ 120.19371, 22.98549 ] ], [ [ 120.19439, 22.98573 ], [ 120.19439, 22.9858 ] ] ] }, { "type": "MultiPoint", "coordinates": [ [ 120.19196, 22.98558 ], [ 120.19198, 22.98589 ], [ 120.19198, 22.98605 ], [ 120.19203, 22.98678 ], [ 120.19205, 22.98701 ] ] } ] } },
{ "type": "Feature", "properties": { "park_id": 434, "scenario": "2026-07-21 11:00:00 CST", "solar_alt": 74.553791940997598, "solar_az": 96.018416276456904, "canopy_min": 2.0 }, "geometry": { "type": "GeometryCollection", "geometries": [ { "type": "MultiPolygon", "coordinates": [ [ [ [ 120.15755, 22.98755 ], [ 120.15755, 22.98754 ], [ 120.15756, 22.98755 ], [ 120.15755, 22.98755 ] ] ], [ [ [ 120.1575, 22.98759 ], [ 120.15749, 22.98759 ], [ 120.15749, 22.98758 ], [ 120.1575, 22.98759 ] ] ], [ [ [ 120.15747, 22.98763 ], [ 120.15746, 22.98763 ], [ 120.15746, 22.98762 ], [ 120.15747, 22.98763 ] ] ], [ [ [ 120.15776, 22.98766 ], [ 120.15779, 22.98761 ], [ 120.15779, 22.98766 ], [ 120.15776, 22.98766 ] ] ], [ [ [ 120.15743, 22.98769 ], [ 120.15745, 22.98763 ], [ 120.15746, 22.98763 ], [ 120.15743, 22.98769 ] ] ], [ [ [ 120.15804, 22.98772 ], [ 120.15803, 22.98772 ], [ 120.15803, 22.98771 ], [ 120.15804, 22.98772 ] ] ], [ [ [ 120.15774, 22.98775 ], [ 120.15773, 22.98775 ], [ 120.15773, 22.98769 ], [ 120.15774, 22.98775 ] ] ], [ [ [ 120.15755, 22.98782 ], [ 120.15754, 22.98782 ], [ 120.15754, 22.9878 ], [ 120.15755, 22.98782 ] ] ], [ [ [ 120.15753, 22.98782 ], [ 120.15754, 22.98782 ], [ 120.15754, 22.98783 ], [ 120.15753, 22.98782 ] ] ], [ [ [ 120.15754, 22.98783 ], [ 120.15755, 22.98783 ], [ 120.15755, 22.98785 ], [ 120.15754, 22.98785 ], [ 120.15754, 22.98783 ] ] ], [ [ [ 120.15754, 22.9879 ], [ 120.15754, 22.98786 ], [ 120.15756, 22.98786 ], [ 120.15754, 22.9879 ] ] ], [ [ [ 120.15729, 22.98789 ], [ 120.15728, 22.98789 ], [ 120.15728, 22.98788 ], [ 120.15729, 22.98789 ] ] ], [ [ [ 120.15758, 22.98793 ], [ 120.15757, 22.98793 ], [ 120.15757, 22.98791 ], [ 120.15758, 22.98793 ] ] ], [ [ [ 120.15756, 22.98798 ], [ 120.15755, 22.98798 ], [ 120.15755, 22.98791 ], [ 120.15756, 22.98798 ] ] ], [ [ [ 120.15772, 22.98803 ], [ 120.15771, 22.98802 ], [ 120.15771, 22.98801 ], [ 120.15772, 22.98803 ] ] ], [ [ [ 120.15755, 22.98805 ], [ 120.15755, 22.98804 ], [ 120.15756, 22.98805 ], [ 120.15755, 22.98805 ] ] ], [ [ [ 120.15782, 22.98813 ], [ 120.15782, 22.98812 ], [ 120.15783, 22.98812 ], [ 120.15782, 22.98813 ] ] ], [ [ [ 120.15738, 22.98822 ], [ 120.15737, 22.98822 ], [ 120.15737, 22.98819 ], [ 120.15738, 22.98822 ] ] ], [ [ [ 120.15747, 22.98827 ], [ 120.15746, 22.98827 ], [ 120.15746, 22.98826 ], [ 120.15747, 22.98827 ] ] ], [ [ [ 120.15717, 22.9883 ], [ 120.15716, 22.9883 ], [ 120.15716, 22.98829 ], [ 120.15717, 22.9883 ] ] ], [ [ [ 120.15781, 22.98844 ], [ 120.1578, 22.98844 ], [ 120.1578, 22.98842 ], [ 120.15781, 22.98844 ] ] ], [ [ [ 120.15737, 22.98848 ], [ 120.15736, 22.98848 ], [ 120.15736, 22.98847 ], [ 120.15737, 22.98848 ] ] ], [ [ [ 120.15737, 22.98852 ], [ 120.15736, 22.98852 ], [ 120.15736, 22.98849 ], [ 120.15737, 22.98852 ] ] ], [ [ [ 120.15779, 22.98851 ], [ 120.15778, 22.98851 ], [ 120.15778, 22.9885 ], [ 120.15779, 22.98851 ] ] ], [ [ [ 120.15778, 22.98854 ], [ 120.15777, 22.98854 ], [ 120.15777, 22.98853 ], [ 120.15778, 22.98854 ] ] ], [ [ [ 120.15733, 22.98867 ], [ 120.15732, 22.98867 ], [ 120.15732, 22.98866 ], [ 120.15733, 22.98867 ] ] ], [ [ [ 120.15735, 22.98871 ], [ 120.15734, 22.98871 ], [ 120.15734, 22.9887 ], [ 120.15735, 22.98871 ] ] ], [ [ [ 120.15765, 22.98878 ], [ 120.15764, 22.98878 ], [ 120.15763, 22.98875 ], [ 120.15765, 22.98878 ] ] ], [ [ [ 120.15747, 22.98892 ], [ 120.15746, 22.98892 ], [ 120.15746, 22.98879 ], [ 120.15747, 22.98892 ] ] ], [ [ [ 120.15736, 22.98886 ], [ 120.15735, 22.98886 ], [ 120.15735, 22.98885 ], [ 120.15736, 22.98886 ] ] ], [ [ [ 120.15735, 22.98886 ], [ 120.15735, 22.98889 ], [ 120.15734, 22.98886 ], [ 120.15735, 22.98886 ] ] ], [ [ [ 120.15735, 22.98889 ], [ 120.15736, 22.98889 ], [ 120.15736, 22.9889 ], [ 120.15735, 22.9889 ], [ 120.15735, 22.98889 ] ] ], [ [ [ 120.15765, 22.98895 ], [ 120.15764, 22.98895 ], [ 120.15764, 22.98893 ], [ 120.15765, 22.98895 ] ] ], [ [ [ 120.15753, 22.98895 ], [ 120.15752, 22.98895 ], [ 120.15752, 22.98894 ], [ 120.15753, 22.98895 ] ] ], [ [ [ 120.15755, 22.98896 ], [ 120.15754, 22.98896 ], [ 120.15754, 22.98894 ], [ 120.15755, 22.98896 ] ] ], [ [ [ 120.15765, 22.98897 ], [ 120.15765, 22.98903 ], [ 120.15763, 22.98903 ], [ 120.15765, 22.98897 ] ] ], [ [ [ 120.15747, 22.98906 ], [ 120.15747, 22.98913 ], [ 120.15745, 22.9891 ], [ 120.15747, 22.98906 ] ] ], [ [ [ 120.1574, 22.98917 ], [ 120.15739, 22.98917 ], [ 120.15739, 22.98914 ], [ 120.1574, 22.98917 ] ] ], [ [ [ 120.15745, 22.98946 ], [ 120.15745, 22.98947 ], [ 120.15744, 22.98947 ], [ 120.15745, 22.98946 ] ] ], [ [ [ 120.15722, 22.98979 ], [ 120.15722, 22.9898 ], [ 120.15721, 22.9898 ], [ 120.15722, 22.98979 ] ] ], [ [ [ 120.15776, 22.99019 ], [ 120.15775, 22.99019 ], [ 120.15775, 22.99017 ], [ 120.15776, 22.99019 ] ] ], [ [ [ 120.15776, 22.99022 ], [ 120.15775, 22.99022 ], [ 120.15775, 22.99021 ], [ 120.15776, 22.99022 ] ] ], [ [ [ 120.1577, 22.99046 ], [ 120.15769, 22.99046 ], [ 120.15769, 22.99045 ], [ 120.1577, 22.99046 ] ] ], [ [ [ 120.15768, 22.99046 ], [ 120.15769, 22.99046 ], [ 120.15769, 22.99047 ], [ 120.15768, 22.99046 ] ] ], [ [ [ 120.15768, 22.9905 ], [ 120.15767, 22.9905 ], [ 120.15767, 22.99049 ], [ 120.15768, 22.9905 ] ] ], [ [ [ 120.15767, 22.99054 ], [ 120.15766, 22.99054 ], [ 120.15766, 22.99052 ], [ 120.15767, 22.99054 ] ] ], [ [ [ 120.15725, 22.99055 ], [ 120.15724, 22.99055 ], [ 120.15724, 22.99054 ], [ 120.15725, 22.99055 ] ] ], [ [ [ 120.15718, 22.99071 ], [ 120.15717, 22.99071 ], [ 120.15717, 22.9907 ], [ 120.15718, 22.99071 ] ] ], [ [ [ 120.15718, 22.99083 ], [ 120.15718, 22.99084 ], [ 120.15717, 22.99083 ], [ 120.15718, 22.99083 ] ] ], [ [ [ 120.15744, 22.99085 ], [ 120.15743, 22.99085 ], [ 120.15743, 22.99084 ], [ 120.15744, 22.99085 ] ] ], [ [ [ 120.15823, 22.98665 ], [ 120.15822, 22.98665 ], [ 120.15822, 22.98664 ], [ 120.15823, 22.98665 ] ] ], [ [ [ 120.15822, 22.98666 ], [ 120.15822, 22.98668 ], [ 120.15821, 22.98668 ], [ 120.15822, 22.98666 ] ] ], [ [ [ 120.15849, 22.98672 ], [ 120.15848, 22.98672 ], [ 120.15848, 22.98671 ], [ 120.15849, 22.98672 ] ] ], [ [ [ 120.15849, 22.98675 ], [ 120.15848, 22.98675 ], [ 120.15848, 22.98673 ], [ 120.15849, 22.98675 ] ] ], [ [ [ 120.15844, 22.98685 ], [ 120.15843, 22.98685 ], [ 120.15843, 22.98683 ], [ 120.15844, 22.98685 ] ] ], [ [ [ 120.15842, 22.98686 ], [ 120.15842, 22.98685 ], [ 120.15843, 22.98685 ], [ 120.15842, 22.98686 ] ] ], [ [ [ 120.15841, 22.98688 ], [ 120.15841, 22.98687 ], [ 120.15842, 22.98687 ], [ 120.15841, 22.98688 ] ] ], [ [ [ 120.15843, 22.98689 ], [ 120.15842, 22.98689 ], [ 120.15842, 22.98688 ], [ 120.15843, 22.98689 ] ] ], [ [ [ 120.15841, 22.98689 ], [ 120.15842, 22.98689 ], [ 120.15842, 22.9869 ], [ 120.15841, 22.98689 ] ] ], [ [ [ 120.15842, 22.98693 ], [ 120.15841, 22.98693 ], [ 120.15841, 22.98692 ], [ 120.15842, 22.98693 ] ] ], [ [ [ 120.15838, 22.98706 ], [ 120.15837, 22.98706 ], [ 120.15837, 22.987 ], [ 120.15838, 22.98706 ] ] ], [ [ [ 120.1584, 22.98705 ], [ 120.15839, 22.98705 ], [ 120.1584, 22.98701 ], [ 120.1584, 22.98705 ] ] ], [ [ [ 120.1584, 22.98709 ], [ 120.15839, 22.98709 ], [ 120.15839, 22.98706 ], [ 120.1584, 22.98709 ] ] ], [ [ [ 120.15836, 22.98726 ], [ 120.15835, 22.98726 ], [ 120.15835, 22.9872 ], [ 120.15836, 22.98726 ] ] ], [ [ [ 120.15836, 22.98728 ], [ 120.15835, 22.98728 ], [ 120.15835, 22.98727 ], [ 120.15836, 22.98728 ] ] ], [ [ [ 120.15844, 22.9875 ], [ 120.15843, 22.9875 ], [ 120.15843, 22.98749 ], [ 120.15844, 22.9875 ] ] ], [ [ [ 120.15838, 22.98764 ], [ 120.15837, 22.98764 ], [ 120.15837, 22.9876 ], [ 120.15838, 22.98764 ] ] ], [ [ [ 120.15835, 22.9877 ], [ 120.15834, 22.9877 ], [ 120.15834, 22.98769 ], [ 120.15835, 22.9877 ] ] ], [ [ [ 120.15826, 22.98775 ], [ 120.15825, 22.98775 ], [ 120.15825, 22.98773 ], [ 120.15826, 22.98775 ] ] ], [ [ [ 120.15835, 22.98781 ], [ 120.15834, 22.98781 ], [ 120.15834, 22.9878 ], [ 120.15835, 22.98781 ] ] ], [ [ [ 120.15836, 22.98783 ], [ 120.15835, 22.98783 ], [ 120.15835, 22.98782 ], [ 120.15836, 22.98783 ] ] ], [ [ [ 120.15813, 22.98784 ], [ 120.15812, 22.98784 ], [ 120.15812, 22.98782 ], [ 120.15813, 22.98784 ] ] ], [ [ [ 120.15842, 22.98786 ], [ 120.15841, 22.98786 ], [ 120.15841, 22.98785 ], [ 120.15842, 22.98786 ] ] ], [ [ [ 120.15845, 22.98791 ], [ 120.15844, 22.98791 ], [ 120.15843, 22.98786 ], [ 120.15845, 22.98791 ] ] ], [ [ [ 120.15825, 22.9879 ], [ 120.15825, 22.98796 ], [ 120.15822, 22.98795 ], [ 120.15825, 22.9879 ] ] ], [ [ [ 120.15849, 22.98797 ], [ 120.15848, 22.98797 ], [ 120.15848, 22.98796 ], [ 120.15849, 22.98797 ] ] ], [ [ [ 120.15841, 22.98806 ], [ 120.1584, 22.98806 ], [ 120.1584, 22.98805 ], [ 120.15841, 22.98806 ] ] ], [ [ [ 120.15843, 22.98809 ], [ 120.15842, 22.98809 ], [ 120.15842, 22.98806 ], [ 120.15843, 22.98809 ] ] ], [ [ [ 120.15812, 22.9883 ], [ 120.15811, 22.9883 ], [ 120.15811, 22.98828 ], [ 120.15812, 22.9883 ] ] ], [ [ [ 120.1581, 22.9885 ], [ 120.15812, 22.9885 ], [ 120.15812, 22.98862 ], [ 120.1581, 22.9885 ] ] ], [ [ [ 120.15835, 22.9886 ], [ 120.15834, 22.9886 ], [ 120.15834, 22.98859 ], [ 120.15835, 22.9886 ] ] ], [ [ [ 120.15836, 22.9886 ], [ 120.15836, 22.98861 ], [ 120.15835, 22.98861 ], [ 120.15836, 22.9886 ] ] ], [ [ [ 120.15836, 22.98862 ], [ 120.15836, 22.98861 ], [ 120.15837, 22.98861 ], [ 120.15836, 22.98862 ] ] ], [ [ [ 120.15823, 22.98867 ], [ 120.15821, 22.98867 ], [ 120.15821, 22.98863 ], [ 120.15823, 22.98867 ] ] ], [ [ [ 120.15832, 22.98881 ], [ 120.15831, 22.98881 ], [ 120.15831, 22.9888 ], [ 120.15832, 22.98881 ] ] ], [ [ [ 120.1581, 22.98877 ], [ 120.1581, 22.98886 ], [ 120.15807, 22.98879 ], [ 120.1581, 22.98877 ] ] ], [ [ [ 120.15831, 22.98885 ], [ 120.1583, 22.98885 ], [ 120.1583, 22.98884 ], [ 120.15831, 22.98885 ] ] ], [ [ [ 120.15848, 22.98892 ], [ 120.15847, 22.98892 ], [ 120.15847, 22.98891 ], [ 120.15848, 22.98892 ] ] ], [ [ [ 120.15817, 22.98894 ], [ 120.15816, 22.98894 ], [ 120.15816, 22.98892 ], [ 120.15817, 22.98894 ] ] ], [ [ [ 120.15831, 22.98894 ], [ 120.1583, 22.98894 ], [ 120.1583, 22.98893 ], [ 120.15831, 22.98894 ] ] ], [ [ [ 120.15806, 22.98893 ], [ 120.15806, 22.989 ], [ 120.15803, 22.98898 ], [ 120.15806, 22.98893 ] ] ], [ [ [ 120.15818, 22.98916 ], [ 120.15818, 22.98917 ], [ 120.15817, 22.98917 ], [ 120.15818, 22.98916 ] ] ], [ [ [ 120.15818, 22.9892 ], [ 120.15818, 22.98918 ], [ 120.15819, 22.9892 ], [ 120.15818, 22.9892 ] ] ], [ [ [ 120.15852, 22.98922 ], [ 120.15851, 22.98922 ], [ 120.15851, 22.9892 ], [ 120.15852, 22.98922 ] ] ], [ [ [ 120.15819, 22.98968 ], [ 120.15818, 22.98968 ], [ 120.15818, 22.98964 ], [ 120.15819, 22.98968 ] ] ], [ [ [ 120.15837, 22.9898 ], [ 120.15836, 22.9898 ], [ 120.15836, 22.98979 ], [ 120.15837, 22.9898 ] ] ], [ [ [ 120.15811, 22.9899 ], [ 120.1581, 22.9899 ], [ 120.1581, 22.98989 ], [ 120.15811, 22.9899 ] ] ], [ [ [ 120.15814, 22.99037 ], [ 120.15813, 22.99037 ], [ 120.15813, 22.99036 ], [ 120.15814, 22.99037 ] ] ], [ [ [ 120.15852, 22.9905 ], [ 120.15851, 22.9905 ], [ 120.15851, 22.99049 ], [ 120.15852, 22.9905 ] ] ], [ [ [ 120.15852, 22.99063 ], [ 120.15851, 22.99063 ], [ 120.15851, 22.99062 ], [ 120.15852, 22.99063 ] ] ], [ [ [ 120.15856, 22.98661 ], [ 120.15855, 22.98661 ], [ 120.15855, 22.9866 ], [ 120.15856, 22.98661 ] ] ], [ [ [ 120.15855, 22.98665 ], [ 120.15854, 22.98665 ], [ 120.15854, 22.98664 ], [ 120.15855, 22.98665 ] ] ], [ [ [ 120.15853, 22.98668 ], [ 120.15852, 22.98668 ], [ 120.15852, 22.98667 ], [ 120.15853, 22.98668 ] ] ], [ [ [ 120.15882, 22.98691 ], [ 120.15881, 22.98691 ], [ 120.1588, 22.98687 ], [ 120.15882, 22.98691 ] ] ], [ [ [ 120.15884, 22.98693 ], [ 120.15883, 22.98693 ], [ 120.15883, 22.98691 ], [ 120.15884, 22.98693 ] ] ], [ [ [ 120.15887, 22.98699 ], [ 120.15886, 22.98699 ], [ 120.15886, 22.98698 ], [ 120.15887, 22.98699 ] ] ], [ [ [ 120.15873, 22.98708 ], [ 120.15872, 22.98708 ], [ 120.15872, 22.98707 ], [ 120.15873, 22.98708 ] ] ], [ [ [ 120.15868, 22.9872 ], [ 120.15867, 22.9872 ], [ 120.15867, 22.98715 ], [ 120.15868, 22.9872 ] ] ], [ [ [ 120.15885, 22.9879 ], [ 120.15884, 22.9879 ], [ 120.15884, 22.98787 ], [ 120.15885, 22.9879 ] ] ], [ [ [ 120.15869, 22.98795 ], [ 120.15868, 22.98795 ], [ 120.15868, 22.98794 ], [ 120.15869, 22.98795 ] ] ], [ [ [ 120.15884, 22.98813 ], [ 120.15883, 22.98813 ], [ 120.15883, 22.98812 ], [ 120.15884, 22.98813 ] ] ], [ [ [ 120.15859, 22.9883 ], [ 120.15856, 22.9881 ], [ 120.15858, 22.9881 ], [ 120.15859, 22.9883 ] ] ], [ [ [ 120.15859, 22.98836 ], [ 120.15858, 22.98836 ], [ 120.15857, 22.98833 ], [ 120.15859, 22.98836 ] ] ], [ [ [ 120.15862, 22.98838 ], [ 120.15861, 22.98838 ], [ 120.15861, 22.98837 ], [ 120.15862, 22.98838 ] ] ], [ [ [ 120.15871, 22.98845 ], [ 120.1587, 22.98845 ], [ 120.15869, 22.9884 ], [ 120.15871, 22.98845 ] ] ], [ [ [ 120.15867, 22.98846 ], [ 120.1587, 22.98845 ], [ 120.1587, 22.9885 ], [ 120.15867, 22.98846 ] ] ], [ [ [ 120.15872, 22.98851 ], [ 120.15871, 22.98851 ], [ 120.15871, 22.98849 ], [ 120.15872, 22.98851 ] ] ], [ [ [ 120.15881, 22.98854 ], [ 120.1588, 22.98854 ], [ 120.1588, 22.98853 ], [ 120.15881, 22.98854 ] ] ], [ [ [ 120.15887, 22.98863 ], [ 120.15883, 22.98859 ], [ 120.15882, 22.98853 ], [ 120.15887, 22.98863 ] ] ], [ [ [ 120.15854, 22.98872 ], [ 120.15854, 22.98873 ], [ 120.15853, 22.98873 ], [ 120.15854, 22.98872 ] ] ], [ [ [ 120.15851, 22.98873 ], [ 120.15852, 22.98873 ], [ 120.15852, 22.98874 ], [ 120.15851, 22.98873 ] ] ], [ [ [ 120.15867, 22.98883 ], [ 120.15868, 22.98883 ], [ 120.15868, 22.98884 ], [ 120.15867, 22.98883 ] ] ], [ [ [ 120.15876, 22.98891 ], [ 120.15875, 22.98891 ], [ 120.15875, 22.9889 ], [ 120.15876, 22.98891 ] ] ], [ [ [ 120.15884, 22.98902 ], [ 120.15884, 22.98901 ], [ 120.15885, 22.98902 ], [ 120.15884, 22.98902 ] ] ], [ [ [ 120.1586, 22.98912 ], [ 120.15859, 22.98912 ], [ 120.15859, 22.98911 ], [ 120.1586, 22.98912 ] ] ], [ [ [ 120.15883, 22.98913 ], [ 120.15882, 22.98913 ], [ 120.15882, 22.98911 ], [ 120.15883, 22.98913 ] ] ], [ [ [ 120.15884, 22.98917 ], [ 120.15883, 22.98917 ], [ 120.15883, 22.98916 ], [ 120.15884, 22.98917 ] ] ], [ [ [ 120.15874, 22.98918 ], [ 120.15873, 22.98918 ], [ 120.15873, 22.98917 ], [ 120.15874, 22.98918 ] ] ], [ [ [ 120.15873, 22.98921 ], [ 120.15872, 22.98921 ], [ 120.15872, 22.9892 ], [ 120.15873, 22.98921 ] ] ], [ [ [ 120.15873, 22.98927 ], [ 120.15872, 22.98927 ], [ 120.15872, 22.98923 ], [ 120.15873, 22.98927 ] ] ], [ [ [ 120.15872, 22.98929 ], [ 120.15872, 22.9893 ], [ 120.15871, 22.9893 ], [ 120.15872, 22.98929 ] ] ], [ [ [ 120.15858, 22.9894 ], [ 120.15857, 22.9894 ], [ 120.15857, 22.98939 ], [ 120.15858, 22.9894 ] ] ], [ [ [ 120.15857, 22.98942 ], [ 120.15856, 22.98942 ], [ 120.15856, 22.98941 ], [ 120.15857, 22.98942 ] ] ], [ [ [ 120.15856, 22.98944 ], [ 120.15856, 22.98948 ], [ 120.15855, 22.98948 ], [ 120.15856, 22.98944 ] ] ], [ [ [ 120.15856, 22.9895 ], [ 120.15856, 22.98948 ], [ 120.15857, 22.98948 ], [ 120.15856, 22.9895 ] ] ], [ [ [ 120.15864, 22.98955 ], [ 120.15863, 22.98955 ], [ 120.15863, 22.98953 ], [ 120.15864, 22.98955 ] ] ], [ [ [ 120.15863, 22.98959 ], [ 120.15862, 22.98959 ], [ 120.15862, 22.98958 ], [ 120.15863, 22.98959 ] ] ], [ [ [ 120.15862, 22.98961 ], [ 120.15862, 22.98962 ], [ 120.15861, 22.98962 ], [ 120.15862, 22.98961 ] ] ], [ [ [ 120.15862, 22.98967 ], [ 120.15862, 22.98962 ], [ 120.15863, 22.98962 ], [ 120.15862, 22.98967 ] ] ], [ [ [ 120.15862, 22.9897 ], [ 120.15861, 22.9897 ], [ 120.15861, 22.98967 ], [ 120.15862, 22.9897 ] ] ], [ [ [ 120.1586, 22.98972 ], [ 120.15859, 22.98972 ], [ 120.15859, 22.98971 ], [ 120.1586, 22.98972 ] ] ], [ [ [ 120.15856, 22.98985 ], [ 120.15855, 22.98985 ], [ 120.15855, 22.98984 ], [ 120.15856, 22.98985 ] ] ], [ [ [ 120.15855, 22.98991 ], [ 120.15854, 22.98991 ], [ 120.15855, 22.98986 ], [ 120.15855, 22.98991 ] ] ], [ [ [ 120.15886, 22.98991 ], [ 120.15887, 22.98991 ], [ 120.15887, 22.98994 ], [ 120.15886, 22.98991 ] ] ], [ [ [ 120.15887, 22.99005 ], [ 120.15886, 22.99005 ], [ 120.15886, 22.99004 ], [ 120.15887, 22.99005 ] ] ], [ [ [ 120.15886, 22.99007 ], [ 120.15886, 22.9901 ], [ 120.15885, 22.9901 ], [ 120.15886, 22.99007 ] ] ], [ [ [ 120.15886, 22.99011 ], [ 120.15886, 22.9901 ], [ 120.15887, 22.9901 ], [ 120.15886, 22.99011 ] ] ], [ [ [ 120.15887, 22.99014 ], [ 120.15886, 22.99014 ], [ 120.15886, 22.99012 ], [ 120.15887, 22.99014 ] ] ], [ [ [ 120.15851, 22.99047 ], [ 120.15851, 22.99044 ], [ 120.15852, 22.99044 ], [ 120.15851, 22.99047 ] ] ], [ [ [ 120.15865, 22.99049 ], [ 120.15866, 22.99049 ], [ 120.15866, 22.9905 ], [ 120.15865, 22.99049 ] ] ], [ [ [ 120.15922, 22.98643 ], [ 120.15923, 22.98643 ], [ 120.15923, 22.98647 ], [ 120.15922, 22.98643 ] ] ], [ [ [ 120.15923, 22.98647 ], [ 120.15924, 22.98647 ], [ 120.15924, 22.98648 ], [ 120.15923, 22.98647 ] ] ], [ [ [ 120.15922, 22.98648 ], [ 120.15923, 22.98648 ], [ 120.15923, 22.98649 ], [ 120.15922, 22.98648 ] ] ], [ [ [ 120.15964, 22.98659 ], [ 120.15963, 22.98659 ], [ 120.15963, 22.98658 ], [ 120.15964, 22.98659 ] ] ], [ [ [ 120.15963, 22.98662 ], [ 120.15962, 22.98662 ], [ 120.15963, 22.98659 ], [ 120.15963, 22.98662 ] ] ], [ [ [ 120.15963, 22.98664 ], [ 120.15963, 22.98662 ], [ 120.15964, 22.98662 ], [ 120.15963, 22.98664 ] ] ], [ [ [ 120.15889, 22.98699 ], [ 120.15888, 22.98699 ], [ 120.15888, 22.98698 ], [ 120.15889, 22.98699 ] ] ], [ [ [ 120.15945, 22.98702 ], [ 120.15944, 22.98702 ], [ 120.15944, 22.98701 ], [ 120.15945, 22.98702 ] ] ], [ [ [ 120.15947, 22.98705 ], [ 120.15946, 22.98705 ], [ 120.15946, 22.98704 ], [ 120.15947, 22.98705 ] ] ], [ [ [ 120.15958, 22.98728 ], [ 120.15957, 22.98728 ], [ 120.15957, 22.98727 ], [ 120.15958, 22.98728 ] ] ], [ [ [ 120.15957, 22.98737 ], [ 120.15956, 22.98737 ], [ 120.15956, 22.98735 ], [ 120.15957, 22.98737 ] ] ], [ [ [ 120.1595, 22.98766 ], [ 120.15949, 22.98766 ], [ 120.15949, 22.98765 ], [ 120.1595, 22.98766 ] ] ], [ [ [ 120.15929, 22.98783 ], [ 120.15928, 22.98783 ], [ 120.15928, 22.98782 ], [ 120.15929, 22.98783 ] ] ], [ [ [ 120.15929, 22.98788 ], [ 120.15931, 22.98783 ], [ 120.15931, 22.98787 ], [ 120.15929, 22.98788 ] ] ], [ [ [ 120.15962, 22.98789 ], [ 120.15961, 22.98789 ], [ 120.15961, 22.98788 ], [ 120.15962, 22.98789 ] ] ], [ [ [ 120.15959, 22.98791 ], [ 120.15959, 22.98792 ], [ 120.15958, 22.98792 ], [ 120.15959, 22.98791 ] ] ], [ [ [ 120.15921, 22.98793 ], [ 120.15921, 22.98794 ], [ 120.1592, 22.98794 ], [ 120.15921, 22.98793 ] ] ], [ [ [ 120.15957, 22.988 ], [ 120.15958, 22.988 ], [ 120.15958, 22.98801 ], [ 120.15957, 22.988 ] ] ], [ [ [ 120.15909, 22.98802 ], [ 120.15908, 22.98802 ], [ 120.15908, 22.98801 ], [ 120.15909, 22.98802 ] ] ], [ [ [ 120.1589, 22.98806 ], [ 120.15889, 22.98806 ], [ 120.15889, 22.98805 ], [ 120.1589, 22.98806 ] ] ], [ [ [ 120.15889, 22.98809 ], [ 120.15888, 22.98809 ], [ 120.15888, 22.98806 ], [ 120.15889, 22.98809 ] ] ], [ [ [ 120.15887, 22.9881 ], [ 120.15886, 22.9881 ], [ 120.15886, 22.98809 ], [ 120.15887, 22.9881 ] ] ], [ [ [ 120.15915, 22.98809 ], [ 120.15915, 22.9881 ], [ 120.15914, 22.9881 ], [ 120.15915, 22.98809 ] ] ], [ [ [ 120.15916, 22.9881 ], [ 120.15916, 22.98812 ], [ 120.15915, 22.98812 ], [ 120.15916, 22.9881 ] ] ], [ [ [ 120.15918, 22.98811 ], [ 120.15918, 22.98813 ], [ 120.15917, 22.98813 ], [ 120.15918, 22.98811 ] ] ], [ [ [ 120.15939, 22.98821 ], [ 120.15938, 22.98821 ], [ 120.15938, 22.9882 ], [ 120.15939, 22.98821 ] ] ], [ [ [ 120.15937, 22.98823 ], [ 120.15936, 22.98823 ], [ 120.15936, 22.98822 ], [ 120.15937, 22.98823 ] ] ], [ [ [ 120.15932, 22.98831 ], [ 120.15931, 22.98831 ], [ 120.15931, 22.9883 ], [ 120.15932, 22.98831 ] ] ], [ [ [ 120.15933, 22.98832 ], [ 120.15932, 22.98832 ], [ 120.15932, 22.98831 ], [ 120.15933, 22.98832 ] ] ], [ [ [ 120.15902, 22.98834 ], [ 120.15901, 22.98834 ], [ 120.15901, 22.98833 ], [ 120.15902, 22.98834 ] ] ], [ [ [ 120.15953, 22.98899 ], [ 120.15952, 22.98903 ], [ 120.15948, 22.98899 ], [ 120.15953, 22.98899 ] ] ], [ [ [ 120.1596, 22.98907 ], [ 120.15963, 22.98905 ], [ 120.15962, 22.98915 ], [ 120.1596, 22.98907 ] ] ], [ [ [ 120.15963, 22.98917 ], [ 120.15963, 22.98912 ], [ 120.15965, 22.98916 ], [ 120.15963, 22.98917 ] ] ], [ [ [ 120.15931, 22.9894 ], [ 120.1593, 22.9894 ], [ 120.1593, 22.98939 ], [ 120.15931, 22.9894 ] ] ], [ [ [ 120.15932, 22.98942 ], [ 120.15931, 22.98942 ], [ 120.15931, 22.98941 ], [ 120.15932, 22.98942 ] ] ], [ [ [ 120.15951, 22.98966 ], [ 120.15951, 22.98965 ], [ 120.15952, 22.98966 ], [ 120.15951, 22.98966 ] ] ], [ [ [ 120.15946, 22.98971 ], [ 120.15945, 22.98971 ], [ 120.15945, 22.9897 ], [ 120.15946, 22.98971 ] ] ], [ [ [ 120.15964, 22.98978 ], [ 120.15963, 22.98978 ], [ 120.15963, 22.98977 ], [ 120.15964, 22.98978 ] ] ], [ [ [ 120.1592, 22.98979 ], [ 120.15916, 22.98984 ], [ 120.15916, 22.9898 ], [ 120.1592, 22.98979 ] ] ], [ [ [ 120.15914, 22.98985 ], [ 120.15914, 22.98984 ], [ 120.15915, 22.98984 ], [ 120.15914, 22.98985 ] ] ], [ [ [ 120.1594, 22.99013 ], [ 120.15939, 22.99013 ], [ 120.15939, 22.99012 ], [ 120.1594, 22.99013 ] ] ], [ [ [ 120.15938, 22.99013 ], [ 120.15939, 22.99013 ], [ 120.15939, 22.99016 ], [ 120.15938, 22.99013 ] ] ], [ [ [ 120.15901, 22.99025 ], [ 120.159, 22.99025 ], [ 120.159, 22.99024 ], [ 120.15901, 22.99025 ] ] ], [ [ [ 120.15903, 22.99029 ], [ 120.15902, 22.99029 ], [ 120.15902, 22.99027 ], [ 120.15903, 22.99029 ] ] ], [ [ [ 120.15906, 22.99043 ], [ 120.15905, 22.99043 ], [ 120.15903, 22.99033 ], [ 120.15906, 22.99043 ] ] ], [ [ [ 120.15934, 22.99044 ], [ 120.15934, 22.99036 ], [ 120.15935, 22.99043 ], [ 120.15934, 22.99044 ] ] ], [ [ [ 120.15917, 22.99047 ], [ 120.15916, 22.99047 ], [ 120.15916, 22.99043 ], [ 120.15917, 22.99047 ] ] ], [ [ [ 120.15893, 22.9905 ], [ 120.15892, 22.9905 ], [ 120.15892, 22.99049 ], [ 120.15893, 22.9905 ] ] ], [ [ [ 120.15917, 22.9905 ], [ 120.15916, 22.9905 ], [ 120.15916, 22.99049 ], [ 120.15917, 22.9905 ] ] ], [ [ [ 120.15951, 22.9911 ], [ 120.1595, 22.9911 ], [ 120.1595, 22.99109 ], [ 120.15951, 22.9911 ] ] ], [ [ [ 120.15975, 22.98681 ], [ 120.15974, 22.98681 ], [ 120.15975, 22.98678 ], [ 120.15975, 22.98681 ] ] ], [ [ [ 120.15977, 22.98685 ], [ 120.15976, 22.98685 ], [ 120.15976, 22.98684 ], [ 120.15977, 22.98685 ] ] ], [ [ [ 120.16043, 22.98687 ], [ 120.16041, 22.98692 ], [ 120.1604, 22.98685 ], [ 120.16043, 22.98683 ], [ 120.16043, 22.98687 ] ] ], [ [ [ 120.16027, 22.98691 ], [ 120.16027, 22.98692 ], [ 120.16026, 22.98692 ], [ 120.16027, 22.98691 ] ] ], [ [ [ 120.16026, 22.98694 ], [ 120.16026, 22.98693 ], [ 120.16027, 22.98693 ], [ 120.16026, 22.98694 ] ] ], [ [ [ 120.16014, 22.98695 ], [ 120.16015, 22.98695 ], [ 120.16015, 22.98698 ], [ 120.16014, 22.98695 ] ] ], [ [ [ 120.15972, 22.98703 ], [ 120.1597, 22.98703 ], [ 120.1597, 22.987 ], [ 120.15972, 22.98703 ] ] ], [ [ [ 120.16038, 22.98717 ], [ 120.16037, 22.98717 ], [ 120.16037, 22.98715 ], [ 120.16038, 22.98717 ] ] ], [ [ [ 120.16019, 22.9872 ], [ 120.16018, 22.9872 ], [ 120.16018, 22.98712 ], [ 120.16019, 22.9872 ] ] ], [ [ [ 120.16021, 22.98719 ], [ 120.1602, 22.98719 ], [ 120.1602, 22.98713 ], [ 120.16021, 22.98719 ] ] ], [ [ [ 120.16038, 22.98719 ], [ 120.16037, 22.98719 ], [ 120.16037, 22.98718 ], [ 120.16038, 22.98719 ] ] ], [ [ [ 120.16021, 22.98722 ], [ 120.1602, 22.98722 ], [ 120.1602, 22.9872 ], [ 120.16021, 22.98722 ] ] ], [ [ [ 120.15971, 22.98743 ], [ 120.1597, 22.98743 ], [ 120.15969, 22.9874 ], [ 120.15971, 22.98743 ] ] ], [ [ [ 120.15985, 22.98746 ], [ 120.15984, 22.98746 ], [ 120.15983, 22.9874 ], [ 120.15985, 22.98746 ] ] ], [ [ [ 120.15987, 22.98748 ], [ 120.15986, 22.98748 ], [ 120.15986, 22.98742 ], [ 120.15987, 22.98748 ] ] ], [ [ [ 120.16038, 22.98751 ], [ 120.16037, 22.98751 ], [ 120.16037, 22.98742 ], [ 120.16038, 22.98751 ] ] ], [ [ [ 120.16039, 22.98752 ], [ 120.16039, 22.98748 ], [ 120.1604, 22.98752 ], [ 120.16039, 22.98752 ] ] ], [ [ [ 120.15979, 22.9875 ], [ 120.1598, 22.9875 ], [ 120.1598, 22.98758 ], [ 120.15979, 22.9875 ] ] ], [ [ [ 120.16011, 22.9876 ], [ 120.1601, 22.9876 ], [ 120.1601, 22.98759 ], [ 120.16011, 22.9876 ] ] ], [ [ [ 120.1601, 22.98762 ], [ 120.16009, 22.98762 ], [ 120.16009, 22.98761 ], [ 120.1601, 22.98762 ] ] ], [ [ [ 120.15971, 22.98758 ], [ 120.15969, 22.98767 ], [ 120.15966, 22.98763 ], [ 120.15971, 22.98758 ] ] ], [ [ [ 120.15984, 22.98782 ], [ 120.15986, 22.98775 ], [ 120.15986, 22.98779 ], [ 120.15984, 22.98782 ] ] ], [ [ [ 120.15982, 22.98783 ], [ 120.15982, 22.98781 ], [ 120.15983, 22.98781 ], [ 120.15982, 22.98783 ] ] ], [ [ [ 120.15984, 22.98788 ], [ 120.15984, 22.98786 ], [ 120.15985, 22.98786 ], [ 120.15984, 22.98788 ] ] ], [ [ [ 120.15986, 22.98794 ], [ 120.15985, 22.98794 ], [ 120.15985, 22.98789 ], [ 120.15986, 22.98794 ] ] ], [ [ [ 120.15986, 22.98796 ], [ 120.15985, 22.98796 ], [ 120.15985, 22.98795 ], [ 120.15986, 22.98796 ] ] ], [ [ [ 120.15988, 22.98797 ], [ 120.15987, 22.98797 ], [ 120.15987, 22.98796 ], [ 120.15988, 22.98797 ] ] ], [ [ [ 120.15988, 22.988 ], [ 120.15987, 22.988 ], [ 120.15987, 22.98799 ], [ 120.15988, 22.988 ] ] ], [ [ [ 120.15996, 22.98808 ], [ 120.15995, 22.98808 ], [ 120.15995, 22.98807 ], [ 120.15996, 22.98808 ] ] ], [ [ [ 120.15997, 22.9881 ], [ 120.15996, 22.9881 ], [ 120.15996, 22.98808 ], [ 120.15997, 22.9881 ] ] ], [ [ [ 120.16, 22.98813 ], [ 120.15999, 22.98813 ], [ 120.15999, 22.98812 ], [ 120.16, 22.98813 ] ] ], [ [ [ 120.15977, 22.98814 ], [ 120.15976, 22.98814 ], [ 120.15976, 22.98813 ], [ 120.15977, 22.98814 ] ] ], [ [ [ 120.15977, 22.98817 ], [ 120.15976, 22.98817 ], [ 120.15976, 22.98816 ], [ 120.15977, 22.98817 ] ] ], [ [ [ 120.15998, 22.98878 ], [ 120.15997, 22.98878 ], [ 120.15997, 22.98876 ], [ 120.15998, 22.98878 ] ] ], [ [ [ 120.15996, 22.98878 ], [ 120.15997, 22.98878 ], [ 120.15997, 22.98879 ], [ 120.15996, 22.98878 ] ] ], [ [ [ 120.1599, 22.98917 ], [ 120.15989, 22.98917 ], [ 120.15989, 22.98916 ], [ 120.1599, 22.98917 ] ] ], [ [ [ 120.1599, 22.98918 ], [ 120.15989, 22.98918 ], [ 120.15989, 22.98917 ], [ 120.1599, 22.98918 ] ] ], [ [ [ 120.15991, 22.9892 ], [ 120.1599, 22.9892 ], [ 120.1599, 22.98919 ], [ 120.15991, 22.9892 ] ] ], [ [ [ 120.15967, 22.98929 ], [ 120.15966, 22.98929 ], [ 120.15966, 22.98927 ], [ 120.15967, 22.98929 ] ] ], [ [ [ 120.15982, 22.98932 ], [ 120.15982, 22.98931 ], [ 120.15983, 22.98931 ], [ 120.15982, 22.98932 ] ] ], [ [ [ 120.15967, 22.98935 ], [ 120.15966, 22.98935 ], [ 120.15966, 22.98934 ], [ 120.15967, 22.98935 ] ] ], [ [ [ 120.15966, 22.98937 ], [ 120.15965, 22.98937 ], [ 120.15965, 22.98936 ], [ 120.15966, 22.98937 ] ] ], [ [ [ 120.15975, 22.98938 ], [ 120.15975, 22.98937 ], [ 120.15976, 22.98937 ], [ 120.15975, 22.98938 ] ] ], [ [ [ 120.15966, 22.98941 ], [ 120.15966, 22.98942 ], [ 120.15965, 22.98942 ], [ 120.15966, 22.98941 ] ] ], [ [ [ 120.15967, 22.98944 ], [ 120.15967, 22.98945 ], [ 120.15966, 22.98945 ], [ 120.15967, 22.98944 ] ] ], [ [ [ 120.15967, 22.98948 ], [ 120.15966, 22.98948 ], [ 120.15966, 22.98946 ], [ 120.15967, 22.98948 ] ] ], [ [ [ 120.15965, 22.9898 ], [ 120.15964, 22.9898 ], [ 120.15964, 22.98979 ], [ 120.15965, 22.9898 ] ] ] ] }, { "type": "MultiLineString", "coordinates": [ [ [ 120.15776, 22.98868 ], [ 120.15775, 22.98868 ] ], [ [ 120.15717, 22.9908 ], [ 120.15717, 22.99079 ] ], [ [ 120.15829, 22.98657 ], [ 120.15828, 22.98657 ] ], [ [ 120.15826, 22.9874 ], [ 120.15825, 22.9874 ] ], [ [ 120.1582, 22.98777 ], [ 120.15819, 22.98777 ] ], [ [ 120.15782, 22.98815 ], [ 120.15782, 22.98814 ] ], [ [ 120.15837, 22.98974 ], [ 120.15836, 22.98974 ] ], [ [ 120.15849, 22.98676 ], [ 120.15848, 22.98676 ] ], [ [ 120.15843, 22.98751 ], [ 120.15842, 22.98751 ] ], [ [ 120.15852, 22.98872 ], [ 120.15851, 22.98872 ] ], [ [ 120.15891, 22.99084 ], [ 120.1589, 22.99084 ] ], [ [ 120.15895, 22.99085 ], [ 120.15896, 22.99085 ] ], [ [ 120.159, 22.99086 ], [ 120.15901, 22.99086 ] ], [ [ 120.15963, 22.98664 ], [ 120.15962, 22.98664 ] ], [ [ 120.1594, 22.98815 ], [ 120.1594, 22.98817 ] ], [ [ 120.15939, 22.98819 ], [ 120.15939, 22.98818 ] ], [ [ 120.15976, 22.98674 ], [ 120.15975, 22.98674 ] ], [ [ 120.15975, 22.98677 ], [ 120.15975, 22.98676 ] ], [ [ 120.15994, 22.98805 ], [ 120.15993, 22.98805 ] ] ] }, { "type": "Point", "coordinates": [ 120.15915, 22.99089 ] } ] } },
{ "type": "Feature", "properties": { "park_id": 435, "scenario": "2026-07-21 11:00:00 CST", "solar_alt": 74.553791940997598, "solar_az": 96.018416276456904, "canopy_min": 2.0 }, "geometry": { "type": "GeometryCollection", "geometries": [ { "type": "MultiPolygon", "coordinates": [ [ [ [ 120.1824, 22.99099 ], [ 120.18241, 22.991 ], [ 120.1824, 22.991 ], [ 120.1824, 22.99099 ] ] ], [ [ [ 120.18261, 22.99132 ], [ 120.1826, 22.99136 ], [ 120.1826, 22.99132 ], [ 120.18261, 22.99132 ] ] ], [ [ [ 120.18264, 22.99156 ], [ 120.18263, 22.99157 ], [ 120.18263, 22.99156 ], [ 120.18264, 22.99156 ] ] ], [ [ [ 120.18263, 22.99159 ], [ 120.18264, 22.9916 ], [ 120.18263, 22.9916 ], [ 120.18263, 22.99159 ] ] ], [ [ [ 120.18264, 22.99162 ], [ 120.18262, 22.99168 ], [ 120.18262, 22.9916 ], [ 120.18264, 22.99162 ] ] ], [ [ [ 120.18271, 22.99175 ], [ 120.1827, 22.99176 ], [ 120.1827, 22.99175 ], [ 120.18271, 22.99175 ] ] ], [ [ [ 120.18269, 22.99178 ], [ 120.1827, 22.9918 ], [ 120.18269, 22.9918 ], [ 120.18269, 22.99178 ] ] ], [ [ [ 120.18269, 22.99182 ], [ 120.1827, 22.99182 ], [ 120.18269, 22.99183 ], [ 120.18269, 22.99182 ] ] ], [ [ [ 120.1827, 22.99185 ], [ 120.18271, 22.99185 ], [ 120.1827, 22.99186 ], [ 120.1827, 22.99185 ] ] ] ] }, { "type": "GeometryCollection", "geometries": [ { "type": "Point", "coordinates": [ 120.18227, 22.99093 ] }, { "type": "LineString", "coordinates": [ [ 120.18221, 22.99093 ], [ 120.1822, 22.99093 ] ] }, { "type": "LineString", "coordinates": [ [ 120.18216, 22.99105 ], [ 120.18216, 22.99106 ] ] }, { "type": "LineString", "coordinates": [ [ 120.18217, 22.99112 ], [ 120.18217, 22.99113 ] ] }, { "type": "LineString", "coordinates": [ [ 120.18221, 22.9914 ], [ 120.18221, 22.99141 ] ] }, { "type": "LineString", "coordinates": [ [ 120.1826, 22.99088 ], [ 120.18261, 22.99088 ] ] }, { "type": "LineString", "coordinates": [ [ 120.1824, 22.99091 ], [ 120.18241, 22.99091 ] ] } ] }, { "type": "MultiPoint", "coordinates": [ [ 120.18215, 22.99099 ], [ 120.18218, 22.9912 ], [ 120.18219, 22.99127 ], [ 120.18222, 22.99148 ], [ 120.18223, 22.99155 ], [ 120.18225, 22.99176 ] ] } ] } },
{ "type": "Feature", "properties": { "park_id": 436, "scenario": "2026-07-21 11:00:00 CST", "solar_alt": 74.553791940997598, "solar_az": 96.018416276456904, "canopy_min": 2.0 }, "geometry": { "type": "GeometryCollection", "geometries": [ { "type": "MultiPolygon", "coordinates": [ [ [ [ 120.21999, 23.00813 ], [ 120.21998, 23.00813 ], [ 120.21999, 23.00812 ], [ 120.21999, 23.00813 ] ] ], [ [ [ 120.21972, 23.00869 ], [ 120.21973, 23.00868 ], [ 120.21973, 23.00869 ], [ 120.21972, 23.00869 ] ] ], [ [ [ 120.21973, 23.00871 ], [ 120.21974, 23.0087 ], [ 120.21974, 23.00871 ], [ 120.21973, 23.00871 ] ] ], [ [ [ 120.21931, 23.00891 ], [ 120.2193, 23.00891 ], [ 120.21931, 23.0089 ], [ 120.21931, 23.00891 ] ] ], [ [ [ 120.2193, 23.00895 ], [ 120.21931, 23.00895 ], [ 120.2193, 23.00896 ], [ 120.2193, 23.00895 ] ] ], [ [ [ 120.21972, 23.00896 ], [ 120.21973, 23.00897 ], [ 120.21972, 23.00897 ], [ 120.21972, 23.00896 ] ] ], [ [ [ 120.22001, 23.00837 ], [ 120.22001, 23.00831 ], [ 120.22003, 23.00841 ], [ 120.22001, 23.00837 ] ] ], [ [ [ 120.22003, 23.00847 ], [ 120.22002, 23.00847 ], [ 120.22003, 23.00845 ], [ 120.22003, 23.00847 ] ] ], [ [ [ 120.22001, 23.00864 ], [ 120.22002, 23.00861 ], [ 120.22002, 23.00864 ], [ 120.22001, 23.00864 ] ] ], [ [ [ 120.22002, 23.00864 ], [ 120.22003, 23.00864 ], [ 120.22002, 23.00867 ], [ 120.22002, 23.00864 ] ] ], [ [ [ 120.22004, 23.00871 ], [ 120.22004, 23.00866 ], [ 120.22005, 23.00871 ], [ 120.22004, 23.00871 ] ] ] ] }, { "type": "GeometryCollection", "geometries": [ { "type": "Point", "coordinates": [ 120.21986, 23.00821 ] }, { "type": "LineString", "coordinates": [ [ 120.21974, 23.00871 ], [ 120.21975, 23.00871 ] ] } ] }, { "type": "MultiPoint", "coordinates": [ [ 120.21956, 23.00842 ], [ 120.21973, 23.0083 ], [ 120.2199, 23.00818 ], [ 120.22002, 23.00809 ], [ 120.22006, 23.00807 ] ] } ] } },
{ "type": "Feature", "properties": { "park_id": 437, "scenario": "2026-07-21 11:00:00 CST", "solar_alt": 74.553791940997598, "solar_az": 96.018416276456904, "canopy_min": 2.0 }, "geometry": { "type": "GeometryCollection", "geometries": [ { "type": "MultiPolygon", "coordinates": [ [ [ [ 120.21024, 23.00099 ], [ 120.21022, 23.00099 ], [ 120.21024, 23.00093 ], [ 120.21024, 23.00099 ] ] ], [ [ [ 120.20946, 23.00096 ], [ 120.20947, 23.00101 ], [ 120.20945, 23.00096 ], [ 120.20946, 23.00096 ] ] ], [ [ [ 120.20943, 23.00105 ], [ 120.20943, 23.00103 ], [ 120.20944, 23.00105 ], [ 120.20943, 23.00105 ] ] ], [ [ [ 120.2096, 23.00108 ], [ 120.20961, 23.00108 ], [ 120.20961, 23.00109 ], [ 120.2096, 23.00108 ] ] ], [ [ [ 120.20924, 23.0011 ], [ 120.20923, 23.0011 ], [ 120.20923, 23.00109 ], [ 120.20924, 23.0011 ] ] ], [ [ [ 120.20924, 23.00115 ], [ 120.20921, 23.00114 ], [ 120.20924, 23.0011 ], [ 120.20924, 23.00115 ] ] ], [ [ [ 120.21015, 23.00111 ], [ 120.21018, 23.00109 ], [ 120.21018, 23.00124 ], [ 120.21015, 23.00111 ] ] ], [ [ [ 120.20931, 23.00118 ], [ 120.20931, 23.00117 ], [ 120.20932, 23.00118 ], [ 120.20931, 23.00118 ] ] ], [ [ [ 120.20931, 23.0012 ], [ 120.2093, 23.0012 ], [ 120.2093, 23.00119 ], [ 120.20931, 23.0012 ] ] ], [ [ [ 120.2093, 23.00121 ], [ 120.20929, 23.00121 ], [ 120.20929, 23.0012 ], [ 120.2093, 23.00121 ] ] ], [ [ [ 120.2093, 23.00123 ], [ 120.2093, 23.00121 ], [ 120.20931, 23.00123 ], [ 120.2093, 23.00123 ] ] ], [ [ [ 120.21015, 23.00133 ], [ 120.21015, 23.00134 ], [ 120.21014, 23.00133 ], [ 120.21015, 23.00133 ] ] ], [ [ [ 120.20996, 23.00136 ], [ 120.20996, 23.00135 ], [ 120.20997, 23.00136 ], [ 120.20996, 23.00136 ] ] ], [ [ [ 120.20998, 23.00154 ], [ 120.20997, 23.00154 ], [ 120.20997, 23.00153 ], [ 120.20998, 23.00154 ] ] ], [ [ [ 120.21035, 23.00174 ], [ 120.21035, 23.0017 ], [ 120.21036, 23.0017 ], [ 120.21035, 23.00174 ] ] ], [ [ [ 120.21006, 23.00182 ], [ 120.21006, 23.0018 ], [ 120.21007, 23.00182 ], [ 120.21006, 23.00182 ] ] ], [ [ [ 120.21006, 23.00184 ], [ 120.21007, 23.00184 ], [ 120.21007, 23.00186 ], [ 120.21006, 23.00184 ] ] ], [ [ [ 120.21043, 23.00209 ], [ 120.21042, 23.00209 ], [ 120.21042, 23.00208 ], [ 120.21043, 23.00209 ] ] ], [ [ [ 120.21032, 23.00211 ], [ 120.21034, 23.00212 ], [ 120.21032, 23.00216 ], [ 120.21032, 23.00211 ] ] ], [ [ [ 120.2103, 23.00217 ], [ 120.2103, 23.00216 ], [ 120.21031, 23.00216 ], [ 120.2103, 23.00217 ] ] ], [ [ [ 120.20991, 23.0022 ], [ 120.2099, 23.0022 ], [ 120.2099, 23.00219 ], [ 120.20991, 23.0022 ] ] ], [ [ [ 120.21042, 23.00244 ], [ 120.21042, 23.00243 ], [ 120.21043, 23.00244 ], [ 120.21042, 23.00244 ] ] ], [ [ [ 120.21042, 23.00245 ], [ 120.21042, 23.00246 ], [ 120.21041, 23.00245 ], [ 120.21042, 23.00245 ] ] ], [ [ [ 120.2104, 23.00248 ], [ 120.2104, 23.00246 ], [ 120.21041, 23.00248 ], [ 120.2104, 23.00248 ] ] ], [ [ [ 120.21, 23.00249 ], [ 120.20999, 23.00249 ], [ 120.20999, 23.00246 ], [ 120.21, 23.00249 ] ] ], [ [ [ 120.20999, 23.00251 ], [ 120.21, 23.00251 ], [ 120.21, 23.00252 ], [ 120.20999, 23.00251 ] ] ], [ [ [ 120.2104, 23.00253 ], [ 120.2104, 23.00251 ], [ 120.21041, 23.00253 ], [ 120.2104, 23.00253 ] ] ], [ [ [ 120.2103, 23.00258 ], [ 120.2103, 23.00256 ], [ 120.21031, 23.00256 ], [ 120.2103, 23.00258 ] ] ], [ [ [ 120.21013, 23.00269 ], [ 120.21014, 23.00269 ], [ 120.21014, 23.00271 ], [ 120.21013, 23.00269 ] ] ], [ [ [ 120.21041, 23.00304 ], [ 120.21041, 23.00302 ], [ 120.21042, 23.00304 ], [ 120.21041, 23.00304 ] ] ], [ [ [ 120.2103, 23.00313 ], [ 120.21029, 23.00313 ], [ 120.21029, 23.00312 ], [ 120.2103, 23.00313 ] ] ], [ [ [ 120.21024, 23.00316 ], [ 120.21025, 23.00316 ], [ 120.21025, 23.00317 ], [ 120.21024, 23.00316 ] ] ], [ [ [ 120.21022, 23.00318 ], [ 120.21022, 23.00317 ], [ 120.21023, 23.00318 ], [ 120.21022, 23.00318 ] ] ], [ [ [ 120.21024, 23.00319 ], [ 120.21024, 23.00318 ], [ 120.21025, 23.00319 ], [ 120.21024, 23.00319 ] ] ], [ [ [ 120.21042, 23.0033 ], [ 120.21043, 23.0033 ], [ 120.21042, 23.00333 ], [ 120.21042, 23.0033 ] ] ], [ [ [ 120.21067, 23.00075 ], [ 120.21068, 23.00075 ], [ 120.21068, 23.00076 ], [ 120.21067, 23.00075 ] ] ], [ [ [ 120.21049, 23.00079 ], [ 120.21048, 23.00079 ], [ 120.21048, 23.00078 ], [ 120.21049, 23.00079 ] ] ], [ [ [ 120.2105, 23.00081 ], [ 120.2105, 23.00076 ], [ 120.21052, 23.00081 ], [ 120.2105, 23.00081 ] ] ], [ [ [ 120.21044, 23.00086 ], [ 120.21045, 23.00086 ], [ 120.21045, 23.00087 ], [ 120.21044, 23.00086 ] ] ], [ [ [ 120.21097, 23.00099 ], [ 120.21096, 23.00099 ], [ 120.21096, 23.00097 ], [ 120.21097, 23.00099 ] ] ], [ [ [ 120.21097, 23.001 ], [ 120.21097, 23.00099 ], [ 120.21098, 23.001 ], [ 120.21097, 23.001 ] ] ], [ [ [ 120.21101, 23.00102 ], [ 120.21101, 23.00101 ], [ 120.21102, 23.00101 ], [ 120.21101, 23.00102 ] ] ], [ [ [ 120.2105, 23.00102 ], [ 120.2105, 23.00101 ], [ 120.21051, 23.00101 ], [ 120.2105, 23.00102 ] ] ], [ [ [ 120.21067, 23.00105 ], [ 120.21068, 23.00105 ], [ 120.21067, 23.00106 ], [ 120.21067, 23.00105 ] ] ], [ [ [ 120.21064, 23.00121 ], [ 120.21064, 23.00129 ], [ 120.21062, 23.00123 ], [ 120.21064, 23.00121 ] ] ], [ [ [ 120.21062, 23.00131 ], [ 120.21062, 23.00132 ], [ 120.21061, 23.00131 ], [ 120.21062, 23.00131 ] ] ], [ [ [ 120.21055, 23.00146 ], [ 120.21054, 23.00146 ], [ 120.21054, 23.00144 ], [ 120.21055, 23.00146 ] ] ], [ [ [ 120.21057, 23.00147 ], [ 120.21056, 23.00147 ], [ 120.21056, 23.00146 ], [ 120.21057, 23.00147 ] ] ], [ [ [ 120.21078, 23.00178 ], [ 120.21078, 23.00179 ], [ 120.21077, 23.00178 ], [ 120.21078, 23.00178 ] ] ], [ [ [ 120.21058, 23.00189 ], [ 120.21057, 23.00189 ], [ 120.21056, 23.00186 ], [ 120.21058, 23.00189 ] ] ], [ [ [ 120.21063, 23.00193 ], [ 120.21062, 23.00193 ], [ 120.21062, 23.00192 ], [ 120.21063, 23.00193 ] ] ], [ [ [ 120.21089, 23.00193 ], [ 120.21089, 23.00194 ], [ 120.21088, 23.00193 ], [ 120.21089, 23.00193 ] ] ], [ [ [ 120.21062, 23.00201 ], [ 120.2106, 23.00201 ], [ 120.21061, 23.00193 ], [ 120.21062, 23.00201 ] ] ], [ [ [ 120.21051, 23.00207 ], [ 120.2105, 23.00207 ], [ 120.2105, 23.00204 ], [ 120.21051, 23.00207 ] ] ], [ [ [ 120.21069, 23.00206 ], [ 120.21069, 23.00212 ], [ 120.21067, 23.00206 ], [ 120.21069, 23.00206 ] ] ], [ [ [ 120.21061, 23.00217 ], [ 120.21064, 23.00212 ], [ 120.21062, 23.00225 ], [ 120.21061, 23.00217 ] ] ], [ [ [ 120.21084, 23.00236 ], [ 120.21084, 23.0023 ], [ 120.21085, 23.00236 ], [ 120.21084, 23.00236 ] ] ], [ [ [ 120.21059, 23.00235 ], [ 120.2106, 23.00235 ], [ 120.2106, 23.00236 ], [ 120.21059, 23.00235 ] ] ], [ [ [ 120.2106, 23.00264 ], [ 120.21059, 23.00264 ], [ 120.21059, 23.00263 ], [ 120.2106, 23.00264 ] ] ], [ [ [ 120.21059, 23.00265 ], [ 120.21061, 23.00266 ], [ 120.21059, 23.00267 ], [ 120.21059, 23.00265 ] ] ], [ [ [ 120.21061, 23.00269 ], [ 120.21062, 23.00269 ], [ 120.21062, 23.00271 ], [ 120.21061, 23.00271 ], [ 120.21061, 23.00269 ] ] ], [ [ [ 120.21063, 23.00274 ], [ 120.21062, 23.00274 ], [ 120.21062, 23.00271 ], [ 120.21063, 23.00274 ] ] ], [ [ [ 120.21063, 23.00277 ], [ 120.21063, 23.00279 ], [ 120.21062, 23.00277 ], [ 120.21063, 23.00277 ] ] ], [ [ [ 120.21064, 23.00281 ], [ 120.21062, 23.00281 ], [ 120.21062, 23.0028 ], [ 120.21064, 23.00281 ] ] ], [ [ [ 120.21064, 23.00283 ], [ 120.21063, 23.00283 ], [ 120.21063, 23.00282 ], [ 120.21064, 23.00283 ] ] ], [ [ [ 120.21061, 23.00298 ], [ 120.2106, 23.003 ], [ 120.21059, 23.00298 ], [ 120.21061, 23.00298 ] ] ], [ [ [ 120.21061, 23.00308 ], [ 120.2106, 23.003 ], [ 120.21061, 23.003 ], [ 120.21061, 23.00305 ], [ 120.21061, 23.00308 ] ] ], [ [ [ 120.21045, 23.00331 ], [ 120.21045, 23.00334 ], [ 120.21044, 23.00331 ], [ 120.21045, 23.00331 ] ] ], [ [ [ 120.2105, 23.00359 ], [ 120.21049, 23.00359 ], [ 120.21049, 23.00358 ], [ 120.2105, 23.00359 ] ] ], [ [ [ 120.21088, 23.00391 ], [ 120.21088, 23.00388 ], [ 120.21089, 23.00388 ], [ 120.21088, 23.00391 ] ] ], [ [ [ 120.21143, 23.0004 ], [ 120.21143, 23.00041 ], [ 120.21142, 23.0004 ], [ 120.21143, 23.0004 ] ] ], [ [ [ 120.21103, 23.00103 ], [ 120.21102, 23.00103 ], [ 120.21102, 23.00102 ], [ 120.21103, 23.00103 ] ] ], [ [ [ 120.21104, 23.00107 ], [ 120.21103, 23.00107 ], [ 120.21103, 23.00104 ], [ 120.21104, 23.00107 ] ] ], [ [ [ 120.21105, 23.0011 ], [ 120.21104, 23.0011 ], [ 120.21105, 23.00107 ], [ 120.21105, 23.0011 ] ] ], [ [ [ 120.21108, 23.00118 ], [ 120.21107, 23.00118 ], [ 120.21106, 23.0011 ], [ 120.21108, 23.00118 ] ] ], [ [ [ 120.21141, 23.00117 ], [ 120.2114, 23.00117 ], [ 120.2114, 23.00116 ], [ 120.21141, 23.00117 ] ] ], [ [ [ 120.2111, 23.00153 ], [ 120.21112, 23.00153 ], [ 120.21112, 23.00162 ], [ 120.2111, 23.00153 ] ] ], [ [ [ 120.21111, 23.00165 ], [ 120.21111, 23.00164 ], [ 120.21112, 23.00165 ], [ 120.21111, 23.00165 ] ] ], [ [ [ 120.21112, 23.00168 ], [ 120.21112, 23.00189 ], [ 120.21111, 23.00189 ], [ 120.2111, 23.00173 ], [ 120.21112, 23.00168 ] ] ], [ [ [ 120.21113, 23.00183 ], [ 120.21114, 23.00183 ], [ 120.21114, 23.00187 ], [ 120.21113, 23.00183 ] ] ], [ [ [ 120.21112, 23.00192 ], [ 120.21111, 23.00192 ], [ 120.21111, 23.0019 ], [ 120.21112, 23.00192 ] ] ], [ [ [ 120.21147, 23.00195 ], [ 120.21147, 23.00194 ], [ 120.21148, 23.00195 ], [ 120.21147, 23.00195 ] ] ], [ [ [ 120.21123, 23.00198 ], [ 120.21122, 23.00198 ], [ 120.21122, 23.00196 ], [ 120.21123, 23.00198 ] ] ], [ [ [ 120.21113, 23.00203 ], [ 120.21113, 23.00201 ], [ 120.21114, 23.00203 ], [ 120.21114, 23.00208 ], [ 120.21112, 23.00203 ], [ 120.21113, 23.00203 ] ] ], [ [ [ 120.21115, 23.00209 ], [ 120.21114, 23.00209 ], [ 120.21114, 23.00208 ], [ 120.21115, 23.00209 ] ] ], [ [ [ 120.21114, 23.00214 ], [ 120.21114, 23.0021 ], [ 120.21115, 23.0021 ], [ 120.21114, 23.00214 ] ] ], [ [ [ 120.21139, 23.00211 ], [ 120.21139, 23.00217 ], [ 120.21138, 23.00211 ], [ 120.21139, 23.00211 ] ] ], [ [ [ 120.21116, 23.00212 ], [ 120.21117, 23.00215 ], [ 120.21117, 23.00219 ], [ 120.21116, 23.00212 ] ] ], [ [ [ 120.21114, 23.00216 ], [ 120.21114, 23.00215 ], [ 120.21115, 23.00216 ], [ 120.21114, 23.00216 ] ] ], [ [ [ 120.21144, 23.00221 ], [ 120.21145, 23.00221 ], [ 120.21145, 23.00222 ], [ 120.21144, 23.00221 ] ] ], [ [ [ 120.21144, 23.00223 ], [ 120.21143, 23.00223 ], [ 120.21143, 23.00222 ], [ 120.21144, 23.00223 ] ] ], [ [ [ 120.21106, 23.00223 ], [ 120.21108, 23.0023 ], [ 120.21106, 23.00231 ], [ 120.21106, 23.00223 ] ] ], [ [ [ 120.21133, 23.0023 ], [ 120.21136, 23.00228 ], [ 120.21136, 23.00232 ], [ 120.21133, 23.0023 ] ] ], [ [ [ 120.21107, 23.00232 ], [ 120.21107, 23.00231 ], [ 120.21108, 23.00231 ], [ 120.21107, 23.00232 ] ] ], [ [ [ 120.21132, 23.0025 ], [ 120.21127, 23.00247 ], [ 120.21128, 23.00236 ], [ 120.2113, 23.00236 ], [ 120.21132, 23.0025 ] ] ], [ [ [ 120.21134, 23.00255 ], [ 120.21133, 23.00255 ], [ 120.21133, 23.00253 ], [ 120.21134, 23.00255 ] ] ], [ [ [ 120.21135, 23.00261 ], [ 120.21135, 23.00254 ], [ 120.21138, 23.00255 ], [ 120.21141, 23.00271 ], [ 120.21137, 23.00269 ], [ 120.21135, 23.00261 ] ], [ [ 120.21139, 23.00268 ], [ 120.21139, 23.00265 ], [ 120.21138, 23.00265 ], [ 120.21139, 23.00268 ] ] ], [ [ [ 120.21142, 23.00272 ], [ 120.21141, 23.00272 ], [ 120.21142, 23.00271 ], [ 120.21142, 23.00272 ] ] ], [ [ [ 120.21108, 23.00273 ], [ 120.21108, 23.00272 ], [ 120.21109, 23.00273 ], [ 120.21108, 23.00273 ] ] ], [ [ [ 120.21141, 23.00274 ], [ 120.21141, 23.00273 ], [ 120.21142, 23.00274 ], [ 120.21141, 23.00274 ] ] ], [ [ [ 120.21109, 23.00276 ], [ 120.21109, 23.00289 ], [ 120.21106, 23.00287 ], [ 120.21107, 23.00273 ], [ 120.21109, 23.00276 ] ] ], [ [ [ 120.21148, 23.00299 ], [ 120.21147, 23.00299 ], [ 120.21147, 23.00298 ], [ 120.21148, 23.00299 ] ] ], [ [ [ 120.21122, 23.00324 ], [ 120.21124, 23.00325 ], [ 120.21122, 23.00325 ], [ 120.21122, 23.00324 ] ] ], [ [ [ 120.21121, 23.00407 ], [ 120.2112, 23.00407 ], [ 120.2112, 23.00404 ], [ 120.21121, 23.00407 ] ] ], [ [ [ 120.21221, 23.00017 ], [ 120.2122, 23.00017 ], [ 120.2122, 23.00016 ], [ 120.21221, 23.00017 ] ] ], [ [ [ 120.21231, 23.0006 ], [ 120.21231, 23.00062 ], [ 120.2123, 23.0006 ], [ 120.21231, 23.0006 ] ] ], [ [ [ 120.2123, 23.00065 ], [ 120.21229, 23.00065 ], [ 120.21229, 23.00062 ], [ 120.2123, 23.00065 ] ] ], [ [ [ 120.21229, 23.00068 ], [ 120.21228, 23.00068 ], [ 120.21228, 23.00067 ], [ 120.21229, 23.00068 ] ] ], [ [ [ 120.21226, 23.0007 ], [ 120.21226, 23.00072 ], [ 120.21225, 23.0007 ], [ 120.21226, 23.0007 ] ] ], [ [ [ 120.21219, 23.00079 ], [ 120.2122, 23.00076 ], [ 120.2122, 23.00079 ], [ 120.21219, 23.00079 ] ] ], [ [ [ 120.21149, 23.00105 ], [ 120.21149, 23.00104 ], [ 120.2115, 23.00105 ], [ 120.21149, 23.00105 ] ] ], [ [ [ 120.21208, 23.00208 ], [ 120.21207, 23.00208 ], [ 120.21207, 23.00207 ], [ 120.21208, 23.00208 ] ] ], [ [ [ 120.21229, 23.00215 ], [ 120.2123, 23.00215 ], [ 120.2123, 23.00216 ], [ 120.21229, 23.00215 ] ] ], [ [ [ 120.21181, 23.00219 ], [ 120.21181, 23.00218 ], [ 120.21182, 23.00219 ], [ 120.21181, 23.00219 ] ] ], [ [ [ 120.21197, 23.00246 ], [ 120.21196, 23.00246 ], [ 120.21196, 23.00245 ], [ 120.21197, 23.00246 ] ] ], [ [ [ 120.21228, 23.00253 ], [ 120.21229, 23.00253 ], [ 120.21229, 23.00254 ], [ 120.21228, 23.00253 ] ] ], [ [ [ 120.21228, 23.00254 ], [ 120.21228, 23.00255 ], [ 120.21227, 23.00254 ], [ 120.21228, 23.00254 ] ] ], [ [ [ 120.21211, 23.00261 ], [ 120.2121, 23.00261 ], [ 120.2121, 23.00257 ], [ 120.21211, 23.00261 ] ] ], [ [ [ 120.21182, 23.00287 ], [ 120.21181, 23.00287 ], [ 120.21181, 23.00285 ], [ 120.21182, 23.00287 ] ] ], [ [ [ 120.21159, 23.00285 ], [ 120.21159, 23.0029 ], [ 120.21157, 23.00287 ], [ 120.21159, 23.00285 ] ] ], [ [ [ 120.21181, 23.00287 ], [ 120.21181, 23.00288 ], [ 120.2118, 23.00287 ], [ 120.21181, 23.00287 ] ] ], [ [ [ 120.21147, 23.00291 ], [ 120.21147, 23.0029 ], [ 120.21148, 23.00291 ], [ 120.21147, 23.00291 ] ] ], [ [ [ 120.21192, 23.003 ], [ 120.21191, 23.003 ], [ 120.21191, 23.00297 ], [ 120.21192, 23.003 ] ] ], [ [ [ 120.21191, 23.003 ], [ 120.21191, 23.00302 ], [ 120.2119, 23.00302 ], [ 120.21191, 23.003 ] ] ], [ [ [ 120.21192, 23.00303 ], [ 120.21191, 23.00303 ], [ 120.21192, 23.00302 ], [ 120.21192, 23.00303 ] ] ], [ [ [ 120.2119, 23.00304 ], [ 120.21189, 23.00304 ], [ 120.21189, 23.00303 ], [ 120.2119, 23.00304 ] ] ], [ [ [ 120.21156, 23.00308 ], [ 120.21155, 23.00308 ], [ 120.21155, 23.00306 ], [ 120.21156, 23.00308 ] ] ], [ [ [ 120.21231, 23.00313 ], [ 120.21232, 23.00313 ], [ 120.21231, 23.00315 ], [ 120.21231, 23.00313 ] ] ], [ [ [ 120.21182, 23.00316 ], [ 120.21182, 23.00315 ], [ 120.21183, 23.00315 ], [ 120.21182, 23.00316 ] ] ], [ [ [ 120.21183, 23.00317 ], [ 120.21184, 23.00317 ], [ 120.21184, 23.00318 ], [ 120.21183, 23.00317 ] ] ], [ [ [ 120.21161, 23.00322 ], [ 120.21161, 23.00318 ], [ 120.21162, 23.00322 ], [ 120.21161, 23.00322 ] ] ], [ [ [ 120.21158, 23.0033 ], [ 120.21158, 23.00329 ], [ 120.21159, 23.0033 ], [ 120.21158, 23.0033 ] ] ], [ [ [ 120.21194, 23.00337 ], [ 120.21194, 23.00338 ], [ 120.21193, 23.00337 ], [ 120.21194, 23.00337 ] ] ], [ [ [ 120.21197, 23.00339 ], [ 120.21196, 23.00339 ], [ 120.21196, 23.00338 ], [ 120.21197, 23.00339 ] ] ], [ [ [ 120.21196, 23.0034 ], [ 120.21195, 23.0034 ], [ 120.21195, 23.00339 ], [ 120.21196, 23.0034 ] ] ], [ [ [ 120.21153, 23.00348 ], [ 120.21153, 23.00353 ], [ 120.21152, 23.00348 ], [ 120.21153, 23.00348 ] ] ], [ [ [ 120.21152, 23.00354 ], [ 120.21151, 23.00354 ], [ 120.21151, 23.00353 ], [ 120.21152, 23.00354 ] ] ], [ [ [ 120.21154, 23.00354 ], [ 120.21155, 23.00354 ], [ 120.21155, 23.00356 ], [ 120.21154, 23.00354 ] ] ], [ [ [ 120.21156, 23.00382 ], [ 120.21154, 23.00373 ], [ 120.21158, 23.00382 ], [ 120.21156, 23.00382 ] ] ], [ [ [ 120.21264, 23.00044 ], [ 120.21263, 23.00044 ], [ 120.21263, 23.00041 ], [ 120.21264, 23.00044 ] ] ], [ [ [ 120.21265, 23.00052 ], [ 120.21264, 23.00052 ], [ 120.21264, 23.00051 ], [ 120.21265, 23.00052 ] ] ], [ [ [ 120.21239, 23.00107 ], [ 120.2124, 23.00107 ], [ 120.21239, 23.0012 ], [ 120.21239, 23.00107 ] ] ], [ [ [ 120.2124, 23.0012 ], [ 120.21241, 23.0012 ], [ 120.2124, 23.00121 ], [ 120.2124, 23.0012 ] ] ], [ [ [ 120.2124, 23.00127 ], [ 120.2124, 23.00126 ], [ 120.21241, 23.00127 ], [ 120.2124, 23.00127 ] ] ], [ [ [ 120.2125, 23.00148 ], [ 120.21249, 23.00148 ], [ 120.21249, 23.00147 ], [ 120.2125, 23.00148 ] ] ], [ [ [ 120.21255, 23.00152 ], [ 120.21254, 23.00152 ], [ 120.21254, 23.00151 ], [ 120.21255, 23.00152 ] ] ], [ [ [ 120.21258, 23.00155 ], [ 120.21258, 23.00156 ], [ 120.21257, 23.00155 ], [ 120.21258, 23.00155 ] ] ], [ [ [ 120.21261, 23.00155 ], [ 120.21263, 23.00164 ], [ 120.2126, 23.0016 ], [ 120.21261, 23.00155 ] ] ], [ [ [ 120.21271, 23.00183 ], [ 120.21271, 23.00181 ], [ 120.21272, 23.00181 ], [ 120.21271, 23.00183 ] ] ], [ [ [ 120.2124, 23.00181 ], [ 120.2124, 23.00184 ], [ 120.21239, 23.00181 ], [ 120.2124, 23.00181 ] ] ], [ [ [ 120.21257, 23.00199 ], [ 120.21257, 23.00192 ], [ 120.21258, 23.00198 ], [ 120.21257, 23.00199 ] ] ], [ [ [ 120.21266, 23.00202 ], [ 120.21267, 23.00202 ], [ 120.21267, 23.00203 ], [ 120.21266, 23.00202 ] ] ], [ [ [ 120.21264, 23.00211 ], [ 120.21264, 23.00206 ], [ 120.21265, 23.00211 ], [ 120.21264, 23.00211 ] ] ], [ [ [ 120.21255, 23.0023 ], [ 120.21255, 23.00229 ], [ 120.21256, 23.0023 ], [ 120.21255, 23.0023 ] ] ], [ [ [ 120.21257, 23.00232 ], [ 120.21257, 23.00233 ], [ 120.21256, 23.00232 ], [ 120.21257, 23.00232 ] ] ], [ [ [ 120.21258, 23.00235 ], [ 120.21257, 23.00235 ], [ 120.21257, 23.00234 ], [ 120.21258, 23.00235 ] ] ], [ [ [ 120.21255, 23.00245 ], [ 120.21259, 23.00239 ], [ 120.21258, 23.00259 ], [ 120.21257, 23.00259 ], [ 120.21255, 23.00245 ] ] ], [ [ [ 120.2126, 23.00255 ], [ 120.2126, 23.00256 ], [ 120.21259, 23.00255 ], [ 120.2126, 23.00255 ] ] ], [ [ [ 120.21259, 23.00262 ], [ 120.21259, 23.00257 ], [ 120.21261, 23.00259 ], [ 120.21259, 23.00262 ] ] ], [ [ [ 120.21244, 23.00268 ], [ 120.21242, 23.00268 ], [ 120.21242, 23.00267 ], [ 120.21244, 23.00268 ] ] ], [ [ [ 120.21271, 23.00271 ], [ 120.21271, 23.00272 ], [ 120.2127, 23.00271 ], [ 120.21271, 23.00271 ] ] ], [ [ [ 120.21246, 23.00276 ], [ 120.21245, 23.00276 ], [ 120.21244, 23.00268 ], [ 120.21246, 23.00276 ] ] ], [ [ [ 120.21267, 23.00277 ], [ 120.21266, 23.00277 ], [ 120.21266, 23.00276 ], [ 120.21267, 23.00277 ] ] ], [ [ [ 120.21248, 23.00278 ], [ 120.21248, 23.00279 ], [ 120.21247, 23.00278 ], [ 120.21248, 23.00278 ] ] ], [ [ [ 120.21261, 23.0028 ], [ 120.21261, 23.00288 ], [ 120.21258, 23.00285 ], [ 120.21261, 23.0028 ] ] ], [ [ [ 120.21261, 23.00288 ], [ 120.21262, 23.00288 ], [ 120.21262, 23.00278 ], [ 120.21263, 23.00289 ], [ 120.21261, 23.00291 ], [ 120.21261, 23.00288 ] ] ], [ [ [ 120.21243, 23.00288 ], [ 120.21244, 23.00288 ], [ 120.21244, 23.00289 ], [ 120.21243, 23.00288 ] ] ], [ [ [ 120.21243, 23.00291 ], [ 120.21242, 23.00291 ], [ 120.21242, 23.00289 ], [ 120.21243, 23.00291 ] ] ], [ [ [ 120.21236, 23.00296 ], [ 120.21239, 23.00293 ], [ 120.21238, 23.00296 ], [ 120.21236, 23.00296 ] ] ], [ [ [ 120.21232, 23.00316 ], [ 120.21232, 23.00315 ], [ 120.21233, 23.00315 ], [ 120.21232, 23.00316 ] ] ], [ [ [ 120.21306, 23.00325 ], [ 120.21305, 23.00325 ], [ 120.21305, 23.00322 ], [ 120.21306, 23.00325 ] ] ], [ [ [ 120.21314, 23.00339 ], [ 120.21314, 23.00335 ], [ 120.21315, 23.00339 ], [ 120.21314, 23.00339 ] ] ], [ [ [ 120.21318, 23.00381 ], [ 120.21314, 23.00374 ], [ 120.21318, 23.00371 ], [ 120.21318, 23.00381 ] ] ], [ [ [ 120.21318, 23.00383 ], [ 120.21317, 23.00383 ], [ 120.21317, 23.00381 ], [ 120.21318, 23.00383 ] ] ] ] }, { "type": "MultiLineString", "coordinates": [ [ [ 120.2093, 23.00127 ], [ 120.2093, 23.00126 ] ], [ [ 120.21007, 23.00179 ], [ 120.21008, 23.00179 ] ], [ [ 120.21041, 23.00181 ], [ 120.2104, 23.00181 ] ], [ [ 120.20997, 23.00216 ], [ 120.20998, 23.00216 ] ], [ [ 120.2113, 23.00055 ], [ 120.21131, 23.00055 ] ], [ [ 120.21122, 23.00194 ], [ 120.21123, 23.00195 ] ], [ [ 120.21113, 23.00203 ], [ 120.21114, 23.00203 ] ], [ [ 120.21115, 23.00203 ], [ 120.21114, 23.00203 ] ], [ [ 120.21105, 23.00228 ], [ 120.21105, 23.00225 ] ], [ [ 120.21232, 23.00012 ], [ 120.21233, 23.00012 ] ], [ [ 120.21226, 23.00014 ], [ 120.21226, 23.00013 ] ], [ [ 120.21222, 23.00014 ], [ 120.21223, 23.00014 ] ], [ [ 120.21207, 23.00283 ], [ 120.21208, 23.00283 ] ], [ [ 120.21154, 23.00354 ], [ 120.21154, 23.00351 ] ], [ [ 120.21247, 23.00131 ], [ 120.21247, 23.00132 ] ], [ [ 120.2127, 23.00201 ], [ 120.2127, 23.002 ] ] ] }, { "type": "MultiPoint", "coordinates": [ [ 120.20906, 23.00134 ], [ 120.20908, 23.00137 ], [ 120.21239, 23.0001 ], [ 120.21242, 23.00009 ] ] } ] } },
{ "type": "Feature", "properties": { "park_id": 438, "scenario": "2026-07-21 11:00:00 CST", "solar_alt": 74.553791940997598, "solar_az": 96.018416276456904, "canopy_min": 2.0 }, "geometry": { "type": "Polygon", "coordinates": [ [ [ 120.21451, 23.04257 ], [ 120.21452, 23.04257 ], [ 120.21452, 23.04259 ], [ 120.21451, 23.04257 ] ] ] } },
{ "type": "Feature", "properties": { "park_id": 440, "scenario": "2026-07-21 11:00:00 CST", "solar_alt": 74.553791940997598, "solar_az": 96.018416276456904, "canopy_min": 2.0 }, "geometry": { "type": "GeometryCollection", "geometries": [ { "type": "MultiPolygon", "coordinates": [ [ [ [ 120.457, 23.11876 ], [ 120.457, 23.11874 ], [ 120.45701, 23.11876 ], [ 120.457, 23.11876 ] ] ], [ [ [ 120.45684, 23.11896 ], [ 120.45684, 23.11895 ], [ 120.45685, 23.11896 ], [ 120.45684, 23.11896 ] ] ], [ [ [ 120.45692, 23.11911 ], [ 120.45691, 23.11911 ], [ 120.45692, 23.1191 ], [ 120.45692, 23.11911 ] ] ], [ [ [ 120.45739, 23.11927 ], [ 120.45739, 23.11926 ], [ 120.4574, 23.11927 ], [ 120.45739, 23.11927 ] ] ], [ [ [ 120.45715, 23.11936 ], [ 120.45715, 23.11935 ], [ 120.45716, 23.11936 ], [ 120.45715, 23.11936 ] ] ], [ [ [ 120.45715, 23.11936 ], [ 120.45715, 23.11937 ], [ 120.45714, 23.11936 ], [ 120.45715, 23.11936 ] ] ], [ [ [ 120.45712, 23.11939 ], [ 120.45712, 23.11941 ], [ 120.45711, 23.11939 ], [ 120.45712, 23.11939 ] ] ], [ [ [ 120.45696, 23.11944 ], [ 120.45696, 23.11942 ], [ 120.45697, 23.11943 ], [ 120.45696, 23.11944 ] ] ], [ [ [ 120.45712, 23.11951 ], [ 120.45712, 23.11952 ], [ 120.45711, 23.11952 ], [ 120.45712, 23.11951 ] ] ], [ [ [ 120.45762, 23.11872 ], [ 120.45762, 23.11871 ], [ 120.45763, 23.11872 ], [ 120.45762, 23.11872 ] ] ], [ [ [ 120.45739, 23.11883 ], [ 120.45739, 23.11882 ], [ 120.4574, 23.11883 ], [ 120.45739, 23.11883 ] ] ], [ [ [ 120.4574, 23.11887 ], [ 120.4574, 23.11888 ], [ 120.45739, 23.11887 ], [ 120.4574, 23.11887 ] ] ], [ [ [ 120.45772, 23.11894 ], [ 120.45773, 23.11894 ], [ 120.45772, 23.11901 ], [ 120.45772, 23.11894 ] ] ], [ [ [ 120.45765, 23.11923 ], [ 120.45764, 23.11923 ], [ 120.45765, 23.11921 ], [ 120.45765, 23.11923 ] ] ], [ [ [ 120.45763, 23.11927 ], [ 120.45763, 23.11926 ], [ 120.45764, 23.11927 ], [ 120.45763, 23.11927 ] ] ], [ [ [ 120.45764, 23.1193 ], [ 120.45764, 23.11932 ], [ 120.45763, 23.1193 ], [ 120.45764, 23.1193 ] ] ], [ [ [ 120.4574, 23.11931 ], [ 120.4574, 23.11932 ], [ 120.45739, 23.11932 ], [ 120.4574, 23.11931 ] ] ], [ [ [ 120.45745, 23.11938 ], [ 120.45745, 23.11937 ], [ 120.45746, 23.11937 ], [ 120.45745, 23.11938 ] ] ] ] }, { "type": "LineString", "coordinates": [ [ 120.45685, 23.11905 ], [ 120.45685, 23.11907 ] ] } ] } },
{ "type": "Feature", "properties": { "park_id": 441, "scenario": "2026-07-21 11:00:00 CST", "solar_alt": 74.553791940997598, "solar_az": 96.018416276456904, "canopy_min": 2.0 }, "geometry": { "type": "GeometryCollection", "geometries": [ { "type": "MultiPolygon", "coordinates": [ [ [ [ 120.1934, 23.00032 ], [ 120.1934, 23.00031 ], [ 120.19341, 23.00031 ], [ 120.1934, 23.00032 ] ] ], [ [ [ 120.19342, 23.00037 ], [ 120.19339, 23.00038 ], [ 120.1934, 23.00035 ], [ 120.19342, 23.00037 ] ] ], [ [ [ 120.19372, 23.00041 ], [ 120.19371, 23.00042 ], [ 120.19371, 23.00041 ], [ 120.19372, 23.00041 ] ] ], [ [ [ 120.19332, 23.00045 ], [ 120.19331, 23.00044 ], [ 120.19332, 23.00044 ], [ 120.19332, 23.00045 ] ] ], [ [ [ 120.19328, 23.0005 ], [ 120.19326, 23.00046 ], [ 120.19328, 23.00046 ], [ 120.19328, 23.0005 ] ] ], [ [ [ 120.19345, 23.00048 ], [ 120.19348, 23.00051 ], [ 120.19346, 23.00051 ], [ 120.19345, 23.00048 ] ] ], [ [ [ 120.19349, 23.00052 ], [ 120.19348, 23.00051 ], [ 120.19349, 23.00051 ], [ 120.19349, 23.00052 ] ] ] ] }, { "type": "LineString", "coordinates": [ [ 120.19372, 23.00038 ], [ 120.19373, 23.00038 ] ] } ] } },
{ "type": "Feature", "properties": { "park_id": 442, "scenario": "2026-07-21 11:00:00 CST", "solar_alt": 74.553791940997598, "solar_az": 96.018416276456904, "canopy_min": 2.0 }, "geometry": { "type": "GeometryCollection", "geometries": [ { "type": "MultiPolygon", "coordinates": [ [ [ [ 120.26147, 22.96851 ], [ 120.26145, 22.9685 ], [ 120.26147, 22.9685 ], [ 120.26147, 22.96851 ] ] ], [ [ [ 120.26161, 22.96853 ], [ 120.26162, 22.96854 ], [ 120.26161, 22.96854 ], [ 120.26161, 22.96853 ] ] ], [ [ [ 120.26172, 22.96911 ], [ 120.26173, 22.96912 ], [ 120.26172, 22.96912 ], [ 120.26172, 22.96911 ] ] ], [ [ [ 120.26172, 22.96928 ], [ 120.26172, 22.96924 ], [ 120.26173, 22.96928 ], [ 120.26172, 22.96928 ] ] ], [ [ [ 120.26147, 22.96962 ], [ 120.26147, 22.96961 ], [ 120.26148, 22.96962 ], [ 120.26147, 22.96962 ] ] ], [ [ [ 120.26172, 22.96961 ], [ 120.26175, 22.96967 ], [ 120.26174, 22.96967 ], [ 120.26172, 22.96961 ] ] ], [ [ [ 120.2618, 22.96903 ], [ 120.2618, 22.96905 ], [ 120.26179, 22.96903 ], [ 120.2618, 22.96903 ] ] ], [ [ [ 120.26181, 22.96935 ], [ 120.26183, 22.9694 ], [ 120.26179, 22.96939 ], [ 120.26181, 22.96935 ] ] ], [ [ [ 120.26173, 22.96956 ], [ 120.26174, 22.96958 ], [ 120.26173, 22.96958 ], [ 120.26173, 22.96956 ] ] ], [ [ [ 120.26181, 22.96975 ], [ 120.26181, 22.96974 ], [ 120.26182, 22.96975 ], [ 120.26181, 22.96975 ] ] ], [ [ [ 120.26181, 22.96975 ], [ 120.26181, 22.96978 ], [ 120.2618, 22.96975 ], [ 120.26181, 22.96975 ] ] ] ] }, { "type": "MultiLineString", "coordinates": [ [ [ 120.26135, 22.96935 ], [ 120.26135, 22.96934 ] ], [ [ 120.26139, 22.96965 ], [ 120.26139, 22.96964 ] ], [ [ 120.2614, 22.96973 ], [ 120.2614, 22.96971 ] ] ] } ] } },
{ "type": "Feature", "properties": { "park_id": 443, "scenario": "2026-07-21 11:00:00 CST", "solar_alt": 74.553791940997598, "solar_az": 96.018416276456904, "canopy_min": 2.0 }, "geometry": { "type": "GeometryCollection", "geometries": [ { "type": "MultiPolygon", "coordinates": [ [ [ [ 120.26147, 22.96851 ], [ 120.26145, 22.9685 ], [ 120.26147, 22.9685 ], [ 120.26147, 22.96851 ] ] ], [ [ [ 120.26161, 22.96853 ], [ 120.26162, 22.96854 ], [ 120.26161, 22.96854 ], [ 120.26161, 22.96853 ] ] ], [ [ [ 120.26172, 22.96911 ], [ 120.26173, 22.96912 ], [ 120.26172, 22.96912 ], [ 120.26172, 22.96911 ] ] ], [ [ [ 120.26172, 22.96928 ], [ 120.26172, 22.96924 ], [ 120.26173, 22.96928 ], [ 120.26172, 22.96928 ] ] ], [ [ [ 120.26147, 22.96962 ], [ 120.26147, 22.96961 ], [ 120.26148, 22.96962 ], [ 120.26147, 22.96962 ] ] ], [ [ [ 120.26172, 22.96961 ], [ 120.26175, 22.96967 ], [ 120.26174, 22.96967 ], [ 120.26172, 22.96961 ] ] ], [ [ [ 120.2618, 22.96903 ], [ 120.2618, 22.96905 ], [ 120.26179, 22.96903 ], [ 120.2618, 22.96903 ] ] ], [ [ [ 120.26181, 22.96935 ], [ 120.26183, 22.9694 ], [ 120.26179, 22.96939 ], [ 120.26181, 22.96935 ] ] ], [ [ [ 120.26173, 22.96956 ], [ 120.26174, 22.96958 ], [ 120.26173, 22.96958 ], [ 120.26173, 22.96956 ] ] ], [ [ [ 120.26181, 22.96975 ], [ 120.26181, 22.96974 ], [ 120.26182, 22.96975 ], [ 120.26181, 22.96975 ] ] ], [ [ [ 120.26181, 22.96975 ], [ 120.26181, 22.96978 ], [ 120.2618, 22.96975 ], [ 120.26181, 22.96975 ] ] ] ] }, { "type": "MultiLineString", "coordinates": [ [ [ 120.26135, 22.96935 ], [ 120.26135, 22.96934 ] ], [ [ 120.26139, 22.96965 ], [ 120.26139, 22.96964 ] ], [ [ 120.2614, 22.96973 ], [ 120.2614, 22.96971 ] ] ] } ] } },
{ "type": "Feature", "properties": { "park_id": 444, "scenario": "2026-07-21 11:00:00 CST", "solar_alt": 74.553791940997598, "solar_az": 96.018416276456904, "canopy_min": 2.0 }, "geometry": { "type": "GeometryCollection", "geometries": [ { "type": "MultiPolygon", "coordinates": [ [ [ [ 120.26147, 22.96851 ], [ 120.26145, 22.9685 ], [ 120.26147, 22.9685 ], [ 120.26147, 22.96851 ] ] ], [ [ [ 120.26161, 22.96853 ], [ 120.26162, 22.96854 ], [ 120.26161, 22.96854 ], [ 120.26161, 22.96853 ] ] ], [ [ [ 120.26172, 22.96911 ], [ 120.26173, 22.96912 ], [ 120.26172, 22.96912 ], [ 120.26172, 22.96911 ] ] ], [ [ [ 120.26172, 22.96928 ], [ 120.26172, 22.96924 ], [ 120.26173, 22.96928 ], [ 120.26172, 22.96928 ] ] ], [ [ [ 120.26147, 22.96962 ], [ 120.26147, 22.96961 ], [ 120.26148, 22.96962 ], [ 120.26147, 22.96962 ] ] ], [ [ [ 120.26172, 22.96961 ], [ 120.26175, 22.96967 ], [ 120.26174, 22.96967 ], [ 120.26172, 22.96961 ] ] ], [ [ [ 120.2618, 22.96903 ], [ 120.2618, 22.96905 ], [ 120.26179, 22.96903 ], [ 120.2618, 22.96903 ] ] ], [ [ [ 120.26181, 22.96935 ], [ 120.26183, 22.9694 ], [ 120.26179, 22.96939 ], [ 120.26181, 22.96935 ] ] ], [ [ [ 120.26173, 22.96956 ], [ 120.26174, 22.96958 ], [ 120.26173, 22.96958 ], [ 120.26173, 22.96956 ] ] ], [ [ [ 120.26181, 22.96975 ], [ 120.26181, 22.96974 ], [ 120.26182, 22.96975 ], [ 120.26181, 22.96975 ] ] ], [ [ [ 120.26181, 22.96975 ], [ 120.26181, 22.96978 ], [ 120.2618, 22.96975 ], [ 120.26181, 22.96975 ] ] ] ] }, { "type": "MultiLineString", "coordinates": [ [ [ 120.26135, 22.96935 ], [ 120.26135, 22.96934 ] ], [ [ 120.26139, 22.96965 ], [ 120.26139, 22.96964 ] ], [ [ 120.2614, 22.96973 ], [ 120.2614, 22.96971 ] ] ] } ] } },
{ "type": "Feature", "properties": { "park_id": 445, "scenario": "2026-07-21 11:00:00 CST", "solar_alt": 74.553791940997598, "solar_az": 96.018416276456904, "canopy_min": 2.0 }, "geometry": { "type": "GeometryCollection", "geometries": [ { "type": "MultiPolygon", "coordinates": [ [ [ [ 120.26147, 22.96851 ], [ 120.26145, 22.9685 ], [ 120.26147, 22.9685 ], [ 120.26147, 22.96851 ] ] ], [ [ [ 120.26161, 22.96853 ], [ 120.26162, 22.96854 ], [ 120.26161, 22.96854 ], [ 120.26161, 22.96853 ] ] ], [ [ [ 120.26172, 22.96911 ], [ 120.26173, 22.96912 ], [ 120.26172, 22.96912 ], [ 120.26172, 22.96911 ] ] ], [ [ [ 120.26172, 22.96928 ], [ 120.26172, 22.96924 ], [ 120.26173, 22.96928 ], [ 120.26172, 22.96928 ] ] ], [ [ [ 120.26147, 22.96962 ], [ 120.26147, 22.96961 ], [ 120.26148, 22.96962 ], [ 120.26147, 22.96962 ] ] ], [ [ [ 120.26172, 22.96961 ], [ 120.26175, 22.96967 ], [ 120.26174, 22.96967 ], [ 120.26172, 22.96961 ] ] ], [ [ [ 120.2618, 22.96903 ], [ 120.2618, 22.96905 ], [ 120.26179, 22.96903 ], [ 120.2618, 22.96903 ] ] ], [ [ [ 120.26181, 22.96935 ], [ 120.26183, 22.9694 ], [ 120.26179, 22.96939 ], [ 120.26181, 22.96935 ] ] ], [ [ [ 120.26173, 22.96956 ], [ 120.26174, 22.96958 ], [ 120.26173, 22.96958 ], [ 120.26173, 22.96956 ] ] ], [ [ [ 120.26181, 22.96975 ], [ 120.26181, 22.96974 ], [ 120.26182, 22.96975 ], [ 120.26181, 22.96975 ] ] ], [ [ [ 120.26181, 22.96975 ], [ 120.26181, 22.96978 ], [ 120.2618, 22.96975 ], [ 120.26181, 22.96975 ] ] ] ] }, { "type": "MultiLineString", "coordinates": [ [ [ 120.26135, 22.96935 ], [ 120.26135, 22.96934 ] ], [ [ 120.26139, 22.96965 ], [ 120.26139, 22.96964 ] ], [ [ 120.2614, 22.96973 ], [ 120.2614, 22.96971 ] ] ] } ] } },
{ "type": "Feature", "properties": { "park_id": 446, "scenario": "2026-07-21 11:00:00 CST", "solar_alt": 74.553791940997598, "solar_az": 96.018416276456904, "canopy_min": 2.0 }, "geometry": { "type": "GeometryCollection", "geometries": [ { "type": "MultiPolygon", "coordinates": [ [ [ [ 120.26147, 22.96851 ], [ 120.26145, 22.9685 ], [ 120.26147, 22.9685 ], [ 120.26147, 22.96851 ] ] ], [ [ [ 120.26161, 22.96853 ], [ 120.26162, 22.96854 ], [ 120.26161, 22.96854 ], [ 120.26161, 22.96853 ] ] ], [ [ [ 120.26172, 22.96911 ], [ 120.26173, 22.96912 ], [ 120.26172, 22.96912 ], [ 120.26172, 22.96911 ] ] ], [ [ [ 120.26172, 22.96928 ], [ 120.26172, 22.96924 ], [ 120.26173, 22.96928 ], [ 120.26172, 22.96928 ] ] ], [ [ [ 120.26147, 22.96962 ], [ 120.26147, 22.96961 ], [ 120.26148, 22.96962 ], [ 120.26147, 22.96962 ] ] ], [ [ [ 120.26172, 22.96961 ], [ 120.26175, 22.96967 ], [ 120.26174, 22.96967 ], [ 120.26172, 22.96961 ] ] ], [ [ [ 120.2618, 22.96903 ], [ 120.2618, 22.96905 ], [ 120.26179, 22.96903 ], [ 120.2618, 22.96903 ] ] ], [ [ [ 120.26181, 22.96935 ], [ 120.26183, 22.9694 ], [ 120.26179, 22.96939 ], [ 120.26181, 22.96935 ] ] ], [ [ [ 120.26173, 22.96956 ], [ 120.26174, 22.96958 ], [ 120.26173, 22.96958 ], [ 120.26173, 22.96956 ] ] ], [ [ [ 120.26181, 22.96975 ], [ 120.26181, 22.96974 ], [ 120.26182, 22.96975 ], [ 120.26181, 22.96975 ] ] ], [ [ [ 120.26181, 22.96975 ], [ 120.26181, 22.96978 ], [ 120.2618, 22.96975 ], [ 120.26181, 22.96975 ] ] ] ] }, { "type": "MultiLineString", "coordinates": [ [ [ 120.26135, 22.96935 ], [ 120.26135, 22.96934 ] ], [ [ 120.26139, 22.96965 ], [ 120.26139, 22.96964 ] ], [ [ 120.2614, 22.96973 ], [ 120.2614, 22.96971 ] ] ] } ] } },
{ "type": "Feature", "properties": { "park_id": 447, "scenario": "2026-07-21 11:00:00 CST", "solar_alt": 74.553791940997598, "solar_az": 96.018416276456904, "canopy_min": 2.0 }, "geometry": { "type": "Polygon", "coordinates": [ [ [ 120.25952, 22.9685 ], [ 120.25953, 22.9685 ], [ 120.25953, 22.96851 ], [ 120.25952, 22.9685 ] ] ] } },
{ "type": "Feature", "properties": { "park_id": 448, "scenario": "2026-07-21 11:00:00 CST", "solar_alt": 74.553791940997598, "solar_az": 96.018416276456904, "canopy_min": 2.0 }, "geometry": { "type": "GeometryCollection", "geometries": [ { "type": "MultiPolygon", "coordinates": [ [ [ [ 120.25195, 22.96513 ], [ 120.25196, 22.96513 ], [ 120.25195, 22.96514 ], [ 120.25195, 22.96513 ] ] ], [ [ [ 120.25183, 22.96523 ], [ 120.25183, 22.96524 ], [ 120.25182, 22.96523 ], [ 120.25183, 22.96523 ] ] ] ] }, { "type": "LineString", "coordinates": [ [ 120.2516, 22.96523 ], [ 120.25161, 22.96523 ] ] } ] } },
{ "type": "Feature", "properties": { "park_id": 451, "scenario": "2026-07-21 11:00:00 CST", "solar_alt": 74.553791940997598, "solar_az": 96.018416276456904, "canopy_min": 2.0 }, "geometry": { "type": "GeometryCollection", "geometries": [ { "type": "MultiPolygon", "coordinates": [ [ [ [ 120.22637, 23.0038 ], [ 120.22637, 23.00379 ], [ 120.22638, 23.00379 ], [ 120.22637, 23.0038 ] ] ], [ [ [ 120.22642, 23.00386 ], [ 120.22642, 23.00383 ], [ 120.22643, 23.00384 ], [ 120.22642, 23.00386 ] ] ], [ [ [ 120.22643, 23.00388 ], [ 120.22643, 23.00386 ], [ 120.22644, 23.00386 ], [ 120.22643, 23.00388 ] ] ], [ [ [ 120.22645, 23.00388 ], [ 120.22644, 23.00389 ], [ 120.22644, 23.00388 ], [ 120.22645, 23.00388 ] ] ], [ [ [ 120.22638, 23.00398 ], [ 120.22639, 23.00397 ], [ 120.22639, 23.00398 ], [ 120.22638, 23.00398 ] ] ] ] }, { "type": "GeometryCollection", "geometries": [ { "type": "Point", "coordinates": [ 120.22629, 23.00362 ] }, { "type": "LineString", "coordinates": [ [ 120.226, 23.00411 ], [ 120.226, 23.0041 ] ] } ] }, { "type": "MultiPoint", "coordinates": [ [ 120.22586, 23.00393 ], [ 120.22589, 23.00397 ] ] } ] } },
{ "type": "Feature", "properties": { "park_id": 452, "scenario": "2026-07-21 11:00:00 CST", "solar_alt": 74.553791940997598, "solar_az": 96.018416276456904, "canopy_min": 2.0 }, "geometry": { "type": "MultiPolygon", "coordinates": [ [ [ [ 120.22457, 23.00495 ], [ 120.22457, 23.00494 ], [ 120.22458, 23.00494 ], [ 120.22457, 23.00495 ] ] ], [ [ [ 120.22453, 23.00526 ], [ 120.22453, 23.00525 ], [ 120.22454, 23.00525 ], [ 120.22453, 23.00526 ] ] ] ] } },
{ "type": "Feature", "properties": { "park_id": 453, "scenario": "2026-07-21 11:00:00 CST", "solar_alt": 74.553791940997598, "solar_az": 96.018416276456904, "canopy_min": 2.0 }, "geometry": { "type": "GeometryCollection", "geometries": [ { "type": "MultiPolygon", "coordinates": [ [ [ [ 120.31934, 23.27965 ], [ 120.31934, 23.27964 ], [ 120.31935, 23.27964 ], [ 120.31934, 23.27965 ] ] ], [ [ [ 120.31934, 23.27971 ], [ 120.31935, 23.27971 ], [ 120.31935, 23.27973 ], [ 120.31934, 23.27971 ] ] ], [ [ [ 120.31962, 23.27992 ], [ 120.31962, 23.27988 ], [ 120.31963, 23.27988 ], [ 120.31962, 23.27992 ] ] ], [ [ [ 120.31938, 23.27998 ], [ 120.31938, 23.27999 ], [ 120.31937, 23.27999 ], [ 120.31938, 23.27998 ] ] ] ] }, { "type": "MultiLineString", "coordinates": [ [ [ 120.31935, 23.27973 ], [ 120.31935, 23.27974 ] ], [ [ 120.31941, 23.28011 ], [ 120.3194, 23.28011 ] ] ] } ] } },
{ "type": "Feature", "properties": { "park_id": 454, "scenario": "2026-07-21 11:00:00 CST", "solar_alt": 74.553791940997598, "solar_az": 96.018416276456904, "canopy_min": 2.0 }, "geometry": { "type": "GeometryCollection", "geometries": [ { "type": "MultiPolygon", "coordinates": [ [ [ [ 120.21339, 23.0491 ], [ 120.21339, 23.04909 ], [ 120.2134, 23.0491 ], [ 120.21339, 23.0491 ] ] ], [ [ [ 120.21338, 23.04913 ], [ 120.21337, 23.04913 ], [ 120.21337, 23.04911 ], [ 120.21338, 23.04913 ] ] ], [ [ [ 120.21336, 23.04919 ], [ 120.21336, 23.04913 ], [ 120.21338, 23.04914 ], [ 120.21336, 23.04919 ] ] ] ] }, { "type": "LineString", "coordinates": [ [ 120.21363, 23.04909 ], [ 120.21362, 23.04909 ] ] }, { "type": "Point", "coordinates": [ 120.21339, 23.04921 ] } ] } },
{ "type": "Feature", "properties": { "park_id": 456, "scenario": "2026-07-21 11:00:00 CST", "solar_alt": 74.553791940997598, "solar_az": 96.018416276456904, "canopy_min": 2.0 }, "geometry": { "type": "GeometryCollection", "geometries": [ { "type": "MultiPolygon", "coordinates": [ [ [ [ 120.18328, 23.00823 ], [ 120.18328, 23.00829 ], [ 120.18327, 23.00829 ], [ 120.18328, 23.00823 ] ] ], [ [ [ 120.18308, 23.00874 ], [ 120.18307, 23.00874 ], [ 120.18307, 23.00873 ], [ 120.18308, 23.00874 ] ] ], [ [ [ 120.18367, 23.00877 ], [ 120.18368, 23.00877 ], [ 120.18368, 23.00878 ], [ 120.18367, 23.00877 ] ] ], [ [ [ 120.18367, 23.00879 ], [ 120.18368, 23.0088 ], [ 120.18367, 23.0088 ], [ 120.18367, 23.00879 ] ] ], [ [ [ 120.1835, 23.00879 ], [ 120.18352, 23.00888 ], [ 120.1835, 23.00889 ], [ 120.1835, 23.00879 ] ] ] ] }, { "type": "MultiLineString", "coordinates": [ [ [ 120.18336, 23.00905 ], [ 120.18336, 23.00904 ] ], [ [ 120.18333, 23.00912 ], [ 120.18333, 23.00911 ] ], [ [ 120.1834, 23.00895 ], [ 120.1834, 23.00894 ] ] ] }, { "type": "MultiPoint", "coordinates": [ [ 120.18334, 23.00909 ], [ 120.18337, 23.00902 ], [ 120.18339, 23.00897 ], [ 120.18342, 23.0089 ] ] } ] } },
{ "type": "Feature", "properties": { "park_id": 457, "scenario": "2026-07-21 11:00:00 CST", "solar_alt": 74.553791940997598, "solar_az": 96.018416276456904, "canopy_min": 2.0 }, "geometry": { "type": "GeometryCollection", "geometries": [ { "type": "MultiPolygon", "coordinates": [ [ [ [ 120.18256, 23.00605 ], [ 120.18256, 23.00606 ], [ 120.18255, 23.00606 ], [ 120.18256, 23.00605 ] ] ], [ [ [ 120.1822, 23.00608 ], [ 120.1822, 23.00611 ], [ 120.18219, 23.00611 ], [ 120.1822, 23.00608 ] ] ], [ [ [ 120.18236, 23.00614 ], [ 120.18236, 23.00615 ], [ 120.18235, 23.00615 ], [ 120.18236, 23.00614 ] ] ], [ [ [ 120.18248, 23.00617 ], [ 120.18249, 23.00615 ], [ 120.18249, 23.00617 ], [ 120.18248, 23.00617 ] ] ], [ [ [ 120.18243, 23.00634 ], [ 120.18244, 23.00631 ], [ 120.18244, 23.00634 ], [ 120.18243, 23.00634 ] ] ] ] }, { "type": "GeometryCollection", "geometries": [ { "type": "Point", "coordinates": [ 120.18195, 23.00595 ] }, { "type": "LineString", "coordinates": [ [ 120.18193, 23.00601 ], [ 120.18192, 23.00601 ] ] } ] } ] } },
{ "type": "Feature", "properties": { "park_id": 458, "scenario": "2026-07-21 11:00:00 CST", "solar_alt": 74.553791940997598, "solar_az": 96.018416276456904, "canopy_min": 2.0 }, "geometry": { "type": "GeometryCollection", "geometries": [ { "type": "MultiPolygon", "coordinates": [ [ [ [ 120.19788, 23.01665 ], [ 120.19789, 23.01663 ], [ 120.19789, 23.01665 ], [ 120.19788, 23.01665 ] ] ], [ [ [ 120.1979, 23.01665 ], [ 120.19789, 23.01666 ], [ 120.19789, 23.01665 ], [ 120.1979, 23.01665 ] ] ], [ [ [ 120.19789, 23.01669 ], [ 120.19788, 23.01666 ], [ 120.19789, 23.01666 ], [ 120.19789, 23.01669 ] ] ], [ [ [ 120.1978, 23.01671 ], [ 120.19781, 23.01675 ], [ 120.1978, 23.01675 ], [ 120.1978, 23.01671 ] ] ], [ [ [ 120.19768, 23.01683 ], [ 120.19767, 23.01682 ], [ 120.19768, 23.01682 ], [ 120.19768, 23.01683 ] ] ], [ [ [ 120.19767, 23.01685 ], [ 120.19768, 23.01686 ], [ 120.19767, 23.01686 ], [ 120.19767, 23.01685 ] ] ], [ [ [ 120.19773, 23.0169 ], [ 120.19772, 23.01691 ], [ 120.19772, 23.0169 ], [ 120.19773, 23.0169 ] ] ], [ [ [ 120.19775, 23.01691 ], [ 120.19775, 23.01693 ], [ 120.19774, 23.01691 ], [ 120.19775, 23.01691 ] ] ], [ [ [ 120.19781, 23.01701 ], [ 120.19782, 23.01701 ], [ 120.19779, 23.01708 ], [ 120.19781, 23.01701 ] ] ] ] }, { "type": "LineString", "coordinates": [ [ 120.19745, 23.0165 ], [ 120.19745, 23.01649 ] ] }, { "type": "Point", "coordinates": [ 120.19743, 23.0167 ] } ] } },
{ "type": "Feature", "properties": { "park_id": 459, "scenario": "2026-07-21 11:00:00 CST", "solar_alt": 74.553791940997598, "solar_az": 96.018416276456904, "canopy_min": 2.0 }, "geometry": { "type": "GeometryCollection", "geometries": [ { "type": "MultiPolygon", "coordinates": [ [ [ [ 120.18819, 23.01235 ], [ 120.1882, 23.01235 ], [ 120.18819, 23.01236 ], [ 120.18819, 23.01235 ] ] ], [ [ [ 120.1882, 23.01238 ], [ 120.1882, 23.01237 ], [ 120.18821, 23.01237 ], [ 120.1882, 23.01238 ] ] ], [ [ [ 120.1882, 23.0124 ], [ 120.1882, 23.01239 ], [ 120.18821, 23.01239 ], [ 120.1882, 23.0124 ] ] ] ] }, { "type": "Point", "coordinates": [ 120.18804, 23.01219 ] } ] } },
{ "type": "Feature", "properties": { "park_id": 460, "scenario": "2026-07-21 11:00:00 CST", "solar_alt": 74.553791940997598, "solar_az": 96.018416276456904, "canopy_min": 2.0 }, "geometry": { "type": "GeometryCollection", "geometries": [ { "type": "MultiPolygon", "coordinates": [ [ [ [ 120.18972, 23.01547 ], [ 120.18969, 23.01545 ], [ 120.1897, 23.01541 ], [ 120.18972, 23.01547 ] ] ], [ [ [ 120.18957, 23.01573 ], [ 120.18957, 23.01571 ], [ 120.18958, 23.01571 ], [ 120.18957, 23.01573 ] ] ], [ [ [ 120.18958, 23.01577 ], [ 120.18957, 23.01577 ], [ 120.18957, 23.01576 ], [ 120.18958, 23.01577 ] ] ] ] }, { "type": "Point", "coordinates": [ 120.18949, 23.01586 ] } ] } },
{ "type": "Feature", "properties": { "park_id": 461, "scenario": "2026-07-21 11:00:00 CST", "solar_alt": 74.553791940997598, "solar_az": 96.018416276456904, "canopy_min": 2.0 }, "geometry": { "type": "MultiPolygon", "coordinates": [ [ [ [ 120.18957, 23.0047 ], [ 120.18956, 23.0047 ], [ 120.18956, 23.00469 ], [ 120.18957, 23.0047 ] ] ], [ [ [ 120.18968, 23.0048 ], [ 120.18966, 23.00481 ], [ 120.18967, 23.00473 ], [ 120.18968, 23.0048 ] ] ], [ [ [ 120.18957, 23.00482 ], [ 120.18957, 23.00484 ], [ 120.18956, 23.00484 ], [ 120.18957, 23.00482 ] ] ], [ [ [ 120.18931, 23.00488 ], [ 120.1893, 23.00488 ], [ 120.1893, 23.00487 ], [ 120.18931, 23.00488 ] ] ], [ [ [ 120.18944, 23.00489 ], [ 120.18945, 23.00489 ], [ 120.18945, 23.0049 ], [ 120.18944, 23.00489 ] ] ], [ [ [ 120.18917, 23.00497 ], [ 120.18918, 23.00497 ], [ 120.18918, 23.00498 ], [ 120.18917, 23.00497 ] ] ] ] } },
{ "type": "Feature", "properties": { "park_id": 462, "scenario": "2026-07-21 11:00:00 CST", "solar_alt": 74.553791940997598, "solar_az": 96.018416276456904, "canopy_min": 2.0 }, "geometry": { "type": "GeometryCollection", "geometries": [ { "type": "MultiPolygon", "coordinates": [ [ [ [ 120.19696, 23.01118 ], [ 120.19695, 23.01118 ], [ 120.19695, 23.01117 ], [ 120.19696, 23.01118 ] ] ], [ [ [ 120.19696, 23.01118 ], [ 120.19697, 23.01118 ], [ 120.19697, 23.01119 ], [ 120.19696, 23.01118 ] ] ], [ [ [ 120.1969, 23.01135 ], [ 120.19691, 23.01135 ], [ 120.19691, 23.01137 ], [ 120.1969, 23.01135 ] ] ], [ [ [ 120.1969, 23.01139 ], [ 120.19689, 23.01137 ], [ 120.1969, 23.01137 ], [ 120.1969, 23.01139 ] ] ], [ [ [ 120.19689, 23.0115 ], [ 120.19688, 23.01149 ], [ 120.19689, 23.01149 ], [ 120.19689, 23.0115 ] ] ] ] }, { "type": "MultiLineString", "coordinates": [ [ [ 120.19687, 23.01154 ], [ 120.19688, 23.01154 ] ], [ [ 120.19649, 23.01163 ], [ 120.1965, 23.01163 ] ] ] } ] } },
{ "type": "Feature", "properties": { "park_id": 463, "scenario": "2026-07-21 11:00:00 CST", "solar_alt": 74.553791940997598, "solar_az": 96.018416276456904, "canopy_min": 2.0 }, "geometry": { "type": "GeometryCollection", "geometries": [ { "type": "MultiPolygon", "coordinates": [ [ [ [ 120.17932, 22.99543 ], [ 120.17933, 22.99543 ], [ 120.17933, 22.99552 ], [ 120.17931, 22.99546 ], [ 120.17932, 22.99543 ] ] ], [ [ [ 120.17957, 22.99548 ], [ 120.17958, 22.99548 ], [ 120.17958, 22.99553 ], [ 120.17957, 22.99548 ] ] ], [ [ [ 120.17982, 22.99551 ], [ 120.17982, 22.99553 ], [ 120.17981, 22.99553 ], [ 120.17982, 22.99551 ] ] ], [ [ [ 120.17956, 22.99555 ], [ 120.17955, 22.99555 ], [ 120.17955, 22.99552 ], [ 120.17956, 22.99555 ] ] ], [ [ [ 120.17979, 22.99554 ], [ 120.1798, 22.99554 ], [ 120.1798, 22.99555 ], [ 120.17979, 22.99554 ] ] ], [ [ [ 120.17931, 22.99559 ], [ 120.1793, 22.99559 ], [ 120.1793, 22.99551 ], [ 120.17931, 22.99559 ] ] ], [ [ [ 120.17932, 22.99555 ], [ 120.17933, 22.99555 ], [ 120.17933, 22.99556 ], [ 120.17932, 22.99555 ] ] ], [ [ [ 120.17981, 22.99559 ], [ 120.1798, 22.99559 ], [ 120.1798, 22.99555 ], [ 120.17981, 22.99555 ], [ 120.17981, 22.99559 ] ] ], [ [ [ 120.17982, 22.99561 ], [ 120.17981, 22.9956 ], [ 120.17982, 22.9956 ], [ 120.17982, 22.99561 ] ] ], [ [ [ 120.17929, 22.99563 ], [ 120.17929, 22.99565 ], [ 120.17928, 22.99565 ], [ 120.17929, 22.99563 ] ] ], [ [ [ 120.17975, 22.99572 ], [ 120.17974, 22.99572 ], [ 120.17974, 22.99571 ], [ 120.17975, 22.99572 ] ] ], [ [ [ 120.17973, 22.99575 ], [ 120.17973, 22.99573 ], [ 120.17974, 22.99573 ], [ 120.17973, 22.99575 ] ] ], [ [ [ 120.17934, 22.99582 ], [ 120.17933, 22.99582 ], [ 120.17933, 22.99573 ], [ 120.17934, 22.99582 ] ] ], [ [ [ 120.17974, 22.99579 ], [ 120.17973, 22.99579 ], [ 120.17973, 22.99577 ], [ 120.17974, 22.99579 ] ] ], [ [ [ 120.17939, 22.99587 ], [ 120.17938, 22.99587 ], [ 120.17938, 22.99586 ], [ 120.17939, 22.99587 ] ] ], [ [ [ 120.17938, 22.9959 ], [ 120.17938, 22.99588 ], [ 120.17939, 22.99588 ], [ 120.17938, 22.9959 ] ] ], [ [ [ 120.17937, 22.99592 ], [ 120.17936, 22.9959 ], [ 120.17937, 22.9959 ], [ 120.17937, 22.99592 ] ] ], [ [ [ 120.17937, 22.99594 ], [ 120.17936, 22.99593 ], [ 120.17937, 22.99593 ], [ 120.17937, 22.99594 ] ] ], [ [ [ 120.17994, 22.99552 ], [ 120.17993, 22.99552 ], [ 120.17993, 22.99551 ], [ 120.17994, 22.99552 ] ] ], [ [ [ 120.18029, 22.99553 ], [ 120.18028, 22.9955 ], [ 120.18029, 22.99551 ], [ 120.18029, 22.99553 ] ] ], [ [ [ 120.18031, 22.99553 ], [ 120.18032, 22.99553 ], [ 120.18032, 22.99556 ], [ 120.18031, 22.99553 ] ] ], [ [ [ 120.18036, 22.99559 ], [ 120.18036, 22.99562 ], [ 120.18034, 22.9956 ], [ 120.18036, 22.99559 ] ] ], [ [ [ 120.17981, 22.99564 ], [ 120.17982, 22.99564 ], [ 120.17982, 22.99565 ], [ 120.17981, 22.99564 ] ] ], [ [ [ 120.18008, 22.99583 ], [ 120.18009, 22.99583 ], [ 120.18009, 22.99587 ], [ 120.18008, 22.99583 ] ] ], [ [ [ 120.18028, 22.99592 ], [ 120.18028, 22.99591 ], [ 120.18029, 22.99591 ], [ 120.18028, 22.99592 ] ] ], [ [ [ 120.18047, 22.99605 ], [ 120.18048, 22.99608 ], [ 120.18047, 22.99608 ], [ 120.18047, 22.99605 ] ] ], [ [ [ 120.18048, 22.99614 ], [ 120.18049, 22.99618 ], [ 120.18048, 22.99618 ], [ 120.18048, 22.99614 ] ] ], [ [ [ 120.1804, 22.99625 ], [ 120.18041, 22.99625 ], [ 120.18041, 22.99626 ], [ 120.1804, 22.99625 ] ] ], [ [ [ 120.18009, 22.99633 ], [ 120.1801, 22.99633 ], [ 120.1801, 22.99635 ], [ 120.18009, 22.99633 ] ] ], [ [ [ 120.18012, 22.99639 ], [ 120.18012, 22.9964 ], [ 120.18011, 22.9964 ], [ 120.18012, 22.99639 ] ] ], [ [ [ 120.18054, 22.99659 ], [ 120.18052, 22.99659 ], [ 120.18052, 22.99657 ], [ 120.18054, 22.99659 ] ] ], [ [ [ 120.18046, 22.9967 ], [ 120.18045, 22.9967 ], [ 120.18045, 22.99669 ], [ 120.18046, 22.9967 ] ] ], [ [ [ 120.18028, 22.9967 ], [ 120.18029, 22.9967 ], [ 120.18029, 22.99671 ], [ 120.18028, 22.9967 ] ] ], [ [ [ 120.18046, 22.9967 ], [ 120.18047, 22.9967 ], [ 120.18047, 22.99673 ], [ 120.18046, 22.9967 ] ] ], [ [ [ 120.18002, 22.99689 ], [ 120.18003, 22.99691 ], [ 120.18002, 22.99691 ], [ 120.18002, 22.99689 ] ] ], [ [ [ 120.18003, 22.99692 ], [ 120.18002, 22.99693 ], [ 120.18002, 22.99692 ], [ 120.18003, 22.99692 ] ] ] ] }, { "type": "MultiLineString", "coordinates": [ [ [ 120.17934, 22.99675 ], [ 120.17934, 22.99676 ] ], [ [ 120.1802, 22.99622 ], [ 120.18021, 22.99622 ] ], [ [ 120.1801, 22.99631 ], [ 120.18009, 22.99631 ] ] ] }, { "type": "MultiPoint", "coordinates": [ [ 120.1793, 22.99646 ], [ 120.17931, 22.99653 ], [ 120.17935, 22.99683 ] ] } ] } },
{ "type": "Feature", "properties": { "park_id": 464, "scenario": "2026-07-21 11:00:00 CST", "solar_alt": 74.553791940997598, "solar_az": 96.018416276456904, "canopy_min": 2.0 }, "geometry": { "type": "GeometryCollection", "geometries": [ { "type": "MultiPolygon", "coordinates": [ [ [ [ 120.1837, 22.99945 ], [ 120.18369, 22.99944 ], [ 120.1837, 22.99944 ], [ 120.1837, 22.99945 ] ] ], [ [ [ 120.18368, 22.99951 ], [ 120.18369, 22.99952 ], [ 120.18368, 22.99952 ], [ 120.18368, 22.99951 ] ] ], [ [ [ 120.18368, 22.99953 ], [ 120.18369, 22.9996 ], [ 120.18368, 22.9996 ], [ 120.18368, 22.99953 ] ] ], [ [ [ 120.18381, 22.99971 ], [ 120.18381, 22.99972 ], [ 120.1838, 22.99971 ], [ 120.18381, 22.99971 ] ] ], [ [ [ 120.18379, 22.99972 ], [ 120.18379, 22.99973 ], [ 120.18378, 22.99972 ], [ 120.18379, 22.99972 ] ] ], [ [ [ 120.18377, 22.99973 ], [ 120.18378, 22.99974 ], [ 120.18377, 22.99974 ], [ 120.18377, 22.99973 ] ] ], [ [ [ 120.18418, 22.99959 ], [ 120.18418, 22.99962 ], [ 120.18417, 22.99959 ], [ 120.18418, 22.99959 ] ] ], [ [ [ 120.18392, 22.99962 ], [ 120.18392, 22.99961 ], [ 120.18393, 22.99962 ], [ 120.18392, 22.99962 ] ] ], [ [ [ 120.1839, 22.99964 ], [ 120.18391, 22.99965 ], [ 120.1839, 22.99965 ], [ 120.1839, 22.99964 ] ] ], [ [ [ 120.18382, 22.9997 ], [ 120.18382, 22.99971 ], [ 120.18381, 22.9997 ], [ 120.18382, 22.9997 ] ] ], [ [ [ 120.18415, 22.99984 ], [ 120.18415, 22.99983 ], [ 120.18416, 22.99984 ], [ 120.18415, 22.99984 ] ] ] ] }, { "type": "LineString", "coordinates": [ [ 120.18367, 22.99995 ], [ 120.18366, 22.99995 ] ] } ] } },
{ "type": "Feature", "properties": { "park_id": 465, "scenario": "2026-07-21 11:00:00 CST", "solar_alt": 74.553791940997598, "solar_az": 96.018416276456904, "canopy_min": 2.0 }, "geometry": { "type": "GeometryCollection", "geometries": [ { "type": "MultiPolygon", "coordinates": [ [ [ [ 120.34305, 23.23143 ], [ 120.34306, 23.23142 ], [ 120.34306, 23.23143 ], [ 120.34305, 23.23143 ] ] ], [ [ [ 120.34243, 23.23178 ], [ 120.34242, 23.23178 ], [ 120.34243, 23.2317 ], [ 120.34243, 23.23178 ] ] ], [ [ [ 120.34213, 23.23182 ], [ 120.34212, 23.23182 ], [ 120.34213, 23.23178 ], [ 120.34213, 23.23182 ] ] ], [ [ [ 120.34226, 23.23191 ], [ 120.34227, 23.2319 ], [ 120.34227, 23.23191 ], [ 120.34226, 23.23191 ] ] ], [ [ [ 120.34226, 23.23192 ], [ 120.34226, 23.23196 ], [ 120.34225, 23.23192 ], [ 120.34226, 23.23192 ] ] ], [ [ [ 120.34226, 23.23196 ], [ 120.34227, 23.23196 ], [ 120.34227, 23.23197 ], [ 120.34226, 23.23197 ], [ 120.34226, 23.23196 ] ] ], [ [ [ 120.34337, 23.23107 ], [ 120.34338, 23.23107 ], [ 120.34338, 23.23108 ], [ 120.34337, 23.23107 ] ] ], [ [ [ 120.34338, 23.2311 ], [ 120.34337, 23.2311 ], [ 120.34338, 23.23109 ], [ 120.34338, 23.2311 ] ] ], [ [ [ 120.34347, 23.23124 ], [ 120.34346, 23.23124 ], [ 120.34347, 23.23122 ], [ 120.34347, 23.23124 ] ] ], [ [ [ 120.34334, 23.23127 ], [ 120.34334, 23.23134 ], [ 120.34333, 23.2313 ], [ 120.34334, 23.23127 ] ] ], [ [ [ 120.34318, 23.23136 ], [ 120.34318, 23.23135 ], [ 120.34319, 23.23136 ], [ 120.34318, 23.23136 ] ] ], [ [ [ 120.34325, 23.23147 ], [ 120.34326, 23.23147 ], [ 120.34325, 23.23153 ], [ 120.34325, 23.23147 ] ] ] ] }, { "type": "MultiLineString", "coordinates": [ [ [ 120.3422, 23.23235 ], [ 120.3422, 23.23234 ] ], [ [ 120.34344, 23.23073 ], [ 120.34345, 23.23073 ] ] ] }, { "type": "MultiPoint", "coordinates": [ [ 120.34219, 23.23231 ], [ 120.34359, 23.2307 ], [ 120.34378, 23.23065 ] ] } ] } },
{ "type": "Feature", "properties": { "park_id": 466, "scenario": "2026-07-21 11:00:00 CST", "solar_alt": 74.553791940997598, "solar_az": 96.018416276456904, "canopy_min": 2.0 }, "geometry": { "type": "MultiPolygon", "coordinates": [ [ [ [ 120.20687, 23.01396 ], [ 120.20687, 23.01397 ], [ 120.20686, 23.01397 ], [ 120.20687, 23.01396 ] ] ], [ [ [ 120.20726, 23.01414 ], [ 120.20725, 23.01414 ], [ 120.20725, 23.01409 ], [ 120.20726, 23.01414 ] ] ], [ [ [ 120.20728, 23.01415 ], [ 120.20727, 23.01415 ], [ 120.20727, 23.01414 ], [ 120.20728, 23.01415 ] ] ], [ [ [ 120.20724, 23.01422 ], [ 120.20725, 23.01422 ], [ 120.20725, 23.01425 ], [ 120.20724, 23.01422 ] ] ], [ [ [ 120.20723, 23.01426 ], [ 120.20722, 23.01426 ], [ 120.20722, 23.01425 ], [ 120.20723, 23.01426 ] ] ], [ [ [ 120.20706, 23.01432 ], [ 120.20706, 23.01429 ], [ 120.20708, 23.01429 ], [ 120.20708, 23.0143 ], [ 120.20706, 23.01432 ] ] ], [ [ [ 120.20688, 23.01436 ], [ 120.20689, 23.01436 ], [ 120.20689, 23.01437 ], [ 120.20688, 23.01436 ] ] ], [ [ [ 120.20747, 23.01401 ], [ 120.20746, 23.01401 ], [ 120.20747, 23.014 ], [ 120.20747, 23.01401 ] ] ], [ [ [ 120.20759, 23.01401 ], [ 120.20758, 23.01401 ], [ 120.20758, 23.014 ], [ 120.20759, 23.01401 ] ] ], [ [ [ 120.20747, 23.01403 ], [ 120.20746, 23.01403 ], [ 120.20746, 23.01402 ], [ 120.20747, 23.01403 ] ] ], [ [ [ 120.20767, 23.01407 ], [ 120.20766, 23.01407 ], [ 120.20766, 23.01406 ], [ 120.20767, 23.01407 ] ] ], [ [ [ 120.20777, 23.01413 ], [ 120.20776, 23.01413 ], [ 120.20776, 23.01412 ], [ 120.20777, 23.01413 ] ] ], [ [ [ 120.20778, 23.01417 ], [ 120.20778, 23.01412 ], [ 120.20779, 23.01415 ], [ 120.20778, 23.01417 ] ] ] ] } },
{ "type": "Feature", "properties": { "park_id": 467, "scenario": "2026-07-21 11:00:00 CST", "solar_alt": 74.553791940997598, "solar_az": 96.018416276456904, "canopy_min": 2.0 }, "geometry": { "type": "GeometryCollection", "geometries": [ { "type": "MultiPolygon", "coordinates": [ [ [ [ 120.2047, 23.01316 ], [ 120.20471, 23.01317 ], [ 120.2047, 23.01317 ], [ 120.2047, 23.01316 ] ] ], [ [ [ 120.20452, 23.01321 ], [ 120.20452, 23.01318 ], [ 120.20453, 23.01321 ], [ 120.20452, 23.01321 ] ] ], [ [ [ 120.20456, 23.01339 ], [ 120.20456, 23.01333 ], [ 120.20457, 23.01339 ], [ 120.20456, 23.01339 ] ] ], [ [ [ 120.20484, 23.01338 ], [ 120.20482, 23.01349 ], [ 120.20483, 23.01337 ], [ 120.20484, 23.01338 ] ] ], [ [ [ 120.20472, 23.01368 ], [ 120.20471, 23.01368 ], [ 120.20472, 23.01365 ], [ 120.20472, 23.01368 ] ] ], [ [ [ 120.20474, 23.0137 ], [ 120.20473, 23.0137 ], [ 120.20474, 23.01369 ], [ 120.20474, 23.0137 ] ] ], [ [ [ 120.20478, 23.01374 ], [ 120.20481, 23.01372 ], [ 120.20481, 23.0138 ], [ 120.20478, 23.01374 ] ] ], [ [ [ 120.20493, 23.01324 ], [ 120.20493, 23.01323 ], [ 120.20495, 23.01325 ], [ 120.20493, 23.01324 ] ] ], [ [ [ 120.20485, 23.01351 ], [ 120.20484, 23.01351 ], [ 120.20485, 23.0134 ], [ 120.20485, 23.01351 ] ] ], [ [ [ 120.20487, 23.01363 ], [ 120.20488, 23.01369 ], [ 120.20484, 23.01367 ], [ 120.20486, 23.01363 ], [ 120.20487, 23.01363 ] ] ], [ [ [ 120.20483, 23.01381 ], [ 120.20483, 23.01379 ], [ 120.20484, 23.01381 ], [ 120.20483, 23.01381 ] ] ], [ [ [ 120.20486, 23.01381 ], [ 120.20487, 23.01381 ], [ 120.20486, 23.01382 ], [ 120.20486, 23.01381 ] ] ], [ [ [ 120.20504, 23.01387 ], [ 120.20505, 23.01387 ], [ 120.20504, 23.01389 ], [ 120.20504, 23.01387 ] ] ] ] }, { "type": "MultiLineString", "coordinates": [ [ [ 120.20472, 23.01315 ], [ 120.20471, 23.01315 ] ], [ [ 120.20424, 23.0133 ], [ 120.20424, 23.01329 ] ], [ [ 120.20424, 23.01334 ], [ 120.20424, 23.01333 ] ], [ [ 120.20486, 23.01381 ], [ 120.20485, 23.01381 ] ] ] } ] } },
{ "type": "Feature", "properties": { "park_id": 468, "scenario": "2026-07-21 11:00:00 CST", "solar_alt": 74.553791940997598, "solar_az": 96.018416276456904, "canopy_min": 2.0 }, "geometry": { "type": "GeometryCollection", "geometries": [ { "type": "MultiPolygon", "coordinates": [ [ [ [ 120.1991, 23.00275 ], [ 120.1991, 23.00274 ], [ 120.19911, 23.00275 ], [ 120.1991, 23.00275 ] ] ], [ [ [ 120.19906, 23.0028 ], [ 120.19906, 23.00278 ], [ 120.19907, 23.0028 ], [ 120.19906, 23.0028 ] ] ], [ [ [ 120.19906, 23.00283 ], [ 120.19906, 23.00282 ], [ 120.19907, 23.00283 ], [ 120.19906, 23.00283 ] ] ], [ [ [ 120.19855, 23.00286 ], [ 120.19856, 23.00286 ], [ 120.19856, 23.00287 ], [ 120.19855, 23.00286 ] ] ], [ [ [ 120.19884, 23.00292 ], [ 120.19883, 23.00292 ], [ 120.19883, 23.00291 ], [ 120.19884, 23.00292 ] ] ], [ [ [ 120.19838, 23.00298 ], [ 120.19838, 23.00295 ], [ 120.19839, 23.00298 ], [ 120.19838, 23.00298 ] ] ], [ [ [ 120.19854, 23.00314 ], [ 120.19853, 23.00314 ], [ 120.19853, 23.00313 ], [ 120.19854, 23.00314 ] ] ], [ [ [ 120.19853, 23.0032 ], [ 120.19853, 23.00319 ], [ 120.19854, 23.00319 ], [ 120.19853, 23.0032 ] ] ], [ [ [ 120.19855, 23.00324 ], [ 120.19855, 23.00323 ], [ 120.19856, 23.00324 ], [ 120.19855, 23.00324 ] ] ], [ [ [ 120.19911, 23.00329 ], [ 120.1991, 23.00329 ], [ 120.1991, 23.00328 ], [ 120.19911, 23.00329 ] ] ], [ [ [ 120.19911, 23.00337 ], [ 120.1991, 23.00337 ], [ 120.1991, 23.00336 ], [ 120.19911, 23.00337 ] ] ], [ [ [ 120.19917, 23.00267 ], [ 120.19917, 23.00265 ], [ 120.19918, 23.00267 ], [ 120.19917, 23.00267 ] ] ], [ [ [ 120.19932, 23.00276 ], [ 120.19932, 23.00274 ], [ 120.19933, 23.00276 ], [ 120.19932, 23.00276 ] ] ], [ [ [ 120.19922, 23.00294 ], [ 120.19922, 23.00292 ], [ 120.19923, 23.00294 ], [ 120.19922, 23.00294 ] ] ], [ [ [ 120.19926, 23.00312 ], [ 120.19925, 23.00312 ], [ 120.19925, 23.0031 ], [ 120.19926, 23.00312 ] ] ], [ [ [ 120.19946, 23.00319 ], [ 120.19945, 23.00319 ], [ 120.19945, 23.00317 ], [ 120.19946, 23.00319 ] ] ], [ [ [ 120.19914, 23.00322 ], [ 120.19914, 23.0032 ], [ 120.19915, 23.00322 ], [ 120.19914, 23.00322 ] ] ], [ [ [ 120.19946, 23.00322 ], [ 120.19945, 23.00322 ], [ 120.19945, 23.0032 ], [ 120.19946, 23.00322 ] ] ], [ [ [ 120.19945, 23.00325 ], [ 120.19944, 23.00325 ], [ 120.19944, 23.00324 ], [ 120.19945, 23.00325 ] ] ], [ [ [ 120.19943, 23.00327 ], [ 120.19944, 23.00327 ], [ 120.19943, 23.00329 ], [ 120.19943, 23.00327 ] ] ], [ [ [ 120.19911, 23.00335 ], [ 120.1991, 23.00335 ], [ 120.1991, 23.00334 ], [ 120.19911, 23.00335 ] ] ], [ [ [ 120.19935, 23.00358 ], [ 120.19933, 23.00358 ], [ 120.19933, 23.00357 ], [ 120.19935, 23.00358 ] ] ] ] }, { "type": "GeometryCollection", "geometries": [ { "type": "Point", "coordinates": [ 120.1989, 23.00274 ] }, { "type": "LineString", "coordinates": [ [ 120.1986, 23.00285 ], [ 120.19859, 23.00285 ] ] }, { "type": "LineString", "coordinates": [ [ 120.19857, 23.00287 ], [ 120.19856, 23.00287 ] ] } ] }, { "type": "MultiPoint", "coordinates": [ [ 120.19862, 23.00284 ], [ 120.19864, 23.00283 ], [ 120.19885, 23.00276 ], [ 120.1992, 23.00263 ], [ 120.19943, 23.00361 ], [ 120.19951, 23.00364 ] ] } ] } },
{ "type": "Feature", "properties": { "park_id": 469, "scenario": "2026-07-21 11:00:00 CST", "solar_alt": 74.553791940997598, "solar_az": 96.018416276456904, "canopy_min": 2.0 }, "geometry": { "type": "GeometryCollection", "geometries": [ { "type": "MultiPolygon", "coordinates": [ [ [ [ 120.18607, 22.99148 ], [ 120.18608, 22.99148 ], [ 120.18608, 22.99149 ], [ 120.18607, 22.99148 ] ] ], [ [ [ 120.18604, 22.99153 ], [ 120.18605, 22.99153 ], [ 120.18605, 22.99154 ], [ 120.18604, 22.99153 ] ] ], [ [ [ 120.18611, 22.99178 ], [ 120.18612, 22.99178 ], [ 120.18612, 22.99179 ], [ 120.18611, 22.99178 ] ] ], [ [ [ 120.18609, 22.99179 ], [ 120.1861, 22.9918 ], [ 120.18609, 22.9918 ], [ 120.18609, 22.99179 ] ] ], [ [ [ 120.18611, 22.99184 ], [ 120.18609, 22.99181 ], [ 120.18611, 22.9918 ], [ 120.18611, 22.99184 ] ] ] ] }, { "type": "MultiLineString", "coordinates": [ [ [ 120.18629, 22.99121 ], [ 120.1863, 22.99121 ] ], [ [ 120.18578, 22.99139 ], [ 120.18578, 22.99138 ] ], [ [ 120.18605, 22.99151 ], [ 120.18606, 22.99151 ] ] ] }, { "type": "Point", "coordinates": [ 120.18602, 22.99124 ] } ] } },
{ "type": "Feature", "properties": { "park_id": 470, "scenario": "2026-07-21 11:00:00 CST", "solar_alt": 74.553791940997598, "solar_az": 96.018416276456904, "canopy_min": 2.0 }, "geometry": { "type": "Polygon", "coordinates": [ [ [ 120.17752, 23.22827 ], [ 120.17751, 23.22827 ], [ 120.17751, 23.22824 ], [ 120.17752, 23.22827 ] ] ] } },
{ "type": "Feature", "properties": { "park_id": 471, "scenario": "2026-07-21 11:00:00 CST", "solar_alt": 74.553791940997598, "solar_az": 96.018416276456904, "canopy_min": 2.0 }, "geometry": { "type": "GeometryCollection", "geometries": [ { "type": "MultiPolygon", "coordinates": [ [ [ [ 120.18132, 23.22938 ], [ 120.18131, 23.22939 ], [ 120.18131, 23.22938 ], [ 120.18132, 23.22938 ] ] ], [ [ [ 120.18133, 23.22947 ], [ 120.18133, 23.22941 ], [ 120.18134, 23.22947 ], [ 120.18133, 23.22947 ] ] ], [ [ [ 120.18152, 23.22945 ], [ 120.18152, 23.22943 ], [ 120.18153, 23.22945 ], [ 120.18152, 23.22945 ] ] ], [ [ [ 120.18134, 23.22948 ], [ 120.18135, 23.22949 ], [ 120.18134, 23.22949 ], [ 120.18134, 23.22948 ] ] ], [ [ [ 120.1812, 23.22964 ], [ 120.1812, 23.22962 ], [ 120.18121, 23.22964 ], [ 120.1812, 23.22964 ] ] ], [ [ [ 120.18118, 23.22966 ], [ 120.18118, 23.22965 ], [ 120.18119, 23.22966 ], [ 120.18118, 23.22966 ] ] ], [ [ [ 120.1816, 23.22906 ], [ 120.18161, 23.22904 ], [ 120.18161, 23.22906 ], [ 120.1816, 23.22906 ] ] ], [ [ [ 120.18161, 23.22911 ], [ 120.18161, 23.22908 ], [ 120.18162, 23.22911 ], [ 120.18161, 23.22911 ] ] ], [ [ [ 120.1816, 23.22915 ], [ 120.1816, 23.22914 ], [ 120.18161, 23.22915 ], [ 120.1816, 23.22915 ] ] ], [ [ [ 120.18155, 23.22921 ], [ 120.18156, 23.22922 ], [ 120.18155, 23.22922 ], [ 120.18155, 23.22921 ] ] ], [ [ [ 120.18168, 23.2295 ], [ 120.18168, 23.22949 ], [ 120.18169, 23.2295 ], [ 120.18168, 23.2295 ] ] ], [ [ [ 120.18167, 23.22956 ], [ 120.18167, 23.22951 ], [ 120.18168, 23.22956 ], [ 120.18167, 23.22956 ] ] ] ] }, { "type": "MultiLineString", "coordinates": [ [ [ 120.18152, 23.22939 ], [ 120.18153, 23.22939 ] ], [ [ 120.1816, 23.22911 ], [ 120.18161, 23.22911 ] ] ] } ] } },
{ "type": "Feature", "properties": { "park_id": 473, "scenario": "2026-07-21 11:00:00 CST", "solar_alt": 74.553791940997598, "solar_az": 96.018416276456904, "canopy_min": 2.0 }, "geometry": { "type": "GeometryCollection", "geometries": [ { "type": "GeometryCollection", "geometries": [ { "type": "LineString", "coordinates": [ [ 120.18943, 22.97408 ], [ 120.18943, 22.97407 ] ] }, { "type": "LineString", "coordinates": [ [ 120.18963, 22.97424 ], [ 120.18964, 22.97424 ] ] }, { "type": "Point", "coordinates": [ 120.18951, 22.97402 ] } ] }, { "type": "MultiPoint", "coordinates": [ [ 120.18946, 22.97405 ], [ 120.18948, 22.97404 ] ] } ] } },
{ "type": "Feature", "properties": { "park_id": 475, "scenario": "2026-07-21 11:00:00 CST", "solar_alt": 74.553791940997598, "solar_az": 96.018416276456904, "canopy_min": 2.0 }, "geometry": { "type": "GeometryCollection", "geometries": [ { "type": "MultiPolygon", "coordinates": [ [ [ [ 120.32642, 23.21613 ], [ 120.32643, 23.21611 ], [ 120.32643, 23.21613 ], [ 120.32642, 23.21613 ] ] ], [ [ [ 120.32437, 23.2169 ], [ 120.32437, 23.21695 ], [ 120.32436, 23.21695 ], [ 120.32437, 23.2169 ] ] ], [ [ [ 120.32436, 23.21696 ], [ 120.32437, 23.21697 ], [ 120.32436, 23.21697 ], [ 120.32436, 23.21696 ] ] ], [ [ [ 120.32447, 23.21737 ], [ 120.32445, 23.21736 ], [ 120.32447, 23.21729 ], [ 120.32447, 23.21737 ] ] ], [ [ [ 120.32447, 23.21738 ], [ 120.32447, 23.21737 ], [ 120.32448, 23.21738 ], [ 120.32447, 23.21738 ] ] ], [ [ [ 120.32556, 23.2176 ], [ 120.32557, 23.21761 ], [ 120.32556, 23.21761 ], [ 120.32556, 23.2176 ] ] ], [ [ [ 120.3269, 23.21618 ], [ 120.3269, 23.21621 ], [ 120.32687, 23.21622 ], [ 120.3269, 23.21618 ] ] ], [ [ [ 120.32671, 23.21705 ], [ 120.32671, 23.21701 ], [ 120.32672, 23.21705 ], [ 120.32671, 23.21705 ] ] ], [ [ [ 120.3267, 23.21707 ], [ 120.32671, 23.21705 ], [ 120.32671, 23.21707 ], [ 120.3267, 23.21707 ] ] ], [ [ [ 120.32669, 23.21709 ], [ 120.32669, 23.21707 ], [ 120.3267, 23.21709 ], [ 120.32669, 23.21709 ] ] ], [ [ [ 120.32669, 23.21713 ], [ 120.32669, 23.21712 ], [ 120.3267, 23.21713 ], [ 120.32669, 23.21713 ] ] ] ] }, { "type": "LineString", "coordinates": [ [ 120.32434, 23.21706 ], [ 120.32434, 23.21702 ] ] } ] } },
{ "type": "Feature", "properties": { "park_id": 476, "scenario": "2026-07-21 11:00:00 CST", "solar_alt": 74.553791940997598, "solar_az": 96.018416276456904, "canopy_min": 2.0 }, "geometry": { "type": "GeometryCollection", "geometries": [ { "type": "MultiPolygon", "coordinates": [ [ [ [ 120.26095, 23.23205 ], [ 120.26094, 23.23205 ], [ 120.26095, 23.23204 ], [ 120.26095, 23.23205 ] ] ], [ [ [ 120.26122, 23.2322 ], [ 120.26123, 23.2322 ], [ 120.26122, 23.23221 ], [ 120.26122, 23.2322 ] ] ], [ [ [ 120.26125, 23.23222 ], [ 120.26125, 23.23223 ], [ 120.26124, 23.23222 ], [ 120.26125, 23.23222 ] ] ], [ [ [ 120.26094, 23.23247 ], [ 120.26093, 23.23247 ], [ 120.26093, 23.23246 ], [ 120.26094, 23.23247 ] ] ], [ [ [ 120.26063, 23.23287 ], [ 120.26062, 23.23287 ], [ 120.26062, 23.23286 ], [ 120.26063, 23.23287 ] ] ], [ [ [ 120.2606, 23.23287 ], [ 120.2606, 23.2329 ], [ 120.26059, 23.23287 ], [ 120.2606, 23.23287 ] ] ], [ [ [ 120.26063, 23.23315 ], [ 120.26062, 23.23315 ], [ 120.26063, 23.23314 ], [ 120.26063, 23.23315 ] ] ], [ [ [ 120.26068, 23.23325 ], [ 120.26067, 23.2332 ], [ 120.26069, 23.23325 ], [ 120.26068, 23.23325 ] ] ], [ [ [ 120.26069, 23.23326 ], [ 120.26068, 23.23326 ], [ 120.26068, 23.23325 ], [ 120.26069, 23.23326 ] ] ], [ [ [ 120.26046, 23.23333 ], [ 120.26046, 23.23331 ], [ 120.26047, 23.23331 ], [ 120.26046, 23.23333 ] ] ], [ [ [ 120.26046, 23.23344 ], [ 120.26044, 23.23343 ], [ 120.26046, 23.23336 ], [ 120.26046, 23.23344 ] ] ], [ [ [ 120.26198, 23.23094 ], [ 120.26199, 23.23094 ], [ 120.26198, 23.23095 ], [ 120.26198, 23.23094 ] ] ], [ [ [ 120.26177, 23.23144 ], [ 120.26177, 23.2314 ], [ 120.26179, 23.23144 ], [ 120.26177, 23.23144 ] ] ], [ [ [ 120.26178, 23.23158 ], [ 120.26177, 23.23158 ], [ 120.26177, 23.23157 ], [ 120.26178, 23.23158 ] ] ], [ [ [ 120.26164, 23.2318 ], [ 120.26163, 23.2318 ], [ 120.26163, 23.23179 ], [ 120.26164, 23.2318 ] ] ], [ [ [ 120.26185, 23.23205 ], [ 120.26185, 23.23206 ], [ 120.26184, 23.23205 ], [ 120.26185, 23.23205 ] ] ], [ [ [ 120.26169, 23.23246 ], [ 120.26169, 23.23243 ], [ 120.26171, 23.23243 ], [ 120.26169, 23.23246 ] ] ], [ [ [ 120.26158, 23.23273 ], [ 120.26159, 23.23273 ], [ 120.26159, 23.23274 ], [ 120.26158, 23.23273 ] ] ], [ [ [ 120.26145, 23.23307 ], [ 120.26146, 23.23307 ], [ 120.26145, 23.23308 ], [ 120.26145, 23.23307 ] ] ], [ [ [ 120.26146, 23.2331 ], [ 120.26144, 23.2331 ], [ 120.26144, 23.23309 ], [ 120.26146, 23.2331 ] ] ], [ [ [ 120.26145, 23.23312 ], [ 120.26144, 23.23312 ], [ 120.26144, 23.23311 ], [ 120.26145, 23.23312 ] ] ] ] }, { "type": "GeometryCollection", "geometries": [ { "type": "Point", "coordinates": [ 120.26101, 23.23203 ] }, { "type": "LineString", "coordinates": [ [ 120.26092, 23.23205 ], [ 120.26091, 23.23205 ] ] }, { "type": "LineString", "coordinates": [ [ 120.26085, 23.23207 ], [ 120.26085, 23.23208 ] ] }, { "type": "LineString", "coordinates": [ [ 120.26164, 23.23171 ], [ 120.26165, 23.23171 ] ] }, { "type": "LineString", "coordinates": [ [ 120.26108, 23.23201 ], [ 120.26107, 23.23201 ] ] }, { "type": "LineString", "coordinates": [ [ 120.26199, 23.23098 ], [ 120.26198, 23.23098 ] ] }, { "type": "LineString", "coordinates": [ [ 120.26172, 23.23114 ], [ 120.26172, 23.23115 ] ] }, { "type": "LineString", "coordinates": [ [ 120.26169, 23.23124 ], [ 120.26169, 23.23123 ] ] } ] }, { "type": "MultiPoint", "coordinates": [ [ 120.26088, 23.23206 ], [ 120.26098, 23.23204 ], [ 120.26145, 23.23162 ], [ 120.26147, 23.23161 ], [ 120.26149, 23.23161 ], [ 120.26165, 23.23135 ], [ 120.26168, 23.23126 ], [ 120.26173, 23.23112 ], [ 120.26175, 23.23109 ], [ 120.26231, 23.2301 ], [ 120.26232, 23.23007 ], [ 120.26233, 23.23005 ] ] } ] } },
{ "type": "Feature", "properties": { "park_id": 477, "scenario": "2026-07-21 11:00:00 CST", "solar_alt": 74.553791940997598, "solar_az": 96.018416276456904, "canopy_min": 2.0 }, "geometry": { "type": "GeometryCollection", "geometries": [ { "type": "GeometryCollection", "geometries": [ { "type": "LineString", "coordinates": [ [ 120.22786, 23.00149 ], [ 120.22787, 23.00149 ] ] }, { "type": "Point", "coordinates": [ 120.2277, 23.00127 ] } ] }, { "type": "Point", "coordinates": [ 120.22796, 23.0015 ] } ] } },
{ "type": "Feature", "properties": { "park_id": 478, "scenario": "2026-07-21 11:00:00 CST", "solar_alt": 74.553791940997598, "solar_az": 96.018416276456904, "canopy_min": 2.0 }, "geometry": { "type": "MultiPolygon", "coordinates": [ [ [ [ 120.21573, 23.06717 ], [ 120.21574, 23.06717 ], [ 120.21574, 23.06718 ], [ 120.21573, 23.06717 ] ] ], [ [ [ 120.21572, 23.06724 ], [ 120.21572, 23.06725 ], [ 120.21571, 23.06725 ], [ 120.21572, 23.06724 ] ] ], [ [ [ 120.2157, 23.06727 ], [ 120.2157, 23.06728 ], [ 120.21569, 23.06728 ], [ 120.2157, 23.06727 ] ] ], [ [ [ 120.2157, 23.06729 ], [ 120.2157, 23.06731 ], [ 120.21569, 23.06731 ], [ 120.2157, 23.06729 ] ] ], [ [ [ 120.21568, 23.06735 ], [ 120.21567, 23.06735 ], [ 120.21568, 23.06732 ], [ 120.21568, 23.06735 ] ] ], [ [ [ 120.21562, 23.06745 ], [ 120.21564, 23.06745 ], [ 120.21563, 23.06747 ], [ 120.21562, 23.06745 ] ] ], [ [ [ 120.21564, 23.06747 ], [ 120.21564, 23.06748 ], [ 120.21563, 23.06748 ], [ 120.21563, 23.06747 ], [ 120.21564, 23.06747 ] ] ] ] } },
{ "type": "Feature", "properties": { "park_id": 480, "scenario": "2026-07-21 11:00:00 CST", "solar_alt": 74.553791940997598, "solar_az": 96.018416276456904, "canopy_min": 2.0 }, "geometry": { "type": "GeometryCollection", "geometries": [ { "type": "Polygon", "coordinates": [ [ [ 120.21589, 23.06217 ], [ 120.2159, 23.06218 ], [ 120.21589, 23.06218 ], [ 120.21589, 23.06217 ] ] ] }, { "type": "LineString", "coordinates": [ [ 120.21587, 23.06177 ], [ 120.21588, 23.06177 ] ] } ] } },
{ "type": "Feature", "properties": { "park_id": 482, "scenario": "2026-07-21 11:00:00 CST", "solar_alt": 74.553791940997598, "solar_az": 96.018416276456904, "canopy_min": 2.0 }, "geometry": { "type": "Polygon", "coordinates": [ [ [ 120.18826, 23.02939 ], [ 120.18825, 23.02939 ], [ 120.18825, 23.02937 ], [ 120.18826, 23.02939 ] ] ] } },
{ "type": "Feature", "properties": { "park_id": 483, "scenario": "2026-07-21 11:00:00 CST", "solar_alt": 74.553791940997598, "solar_az": 96.018416276456904, "canopy_min": 2.0 }, "geometry": { "type": "Polygon", "coordinates": [ [ [ 120.18068, 23.05306 ], [ 120.18067, 23.05306 ], [ 120.18067, 23.05305 ], [ 120.18068, 23.05306 ] ] ] } }
]
}
